{"parent":"item/handheld_rod","display":{"thirdperson_righthand":{"rotation":[28.0,90.0,0.0],"translation":[0.0,5.75,-1.5]},"thirdperson_lefthand":{"rotation":[28.0,-90.0,0.0],"translation":[0.0,5.75,-1.5]},"firstperson_righthand":{"rotation":[-25.0,90.0,0.0],"translation":[0.25,2.0,-3.75]},"firstperson_lefthand":{"rotation":[-25.0,-90.0,0.0],"translation":[0.25,2.0,-3.75]},"ground":{"translation":[0.0,3.0,0.0],"scale":[0.75,0.75,0.75]},"fixed":{"rotation":[0.0,180.0,0.0]}},"textures":{"layer0":"6c8251dd-2485-4451-a52d-8219f4f2dcab"},"gui_light":"front"}