{"model":{"type":"minecraft:range_dispatch","property":"minecraft:custom_model_data","entries":[{"threshold":50000.0,"model":{"model":"customfishing:item/fish/radioactive_fish","type":"minecraft:model"}},{"threshold":50001.0,"model":{"model":"customfishing:item/fish/tuna_fish","type":"minecraft:model"}},{"threshold":50002.0,"model":{"model":"customfishing:item/fish/tuna_fish_silver_star","type":"minecraft:model"}},{"threshold":50003.0,"model":{"model":"customfishing:item/fish/tuna_fish_golden_star","type":"minecraft:model"}},{"threshold":50004.0,"model":{"model":"customfishing:item/fish/pike_fish","type":"minecraft:model"}},{"threshold":50005.0,"model":{"model":"customfishing:item/fish/pike_fish_silver_star","type":"minecraft:model"}},{"threshold":50006.0,"model":{"model":"customfishing:item/fish/pike_fish_golden_star","type":"minecraft:model"}},{"threshold":50007.0,"model":{"model":"customfishing:item/fish/gold_fish","type":"minecraft:model"}},{"threshold":50008.0,"model":{"model":"customfishing:item/fish/gold_fish_silver_star","type":"minecraft:model"}},{"threshold":50009.0,"model":{"model":"customfishing:item/fish/gold_fish_golden_star","type":"minecraft:model"}},{"threshold":50010.0,"model":{"model":"customfishing:item/fish/perch_fish","type":"minecraft:model"}},{"threshold":50011.0,"model":{"model":"customfishing:item/fish/perch_fish_silver_star","type":"minecraft:model"}},{"threshold":50012.0,"model":{"model":"customfishing:item/fish/perch_fish_golden_star","type":"minecraft:model"}},{"threshold":50013.0,"model":{"model":"customfishing:item/fish/mullet_fish","type":"minecraft:model"}},{"threshold":50014.0,"model":{"model":"customfishing:item/fish/mullet_fish_silver_star","type":"minecraft:model"}},{"threshold":50015.0,"model":{"model":"customfishing:item/fish/mullet_fish_golden_star","type":"minecraft:model"}},{"threshold":50016.0,"model":{"model":"customfishing:item/fish/sardine_fish","type":"minecraft:model"}},{"threshold":50017.0,"model":{"model":"customfishing:item/fish/sardine_fish_silver_star","type":"minecraft:model"}},{"threshold":50018.0,"model":{"model":"customfishing:item/fish/sardine_fish_golden_star","type":"minecraft:model"}},{"threshold":50019.0,"model":{"model":"customfishing:item/fish/carp_fish","type":"minecraft:model"}},{"threshold":50020.0,"model":{"model":"customfishing:item/fish/carp_fish_silver_star","type":"minecraft:model"}},{"threshold":50021.0,"model":{"model":"customfishing:item/fish/carp_fish_golden_star","type":"minecraft:model"}},{"threshold":50022.0,"model":{"model":"customfishing:item/fish/cat_fish","type":"minecraft:model"}},{"threshold":50023.0,"model":{"model":"customfishing:item/fish/cat_fish_silver_star","type":"minecraft:model"}},{"threshold":50024.0,"model":{"model":"customfishing:item/fish/cat_fish_golden_star","type":"minecraft:model"}},{"threshold":50025.0,"model":{"model":"customfishing:item/fish/octopus_fish","type":"minecraft:model"}},{"threshold":50026.0,"model":{"model":"customfishing:item/fish/octopus_fish_silver_star","type":"minecraft:model"}},{"threshold":50027.0,"model":{"model":"customfishing:item/fish/octopus_fish_golden_star","type":"minecraft:model"}},{"threshold":50028.0,"model":{"model":"customfishing:item/fish/sunfish_fish","type":"minecraft:model"}},{"threshold":50029.0,"model":{"model":"customfishing:item/fish/sunfish_fish_silver_star","type":"minecraft:model"}},{"threshold":50030.0,"model":{"model":"customfishing:item/fish/sunfish_fish_golden_star","type":"minecraft:model"}},{"threshold":50031.0,"model":{"model":"customfishing:item/fish/red_spnapper_fish","type":"minecraft:model"}},{"threshold":50032.0,"model":{"model":"customfishing:item/fish/red_spnapper_silver_star","type":"minecraft:model"}},{"threshold":50033.0,"model":{"model":"customfishing:item/fish/red_spnapper_fish_golden_star","type":"minecraft:model"}},{"threshold":50034.0,"model":{"model":"customfishing:item/fish/salmon_void_fish","type":"minecraft:model"}},{"threshold":50035.0,"model":{"model":"customfishing:item/fish/salmon_void_silver_star","type":"minecraft:model"}},{"threshold":50036.0,"model":{"model":"customfishing:item/fish/salmon_void_fish_golden_star","type":"minecraft:model"}},{"threshold":50037.0,"model":{"model":"customfishing:item/fish/woodskip_fish","type":"minecraft:model"}},{"threshold":50038.0,"model":{"model":"customfishing:item/fish/woodskip_silver_star","type":"minecraft:model"}},{"threshold":50039.0,"model":{"model":"customfishing:item/fish/woodskip_fish_golden_star","type":"minecraft:model"}},{"threshold":50040.0,"model":{"model":"customfishing:item/fish/sturgeon_fish","type":"minecraft:model"}},{"threshold":50041.0,"model":{"model":"customfishing:item/fish/sturgeon_silver_star","type":"minecraft:model"}},{"threshold":50042.0,"model":{"model":"customfishing:item/fish/sturgeon_fish_golden_star","type":"minecraft:model"}},{"threshold":50043.0,"model":{"model":"customfishing:item/fish/blue_jellyfish","type":"minecraft:model"}},{"threshold":50044.0,"model":{"model":"customfishing:item/fish/blue_jellyfish_silver_star","type":"minecraft:model"}},{"threshold":50045.0,"model":{"model":"customfishing:item/fish/blue_jellyfish_golden_star","type":"minecraft:model"}},{"threshold":50046.0,"model":{"model":"customfishing:item/fish/pink_jellyfish","type":"minecraft:model"}},{"threshold":50047.0,"model":{"model":"customfishing:item/fish/pink_jellyfish_silver_star","type":"minecraft:model"}},{"threshold":50048.0,"model":{"model":"customfishing:item/fish/pink_jellyfish_golden_star","type":"minecraft:model"}},{"threshold":50100.0,"model":{"model":"customfishing:item/fish/rainbow_fish","type":"minecraft:model"}}],"scale":1.0,"fallback":{"type":"minecraft:model","model":"item/cod"}}}