{
  "sources": [
    {
      "type": "directory",
      "source": "items",
      "prefix": "items/"
    },
    {
      "type": "single",
      "resource": "nexo:item/nexo_armor/forest_helmet"
    },
    {
      "type": "single",
      "resource": "nexo:item/nexo_furniture/arm_chair"
    },
    {
      "type": "single",
      "resource": "nexo:item/nexo_furniture/arm_chair_dyeable"
    },
    {
      "type": "single",
      "resource": "nexo:item/nexo_furniture/coffee_table"
    },
    {
      "type": "single",
      "resource": "nexo:item/nexo_furniture/coffee_table_dyeable"
    },
    {
      "type": "single",
      "resource": "nexo:item/nexo_furniture/double_bed"
    },
    {
      "type": "single",
      "resource": "nexo:item/nexo_furniture/double_bed_dyeable"
    },
    {
      "type": "single",
      "resource": "nexo:item/nexo_furniture/end_table"
    },
    {
      "type": "single",
      "resource": "nexo:item/nexo_furniture/end_table"
    },
    {
      "type": "single",
      "resource": "nexo:item/nexo_furniture/sofa"
    },
    {
      "type": "single",
      "resource": "nexo:item/nexo_furniture/sofa_dyeable"
    },
    {
      "type": "single",
      "resource": "nexo:item/nexo_furniture/storage_chest"
    },
    {
      "type": "single",
      "resource": "nexo:item/nexo_furniture/table_lamp"
    },
    {
      "type": "single",
      "resource": "nexo:item/nexo_furniture/table_lamp"
    },
    {
      "type": "single",
      "resource": "nexo:item/nexo_furniture/table_lamp_dyeable"
    },
    {
      "type": "single",
      "resource": "nexo:item/nexo_furniture/table_lamp_dyeable"
    },
    {
      "type": "single",
      "resource": "nexo:item/nexo_tools/forest_axe"
    },
    {
      "type": "single",
      "resource": "nexo:item/nexo_tools/forest_axe"
    },
    {
      "type": "single",
      "resource": "nexo:item/nexo_tools/forest_hoe"
    },
    {
      "type": "single",
      "resource": "nexo:item/nexo_tools/forest_pickaxe"
    },
    {
      "type": "single",
      "resource": "nexo:item/nexo_tools/forest_shield"
    },
    {
      "type": "single",
      "resource": "nexo:item/nexo_tools/forest_shield"
    },
    {
      "type": "single",
      "resource": "nexo:item/nexo_tools/forest_shovel"
    },
    {
      "type": "single",
      "resource": "nexo:item/nexo_tools/forest_sword"
    },
    {
      "type": "single",
      "resource": "customfishing:item/fish/rainbow_fish"
    },
    {
      "type": "single",
      "resource": "customfishing:item/fish/tuna_fish"
    },
    {
      "type": "single",
      "resource": "customfishing:item/fish/gold_fish_golden_star"
    },
    {
      "type": "single",
      "resource": "customfishing:item/fish/tuna_fish_golden_star"
    },
    {
      "type": "single",
      "resource": "customfishing:item/fish/sardine_fish"
    },
    {
      "type": "single",
      "resource": "customfishing:item/fish/pike_fish_silver_star"
    },
    {
      "type": "single",
      "resource": "customfishing:item/fish/mullet_fish_silver_star"
    },
    {
      "type": "single",
      "resource": "customfishing:item/fish/octopus_fish"
    },
    {
      "type": "single",
      "resource": "customfishing:item/fish/perch_fish"
    },
    {
      "type": "single",
      "resource": "customfishing:item/fish/red_spnapper_fish_golden_star"
    },
    {
      "type": "single",
      "resource": "customfishing:item/fish/salmon_void_fish_silver_star"
    },
    {
      "type": "single",
      "resource": "customfishing:item/fish/gold_fish_silver_star"
    },
    {
      "type": "single",
      "resource": "customfishing:item/fish/red_spnapper_fish_silver_star"
    },
    {
      "type": "single",
      "resource": "customfishing:item/fish/salmon_void_fish_golden_star"
    },
    {
      "type": "single",
      "resource": "customfishing:item/fish/sturgeon_fish_golden_star"
    },
    {
      "type": "single",
      "resource": "customfishing:item/fish/pike_fish_golden_star"
    },
    {
      "type": "single",
      "resource": "customfishing:item/fish/mullet_fish"
    },
    {
      "type": "single",
      "resource": "customfishing:item/fish/blue_jellyfish_silver_star"
    },
    {
      "type": "single",
      "resource": "customfishing:item/fish/sunfish_fish_silver_star"
    },
    {
      "type": "single",
      "resource": "customfishing:item/fish/pink_jellyfish"
    },
    {
      "type": "single",
      "resource": "customfishing:item/fish/carp_fish"
    },
    {
      "type": "single",
      "resource": "customfishing:item/fish/octopus_fish_silver_star"
    },
    {
      "type": "single",
      "resource": "customfishing:item/fish/blue_jellyfish_golden_star"
    },
    {
      "type": "single",
      "resource": "customfishing:item/fish/perch_fish_golden_star"
    },
    {
      "type": "single",
      "resource": "customfishing:item/fish/red_spnapper_fish"
    },
    {
      "type": "single",
      "resource": "customfishing:item/fish/carp_fish_golden_star"
    },
    {
      "type": "single",
      "resource": "customfishing:item/fish/sunfish_fish"
    },
    {
      "type": "single",
      "resource": "customfishing:item/fish/mullet_fish_golden_star"
    },
    {
      "type": "single",
      "resource": "customfishing:item/fish/cat_fish"
    },
    {
      "type": "single",
      "resource": "customfishing:item/fish/sardine_fish_golden_star"
    },
    {
      "type": "single",
      "resource": "customfishing:item/fish/tuna_fish_silver_star"
    },
    {
      "type": "single",
      "resource": "customfishing:item/fish/carp_fish_silver_star"
    },
    {
      "type": "single",
      "resource": "customfishing:item/fish/pink_jellyfish_silver_star"
    },
    {
      "type": "single",
      "resource": "customfishing:item/fish/sturgeon_fish"
    },
    {
      "type": "single",
      "resource": "customfishing:item/fish/pike_fish"
    },
    {
      "type": "single",
      "resource": "customfishing:item/fish/blue_jellyfish"
    },
    {
      "type": "single",
      "resource": "customfishing:item/fish/woodskip_fish"
    },
    {
      "type": "single",
      "resource": "customfishing:item/fish/gold_fish"
    },
    {
      "type": "single",
      "resource": "customfishing:item/fish/salmon_void_fish"
    },
    {
      "type": "single",
      "resource": "customfishing:item/fish/radioactive_fish"
    },
    {
      "type": "single",
      "resource": "customfishing:item/fish/sardine_fish_silver_star"
    },
    {
      "type": "single",
      "resource": "customfishing:item/fish/cat_fish_golden_star"
    },
    {
      "type": "single",
      "resource": "customfishing:item/fish/pink_jellyfish_golden_star"
    },
    {
      "type": "single",
      "resource": "customfishing:item/fish/woodskip_fish_golden_star"
    },
    {
      "type": "single",
      "resource": "customfishing:item/fish/octopus_fish_golden_star"
    },
    {
      "type": "single",
      "resource": "customfishing:item/fish/cat_fish_silver_star"
    },
    {
      "type": "single",
      "resource": "customfishing:item/fish/perch_fish_silver_star"
    },
    {
      "type": "single",
      "resource": "customfishing:item/fish/sturgeon_fish_silver_star"
    },
    {
      "type": "single",
      "resource": "customfishing:item/fish/sunfish_fish_golden_star"
    },
    {
      "type": "single",
      "resource": "customfishing:item/fish/woodskip_fish_silver_star"
    },
    {
      "type": "single",
      "resource": "customfishing:item/hook/delicate_hook"
    },
    {
      "type": "single",
      "resource": "customfishing:item/bait/simple_bait"
    },
    {
      "type": "single",
      "resource": "customfishing:item/bait/wild_bait"
    },
    {
      "type": "single",
      "resource": "customfishing:item/bait/magnetic_bait"
    },
    {
      "type": "single",
      "resource": "customfishing:item/rod/magical_rod_cast"
    },
    {
      "type": "single",
      "resource": "customfishing:item/rod/golden_rod_cast"
    },
    {
      "type": "single",
      "resource": "customfishing:item/rod/star_rod_cast"
    },
    {
      "type": "single",
      "resource": "customfishing:item/rod/beginner_rod"
    },
    {
      "type": "single",
      "resource": "customfishing:item/rod/beginner_rod_cast"
    },
    {
      "type": "single",
      "resource": "customfishing:item/rod/golden_rod"
    },
    {
      "type": "single",
      "resource": "customfishing:item/rod/silver_rod_cast"
    },
    {
      "type": "single",
      "resource": "customfishing:item/rod/master_rod_cast"
    },
    {
      "type": "single",
      "resource": "customfishing:item/rod/silver_rod"
    },
    {
      "type": "single",
      "resource": "customfishing:item/rod/bone_rod_cast"
    },
    {
      "type": "single",
      "resource": "customfishing:item/rod/star_rod"
    },
    {
      "type": "single",
      "resource": "customfishing:item/rod/magical_rod"
    },
    {
      "type": "single",
      "resource": "customfishing:item/rod/bone_rod"
    },
    {
      "type": "single",
      "resource": "customfishing:item/rod/master_rod"
    },
    {
      "type": "single",
      "resource": "customfishing:item/util/animated_splash"
    },
    {
      "type": "single",
      "resource": "customfishing:item/util/animated_splash"
    },
    {
      "type": "single",
      "resource": "customfishing:item/util/animated_splash_lava"
    },
    {
      "type": "single",
      "resource": "customfishing:item/util/animated_splash_lava"
    },
    {
      "type": "single",
      "resource": "customfishing:item/util/fishfinder"
    },
    {
      "type": "single",
      "resource": "item/diamond_hoe"
    },
    {
      "type": "single",
      "resource": "void_fishing_hat_tier_4"
    },
    {
      "type": "single",
      "resource": "void_fishing_hat_tier_3"
    },
    {
      "type": "single",
      "resource": "void_fishing_hat_tier_2"
    },
    {
      "type": "single",
      "resource": "items/void_armor_hat_texture/void_fishing_hat_tier_1"
    },
    {
      "type": "single",
      "resource": "void_fishing_hat_tier_5"
    },
    {
      "type": "single",
      "resource": "items/slots/boots"
    },
    {
      "type": "single",
      "resource": "items/slots/ring1"
    },
    {
      "type": "single",
      "resource": "items/slots/ring2"
    },
    {
      "type": "single",
      "resource": "items/slots/amulet"
    },
    {
      "type": "single",
      "resource": "items/slots/bracelet"
    },
    {
      "type": "single",
      "resource": "items/slots/mainhand"
    },
    {
      "type": "single",
      "resource": "items/slots/helmet"
    },
    {
      "type": "single",
      "resource": "items/slots/artifact1"
    },
    {
      "type": "single",
      "resource": "items/slots/artifact2"
    },
    {
      "type": "single",
      "resource": "items/slots/fill"
    },
    {
      "type": "single",
      "resource": "items/slots/leggings"
    },
    {
      "type": "single",
      "resource": "items/slots/gloves"
    },
    {
      "type": "single",
      "resource": "items/slots/artifact3"
    },
    {
      "type": "single",
      "resource": "items/slots/chestplate"
    },
    {
      "type": "single",
      "resource": "items/slots/offhand"
    },
    {
      "type": "single",
      "resource": "items/void_rod_pngs/void_fishing_rod_tier_2_cast"
    },
    {
      "type": "single",
      "resource": "items/void_rod_pngs/void_fishing_rod_tier_3"
    },
    {
      "type": "single",
      "resource": "items/void_rod_pngs/void_fishing_rod_tier_3_cast"
    },
    {
      "type": "single",
      "resource": "items/void_rod_pngs/void_fishing_rod_tier_4_cast"
    },
    {
      "type": "single",
      "resource": "items/void_rod_pngs/void_fishing_rod_tier_4"
    },
    {
      "type": "single",
      "resource": "items/void_rod_pngs/void_fishing_rod_tier_1_cast"
    },
    {
      "type": "single",
      "resource": "items/void_rod_pngs/void_fishing_rod_tier_5_cast"
    },
    {
      "type": "single",
      "resource": "items/void_rod_pngs/void_fishing_rod_tier_2"
    },
    {
      "type": "single",
      "resource": "items/void_rod_pngs/void_fishing_rod_tier_5"
    },
    {
      "type": "single",
      "resource": "items/void_rod_pngs/void_fishing_rod_tier_1"
    },
    {
      "type": "single",
      "resource": "item/cod"
    },
    {
      "type": "single",
      "resource": "item/fishing_rod"
    },
    {
      "type": "single",
      "resource": "item/paper"
    },
    {
      "type": "single",
      "resource": "item/shears"
    },
    {
      "type": "single",
      "resource": "item/echo_shard"
    },
    {
      "type": "single",
      "resource": "block/sunflower_front"
    },
    {
      "type": "single",
      "resource": "item/potion_overlay"
    },
    {
      "type": "single",
      "resource": "item/potion"
    },
    {
      "type": "single",
      "resource": "item/angler_pottery_sherd"
    },
    {
      "type": "single",
      "resource": "item/chain"
    },
    {
      "type": "single",
      "resource": "item/light_gray_dye"
    },
    {
      "type": "single",
      "resource": "item/rabbit_foot"
    },
    {
      "type": "single",
      "resource": "item/amethyst_shard"
    },
    {
      "type": "single",
      "resource": "item/netherite_pickaxe"
    },
    {
      "type": "single",
      "resource": "item/heart_of_the_sea"
    },
    {
      "type": "single",
      "resource": "item/chainmail_helmet"
    },
    {
      "type": "single",
      "resource": "item/chainmail_chestplate"
    },
    {
      "type": "single",
      "resource": "item/chainmail_leggings"
    },
    {
      "type": "single",
      "resource": "item/chainmail_boots"
    },
    {
      "type": "single",
      "resource": "item/tipped_arrow_head"
    },
    {
      "type": "single",
      "resource": "item/tipped_arrow_base"
    },
    {
      "type": "single",
      "resource": "item/netherite_axe"
    },
    {
      "type": "single",
      "resource": "item/netherite_hoe"
    },
    {
      "type": "single",
      "resource": "item/netherite_shovel"
    },
    {
      "type": "single",
      "resource": "item/netherite_sword"
    },
    {
      "type": "single",
      "resource": "block/dark_oak_planks"
    },
    {
      "type": "single",
      "resource": "items/amulets/common_amulet"
    },
    {
      "type": "single",
      "resource": "items/amulets/uncommon_amulet"
    },
    {
      "type": "single",
      "resource": "items/amulets/rare_amulet"
    },
    {
      "type": "single",
      "resource": "items/amulets/epic_amulet"
    },
    {
      "type": "single",
      "resource": "items/amulets/legendary_amulet"
    },
    {
      "type": "single",
      "resource": "items/amulets/mystic_amulet"
    },
    {
      "type": "single",
      "resource": "items/clover/common_clover"
    },
    {
      "type": "single",
      "resource": "items/clover/uncommon_clover"
    },
    {
      "type": "single",
      "resource": "items/clover/rare_clover"
    },
    {
      "type": "single",
      "resource": "items/clover/epic_clover"
    },
    {
      "type": "single",
      "resource": "items/clover/legendary_clover"
    },
    {
      "type": "single",
      "resource": "items/clover/mystic_clover"
    },
    {
      "type": "single",
      "resource": "items/clover/void_clover"
    },
    {
      "type": "single",
      "resource": "items/clover/common_hourglass"
    },
    {
      "type": "single",
      "resource": "items/clover/uncommon_hourglass"
    },
    {
      "type": "single",
      "resource": "items/clover/rare_hourglass"
    },
    {
      "type": "single",
      "resource": "items/clover/epic_hourglass"
    },
    {
      "type": "single",
      "resource": "items/clover/legendary_hourglass"
    },
    {
      "type": "single",
      "resource": "items/clover/mythic_hourglass"
    },
    {
      "type": "single",
      "resource": "items/clover/void_hourglass"
    },
    {
      "type": "single",
      "resource": "items/consumable/rainbow_bottle"
    },
    {
      "type": "single",
      "resource": "items/artifacts/common_artifact"
    },
    {
      "type": "single",
      "resource": "items/artifacts/uncommon_artifact"
    },
    {
      "type": "single",
      "resource": "items/artifacts/rare_artifact"
    },
    {
      "type": "single",
      "resource": "items/artifacts/epic_artifact"
    },
    {
      "type": "single",
      "resource": "items/artifacts/legendary_artifact"
    },
    {
      "type": "single",
      "resource": "items/artifacts/mythic_artifact"
    },
    {
      "type": "single",
      "resource": "items/bracelet/common_bracelet"
    },
    {
      "type": "single",
      "resource": "items/bracelet/uncommon_bracelet"
    },
    {
      "type": "single",
      "resource": "items/bracelet/rare_bracelet"
    },
    {
      "type": "single",
      "resource": "items/bracelet/epic_bracelet"
    },
    {
      "type": "single",
      "resource": "items/bracelet/legendary_bracelet"
    },
    {
      "type": "single",
      "resource": "items/bracelet/mystic_bracelet"
    },
    {
      "type": "single",
      "resource": "items/gems/common_gem"
    },
    {
      "type": "single",
      "resource": "items/gems/uncommon_gem"
    },
    {
      "type": "single",
      "resource": "items/gems/rare_gem"
    },
    {
      "type": "single",
      "resource": "items/gems/epic_gem"
    },
    {
      "type": "single",
      "resource": "items/gems/legendary_gem"
    },
    {
      "type": "single",
      "resource": "items/gems/void_gem"
    },
    {
      "type": "single",
      "resource": "items/glove/common_glove"
    },
    {
      "type": "single",
      "resource": "items/glove/uncommon_glove"
    },
    {
      "type": "single",
      "resource": "items/glove/rare_glove"
    },
    {
      "type": "single",
      "resource": "items/glove/epic_glove"
    },
    {
      "type": "single",
      "resource": "items/glove/legendary_glove"
    },
    {
      "type": "single",
      "resource": "items/glove/mystic_glove"
    },
    {
      "type": "single",
      "resource": "items/mining/mining_shard"
    },
    {
      "type": "single",
      "resource": "items/mining/uncommon_pickaxe_tier_1"
    },
    {
      "type": "single",
      "resource": "items/mining/uncommon_pickaxe_tier_2"
    },
    {
      "type": "single",
      "resource": "items/mining/rare_pickaxe_tier_1"
    },
    {
      "type": "single",
      "resource": "items/mining/rare_pickaxe_tier_2"
    },
    {
      "type": "single",
      "resource": "items/mining/epic_pickaxe_tier_1"
    },
    {
      "type": "single",
      "resource": "items/mining/epic_pickaxe_tier_2"
    },
    {
      "type": "single",
      "resource": "items/mining/legendary_pickaxe_tier_1"
    },
    {
      "type": "single",
      "resource": "items/mining/legendary_pickaxe_tier_2"
    },
    {
      "type": "single",
      "resource": "items/mining/mythic_pickaxe_tier_1"
    },
    {
      "type": "single",
      "resource": "items/mining/mythic_pickaxe_tier_2"
    },
    {
      "type": "single",
      "resource": "items/voidpickaxe/void_pickaxe_tier_1"
    },
    {
      "type": "single",
      "resource": "items/voidpickaxe/void_pickaxe_tier_2"
    },
    {
      "type": "single",
      "resource": "items/voidpickaxe/void_pickaxe_tier_3"
    },
    {
      "type": "single",
      "resource": "items/voidpickaxe/void_pickaxe_tier_4"
    },
    {
      "type": "single",
      "resource": "items/voidpickaxe/void_pickaxe_tier_5"
    },
    {
      "type": "single",
      "resource": "items/voidpickaxe/void_pickaxe_tier_6"
    },
    {
      "type": "single",
      "resource": "items/rings/common_ring"
    },
    {
      "type": "single",
      "resource": "items/rings/uncommon_ring"
    },
    {
      "type": "single",
      "resource": "items/rings/rare_ring"
    },
    {
      "type": "single",
      "resource": "items/rings/epic_ring"
    },
    {
      "type": "single",
      "resource": "items/rings/legendary_ring"
    },
    {
      "type": "single",
      "resource": "items/rings/mystic_ring"
    },
    {
      "type": "single",
      "resource": "items/void_shard"
    },
    {
      "type": "single",
      "resource": "items/upgradestones/common_stone"
    },
    {
      "type": "single",
      "resource": "items/upgradestones/uncommon_stone"
    },
    {
      "type": "single",
      "resource": "items/upgradestones/rare_stone"
    },
    {
      "type": "single",
      "resource": "items/upgradestones/epic_stone"
    },
    {
      "type": "single",
      "resource": "items/upgradestones/legendary_stone"
    },
    {
      "type": "single",
      "resource": "items/upgradestones/mythic_stone"
    },
    {
      "type": "single",
      "resource": "items/upgradestones/void_stone"
    },
    {
      "type": "single",
      "resource": "nexo:item/nexo_armor/forest_chestplate"
    },
    {
      "type": "single",
      "resource": "nexo:item/nexo_armor/forest_leggings"
    },
    {
      "type": "single",
      "resource": "nexo:item/nexo_armor/forest_boots"
    },
    {
      "type": "single",
      "resource": "required/arrow_next_icon"
    },
    {
      "type": "single",
      "resource": "required/arrow_previous_icon"
    },
    {
      "type": "single",
      "resource": "required/cancel_icon"
    }
  ]
}