{
  "sources": [
    {
      "type": "directory",
      "source": "items",
      "prefix": "items/"
    },
    {
      "type": "single",
      "resource": "nexo:d390856d-edc1-4d57-9747-4e69da3a5fa0"
    },
    {
      "type": "single",
      "resource": "nexo:9fd5ef81-b6fd-4d85-a5f3-6b8d5ec96e24"
    },
    {
      "type": "single",
      "resource": "nexo:0b211465-959f-4ed4-b083-7a923334cab4"
    },
    {
      "type": "single",
      "resource": "nexo:5046c186-c91b-41df-a977-bec28d1b1c45"
    },
    {
      "type": "single",
      "resource": "nexo:cf0f78c0-5412-498c-b193-3e05e315efc3"
    },
    {
      "type": "single",
      "resource": "nexo:8e075b32-bd24-4409-b9de-b94116397e59"
    },
    {
      "type": "single",
      "resource": "nexo:b021e044-095a-4d40-8798-f7b58ff938a6"
    },
    {
      "type": "single",
      "resource": "nexo:399e1b0d-39a4-4b64-9fc0-7ee77e9600e9"
    },
    {
      "type": "single",
      "resource": "nexo:399e1b0d-39a4-4b64-9fc0-7ee77e9600e9"
    },
    {
      "type": "single",
      "resource": "nexo:139f8ef3-940a-422d-a5ae-fe6e47903413"
    },
    {
      "type": "single",
      "resource": "nexo:34e2ccc2-49fe-4986-b5de-c55cbbf34997"
    },
    {
      "type": "single",
      "resource": "nexo:9277fc35-02a3-4cfc-810e-5df805bc38a2"
    },
    {
      "type": "single",
      "resource": "nexo:7723dcee-de79-41db-8f80-668699ddf938"
    },
    {
      "type": "single",
      "resource": "nexo:7723dcee-de79-41db-8f80-668699ddf938"
    },
    {
      "type": "single",
      "resource": "nexo:9398532d-f977-46ee-aa07-8d53e4c6b5b8"
    },
    {
      "type": "single",
      "resource": "nexo:9398532d-f977-46ee-aa07-8d53e4c6b5b8"
    },
    {
      "type": "single",
      "resource": "nexo:f4869444-163f-4613-b30e-377fd1c6dfb0"
    },
    {
      "type": "single",
      "resource": "nexo:f4869444-163f-4613-b30e-377fd1c6dfb0"
    },
    {
      "type": "single",
      "resource": "nexo:54ffceb7-80f1-4755-8f58-db29ad4d6530"
    },
    {
      "type": "single",
      "resource": "nexo:7097865e-377e-4aed-a4f1-b2267050c089"
    },
    {
      "type": "single",
      "resource": "nexo:32fb788b-fd87-422e-933c-1b8c1a8e740d"
    },
    {
      "type": "single",
      "resource": "nexo:32fb788b-fd87-422e-933c-1b8c1a8e740d"
    },
    {
      "type": "single",
      "resource": "nexo:9f0afbd1-e65b-4675-8244-a2db17f183fb"
    },
    {
      "type": "single",
      "resource": "nexo:9dc094fa-8ddc-4cf6-9bda-6d340b7d1f05"
    },
    {
      "type": "single",
      "resource": "customfishing:3a423b74-d546-4d7e-8001-a07098bcf5a9"
    },
    {
      "type": "single",
      "resource": "customfishing:ebfa29e7-0662-40ae-89df-1881fc8bb77d"
    },
    {
      "type": "single",
      "resource": "customfishing:e8ef690f-4335-4bb9-9669-b644e925c237"
    },
    {
      "type": "single",
      "resource": "customfishing:668009d3-07c6-4cae-8eff-97543cc7e875"
    },
    {
      "type": "single",
      "resource": "customfishing:7d3ab6e2-eac5-492c-a032-b0b926d647ec"
    },
    {
      "type": "single",
      "resource": "customfishing:8f7ea86f-9d0c-4c5e-ae6f-a59da178c116"
    },
    {
      "type": "single",
      "resource": "customfishing:185fb989-b5a8-43a0-8f99-5617c43e75ca"
    },
    {
      "type": "single",
      "resource": "customfishing:b479690a-70fa-4d24-ad20-70910fa3be8c"
    },
    {
      "type": "single",
      "resource": "customfishing:fc67211a-e480-48b7-ab60-d9fd58570157"
    },
    {
      "type": "single",
      "resource": "customfishing:51a9a693-0718-41f2-97da-1d1241af00bf"
    },
    {
      "type": "single",
      "resource": "customfishing:ef53272e-92ef-48f6-a8b9-afb7c7c07d4d"
    },
    {
      "type": "single",
      "resource": "customfishing:ef3385de-8ccf-4ea4-99c4-146548e5ed58"
    },
    {
      "type": "single",
      "resource": "customfishing:5415d6fd-8e8e-46dd-b5f9-4c30cbdafa19"
    },
    {
      "type": "single",
      "resource": "customfishing:43fb5f1f-c2e3-4d05-b332-0c57c5fa821d"
    },
    {
      "type": "single",
      "resource": "customfishing:a309b763-63b6-422c-93fe-716401f235eb"
    },
    {
      "type": "single",
      "resource": "customfishing:2a2f6aa7-bbf4-4a85-a197-91b5241d8cc2"
    },
    {
      "type": "single",
      "resource": "customfishing:5c2555bb-5ff1-4ac2-b61d-c5edd5e22ac0"
    },
    {
      "type": "single",
      "resource": "customfishing:2a14c73b-2e03-4168-825a-f15e519d4eff"
    },
    {
      "type": "single",
      "resource": "customfishing:25d20db2-3f4f-41eb-a3bc-5cc452a30863"
    },
    {
      "type": "single",
      "resource": "customfishing:13c3f25d-7f96-4a2b-b11b-b11995aa851f"
    },
    {
      "type": "single",
      "resource": "customfishing:b7a5cc04-a470-47b0-879e-c1d944331e71"
    },
    {
      "type": "single",
      "resource": "customfishing:43eadf02-b6f0-428b-8dd7-fb8625a1d3ee"
    },
    {
      "type": "single",
      "resource": "customfishing:c217f1e6-a6df-4b7d-b4d1-ea1c388937aa"
    },
    {
      "type": "single",
      "resource": "customfishing:b5776113-a4b5-47fd-88b0-c0547e8eba91"
    },
    {
      "type": "single",
      "resource": "customfishing:b945b5fe-3e83-4255-89c4-26db82957e1e"
    },
    {
      "type": "single",
      "resource": "customfishing:388938a7-97a6-44c4-92ed-d2c74e94afea"
    },
    {
      "type": "single",
      "resource": "customfishing:3c26c9b5-e377-4879-8900-9f0d85ab2276"
    },
    {
      "type": "single",
      "resource": "customfishing:c61dc080-8923-4f12-8660-98dc5dcca618"
    },
    {
      "type": "single",
      "resource": "customfishing:ac4f5219-0fb2-4630-b634-73efd400e6f5"
    },
    {
      "type": "single",
      "resource": "customfishing:504a8b01-2d5c-47cd-ab91-6727f0d47292"
    },
    {
      "type": "single",
      "resource": "customfishing:10874029-75e6-46c2-b221-85cbe51be9b5"
    },
    {
      "type": "single",
      "resource": "customfishing:898e1afb-589e-49ae-8dbc-1d8ca50c03fb"
    },
    {
      "type": "single",
      "resource": "customfishing:49889cfd-eca6-4ae1-8b8f-f20d767c7b28"
    },
    {
      "type": "single",
      "resource": "customfishing:268dc86b-abc7-4579-8db5-16b11db5d210"
    },
    {
      "type": "single",
      "resource": "customfishing:4386714a-0de1-4fb0-8fd0-6d11575a4567"
    },
    {
      "type": "single",
      "resource": "customfishing:843d09ff-bf69-4e03-8089-bafa5d32d5f1"
    },
    {
      "type": "single",
      "resource": "customfishing:74a57fb3-dea1-4342-901a-5765a878f965"
    },
    {
      "type": "single",
      "resource": "customfishing:591765f9-8b7c-4de8-a96c-c32e50143d94"
    },
    {
      "type": "single",
      "resource": "customfishing:0bbefc94-bc2b-40e2-8f24-ad79d2556580"
    },
    {
      "type": "single",
      "resource": "customfishing:104583ee-d8a1-4363-a72d-070bc591e5f9"
    },
    {
      "type": "single",
      "resource": "customfishing:da047d67-9e24-4d09-af93-0c0a62c5c49b"
    },
    {
      "type": "single",
      "resource": "customfishing:f93fca3c-0aa5-4295-8239-c4e8aceb0633"
    },
    {
      "type": "single",
      "resource": "customfishing:dce31fc9-8338-4a05-bd3f-2e9800042b8e"
    },
    {
      "type": "single",
      "resource": "customfishing:810cb38a-6d93-4922-8bc5-c7b42434a962"
    },
    {
      "type": "single",
      "resource": "customfishing:25b324bf-a074-4c8e-802a-fd80e727ad84"
    },
    {
      "type": "single",
      "resource": "customfishing:34d3b667-6e15-4f37-a556-0f1d65c301ad"
    },
    {
      "type": "single",
      "resource": "customfishing:7e32c194-a660-443c-ae2f-4c99c4e8936b"
    },
    {
      "type": "single",
      "resource": "customfishing:c3cfd75b-afd5-471c-b3e4-1ce296ed18fa"
    },
    {
      "type": "single",
      "resource": "customfishing:a1904ee4-a978-4d5e-9d13-a6c5533f6abc"
    },
    {
      "type": "single",
      "resource": "customfishing:56120f6d-f23b-4afc-a633-f7197107efd6"
    },
    {
      "type": "single",
      "resource": "customfishing:caa22e9a-8994-4080-a942-94c46ac83758"
    },
    {
      "type": "single",
      "resource": "customfishing:95f827f5-c329-4f55-924b-69cb31d6ca37"
    },
    {
      "type": "single",
      "resource": "customfishing:9a377405-90c3-4127-89e3-b5e57325fc0c"
    },
    {
      "type": "single",
      "resource": "customfishing:a5d5d64d-4027-4fde-b875-8f322244f34f"
    },
    {
      "type": "single",
      "resource": "customfishing:7c6e360f-961a-40e6-b1eb-f0e4e7f0a9b9"
    },
    {
      "type": "single",
      "resource": "customfishing:5025917e-338d-46e0-9c18-5545005036ad"
    },
    {
      "type": "single",
      "resource": "customfishing:2301316a-8997-468e-80f6-ffcf5d8fb0fc"
    },
    {
      "type": "single",
      "resource": "customfishing:0425de5e-a494-4240-8792-49a5cf6b5f7b"
    },
    {
      "type": "single",
      "resource": "customfishing:5e849c81-2934-44a8-b402-5cc97a887f27"
    },
    {
      "type": "single",
      "resource": "customfishing:7c5009c4-dc32-44a8-b3f1-e4fab508248f"
    },
    {
      "type": "single",
      "resource": "customfishing:cfd760f1-3ae5-442a-95c6-4766bd4c4a71"
    },
    {
      "type": "single",
      "resource": "customfishing:d4255368-5568-4d94-825b-fe4ec562dfb6"
    },
    {
      "type": "single",
      "resource": "customfishing:93a9d545-09ee-4c8a-8d83-8320259b95c2"
    },
    {
      "type": "single",
      "resource": "customfishing:66a24ee8-a795-497f-addb-9adf7fbe8891"
    },
    {
      "type": "single",
      "resource": "customfishing:2679c8bf-19f5-42d0-8b90-05fd96e6be3a"
    },
    {
      "type": "single",
      "resource": "customfishing:7846e1cd-425c-48ca-a069-cc884712cf9c"
    },
    {
      "type": "single",
      "resource": "customfishing:af4137a8-3349-4603-9fcb-eaa00ab962d3"
    },
    {
      "type": "single",
      "resource": "customfishing:b1e2a575-56fc-45fa-a2c0-949f6259e35a"
    },
    {
      "type": "single",
      "resource": "customfishing:8d13da74-11be-4797-80a8-cd33ee409a90"
    },
    {
      "type": "single",
      "resource": "customfishing:8d13da74-11be-4797-80a8-cd33ee409a90"
    },
    {
      "type": "single",
      "resource": "customfishing:b510a6aa-7ccb-4945-ad9a-c1f634bff1ef"
    },
    {
      "type": "single",
      "resource": "customfishing:b510a6aa-7ccb-4945-ad9a-c1f634bff1ef"
    },
    {
      "type": "single",
      "resource": "customfishing:05abf8e2-bab2-4a69-bd87-ce14208d7978"
    },
    {
      "type": "single",
      "resource": "item/diamond_hoe"
    },
    {
      "type": "single",
      "resource": "void_fishing_hat_tier_4"
    },
    {
      "type": "single",
      "resource": "void_fishing_hat_tier_3"
    },
    {
      "type": "single",
      "resource": "void_fishing_hat_tier_2"
    },
    {
      "type": "single",
      "resource": "b32a21ec-502a-4ad0-905f-9d2ad6768b6d"
    },
    {
      "type": "single",
      "resource": "void_fishing_hat_tier_5"
    },
    {
      "type": "single",
      "resource": "d63bb1f8-4230-428e-b057-7ab7af328824"
    },
    {
      "type": "single",
      "resource": "35d55c9e-87a8-4e6d-9cfd-5fb884473b41"
    },
    {
      "type": "single",
      "resource": "528ec7dc-039c-4f99-b050-8c705bb6d389"
    },
    {
      "type": "single",
      "resource": "d102dc6e-1916-47b4-bd0a-d3961aa5b262"
    },
    {
      "type": "single",
      "resource": "38b7815e-a190-4e2c-9f5e-0cfed3b4e605"
    },
    {
      "type": "single",
      "resource": "4acbba39-7579-4b50-8f8d-96386c4bde57"
    },
    {
      "type": "single",
      "resource": "f89f8326-8653-49fe-a872-7c4dae0708dc"
    },
    {
      "type": "single",
      "resource": "05500ea1-b326-4473-83fc-c4e222072ae1"
    },
    {
      "type": "single",
      "resource": "52315396-857a-4915-9f58-1d8e1c11a0bf"
    },
    {
      "type": "single",
      "resource": "f36b17d1-2f47-4372-8728-5b0fd07b2f18"
    },
    {
      "type": "single",
      "resource": "e3240c1b-3b5f-42c4-af09-062c65ebf651"
    },
    {
      "type": "single",
      "resource": "9e37944c-b937-4ee9-afeb-6acf04eb65b5"
    },
    {
      "type": "single",
      "resource": "b99ec5d4-99c8-4190-b67a-535d34878d9f"
    },
    {
      "type": "single",
      "resource": "2cea44a5-142d-4834-acc1-f877dbbbc137"
    },
    {
      "type": "single",
      "resource": "415c7799-3333-4950-9436-05640673fa8c"
    },
    {
      "type": "single",
      "resource": "5bb44a3b-5395-4518-a365-c0df080a7a65"
    },
    {
      "type": "single",
      "resource": "aa586daa-1cb7-4235-b536-1671bde35681"
    },
    {
      "type": "single",
      "resource": "a4f79a6d-2b79-4f84-a585-c97df117c3ef"
    },
    {
      "type": "single",
      "resource": "1e62a963-0286-45ef-9e4f-ac803c605b61"
    },
    {
      "type": "single",
      "resource": "e73557bd-bd32-4d6a-bf5b-6ee3e48d8179"
    },
    {
      "type": "single",
      "resource": "dce953d9-487c-4acc-a4c4-0d2a3b199a64"
    },
    {
      "type": "single",
      "resource": "d4b4aae5-1c8f-45a6-8f4a-bf620ceb0df5"
    },
    {
      "type": "single",
      "resource": "6d0c1d71-7c66-43f5-ad0f-234446f62399"
    },
    {
      "type": "single",
      "resource": "2e219bc4-3bc5-4a0e-bb6b-8c6b31763d50"
    },
    {
      "type": "single",
      "resource": "8bd8b3fa-d8ad-4de5-b37c-f7fa5e0920d5"
    },
    {
      "type": "single",
      "resource": "item/cod"
    },
    {
      "type": "single",
      "resource": "item/fishing_rod"
    },
    {
      "type": "single",
      "resource": "item/paper"
    },
    {
      "type": "single",
      "resource": "item/shears"
    },
    {
      "type": "single",
      "resource": "item/echo_shard"
    },
    {
      "type": "single",
      "resource": "block/sunflower_front"
    },
    {
      "type": "single",
      "resource": "item/angler_pottery_sherd"
    },
    {
      "type": "single",
      "resource": "item/chain"
    },
    {
      "type": "single",
      "resource": "item/light_gray_dye"
    },
    {
      "type": "single",
      "resource": "item/rabbit_foot"
    },
    {
      "type": "single",
      "resource": "item/amethyst_shard"
    },
    {
      "type": "single",
      "resource": "item/netherite_pickaxe"
    },
    {
      "type": "single",
      "resource": "item/heart_of_the_sea"
    },
    {
      "type": "single",
      "resource": "item/chainmail_helmet"
    },
    {
      "type": "single",
      "resource": "item/chainmail_chestplate"
    },
    {
      "type": "single",
      "resource": "item/chainmail_leggings"
    },
    {
      "type": "single",
      "resource": "item/chainmail_boots"
    },
    {
      "type": "single",
      "resource": "item/tipped_arrow_head"
    },
    {
      "type": "single",
      "resource": "item/tipped_arrow_base"
    },
    {
      "type": "single",
      "resource": "item/netherite_axe"
    },
    {
      "type": "single",
      "resource": "item/netherite_hoe"
    },
    {
      "type": "single",
      "resource": "item/netherite_shovel"
    },
    {
      "type": "single",
      "resource": "item/netherite_sword"
    },
    {
      "type": "single",
      "resource": "block/dark_oak_planks"
    },
    {
      "type": "single",
      "resource": "654730a2-84a3-4278-8200-0ef2f1741bde"
    },
    {
      "type": "single",
      "resource": "6d7556f9-f6a4-44af-b6ee-5c193ee54ca3"
    },
    {
      "type": "single",
      "resource": "5d818e3a-0635-4f8e-b574-dd7fe9b6e5cf"
    },
    {
      "type": "single",
      "resource": "217e6324-3add-47f7-8906-467de4008be3"
    },
    {
      "type": "single",
      "resource": "a0bd9db0-9f14-41b9-9f84-4f24255836c8"
    },
    {
      "type": "single",
      "resource": "15345c44-e2f8-44aa-bd7f-4ebbdc3b57cf"
    },
    {
      "type": "single",
      "resource": "90cdff51-9043-4b60-9e33-7258bf2b56bc"
    },
    {
      "type": "single",
      "resource": "d7ebbe0c-c477-4d92-babf-6dd0cd35507e"
    },
    {
      "type": "single",
      "resource": "5da46739-050a-446f-b1b8-5589fbeefd15"
    },
    {
      "type": "single",
      "resource": "7b76d44f-9e69-4c9e-9867-fcc1f1c49d2d"
    },
    {
      "type": "single",
      "resource": "c39e2bf2-d232-4dfc-8d1b-2f72ae2c2f55"
    },
    {
      "type": "single",
      "resource": "0338a17b-ec00-442c-9c0f-7b6d6196652e"
    },
    {
      "type": "single",
      "resource": "bf25d613-d902-4cd3-be3f-6036220cc79a"
    },
    {
      "type": "single",
      "resource": "c9297a04-5e6b-4870-9dd1-d8715c23dbad"
    },
    {
      "type": "single",
      "resource": "a987260d-97e1-440b-b7f3-fc352cde262f"
    },
    {
      "type": "single",
      "resource": "835c40d1-d2dd-470d-846a-28f94949c52f"
    },
    {
      "type": "single",
      "resource": "7a5a19e5-f9cb-4436-b843-beca3bc90472"
    },
    {
      "type": "single",
      "resource": "4942ae13-3c27-4a89-b787-a92b1704fc1a"
    },
    {
      "type": "single",
      "resource": "79f6e0a0-cce5-44d0-b6f1-581150bd28ea"
    },
    {
      "type": "single",
      "resource": "78395f9e-dcb8-484d-b210-7a09c151b8b2"
    },
    {
      "type": "single",
      "resource": "b2c3adba-2c49-4450-bd02-202313833b7f"
    },
    {
      "type": "single",
      "resource": "54b4ecea-d1e4-473d-a22d-2a5da3090ade"
    },
    {
      "type": "single",
      "resource": "82d46f51-1930-40cd-8a69-6e57a287ab1c"
    },
    {
      "type": "single",
      "resource": "fa71f040-9127-442a-880f-bfe721e2b72c"
    },
    {
      "type": "single",
      "resource": "873c34fa-cfb6-4f90-a974-ddc9af6c3b67"
    },
    {
      "type": "single",
      "resource": "87ec300c-f078-4b0a-b2e4-9371552f380c"
    },
    {
      "type": "single",
      "resource": "0bc32747-fe74-4c3d-9e5b-cc2acb3ac0e2"
    },
    {
      "type": "single",
      "resource": "a9fe62f8-3f7a-46a5-9933-50a3ede841a3"
    },
    {
      "type": "single",
      "resource": "dcd48ab7-57fc-4ef7-8732-2df15f7ed876"
    },
    {
      "type": "single",
      "resource": "43f279e1-0950-40a3-b0b1-63fa0d00c329"
    },
    {
      "type": "single",
      "resource": "442fa01d-a654-4c19-bfff-8dab3c27c30f"
    },
    {
      "type": "single",
      "resource": "04363080-befd-4d7e-a2d4-e912e8423053"
    },
    {
      "type": "single",
      "resource": "81fb85fc-e73a-49f6-b942-8e4a48e8ae9e"
    },
    {
      "type": "single",
      "resource": "168ceaef-4491-4f52-8fd7-77482440b299"
    },
    {
      "type": "single",
      "resource": "418d1a88-b767-4757-9b6b-f574bdf206f8"
    },
    {
      "type": "single",
      "resource": "9cac14e4-1d28-41c7-a4ec-e7d12418370f"
    },
    {
      "type": "single",
      "resource": "ebc8c288-d0b7-4f5b-aa9b-fcd53106f401"
    },
    {
      "type": "single",
      "resource": "068e8d45-34f3-4045-a28c-46755a339ad6"
    },
    {
      "type": "single",
      "resource": "56aefab7-58a2-4152-8d39-2e654f955669"
    },
    {
      "type": "single",
      "resource": "22f24594-37ab-4ce9-886b-acdff73651cf"
    },
    {
      "type": "single",
      "resource": "3b8ceee6-00d1-4daa-a517-2cb88f15f588"
    },
    {
      "type": "single",
      "resource": "7ec2e979-b1d6-45cc-8ff2-d5da9bddbcd9"
    },
    {
      "type": "single",
      "resource": "88cf037e-1d5e-4ed6-ae07-b863cda85f8e"
    },
    {
      "type": "single",
      "resource": "a4ae9a1c-58be-480c-8e27-e7efd4088a4f"
    },
    {
      "type": "single",
      "resource": "a01ad26d-1b0e-4b78-b88c-a5cd861c4332"
    },
    {
      "type": "single",
      "resource": "dcf3456e-3227-4a40-8fbc-281e2d381537"
    },
    {
      "type": "single",
      "resource": "00fd0990-f56c-4fd2-acc0-b41bc8ddfb52"
    },
    {
      "type": "single",
      "resource": "0f154466-ebc2-4494-9e4a-a81f5d079cb7"
    },
    {
      "type": "single",
      "resource": "76ddecb7-e0c2-40db-8bb2-352859b5e984"
    },
    {
      "type": "single",
      "resource": "e39507ce-7e69-461e-9363-b9697a28e68b"
    },
    {
      "type": "single",
      "resource": "2dbf4f33-e0f0-4bcb-a6ca-7f9c4e00cc2a"
    },
    {
      "type": "single",
      "resource": "b95a77f0-8921-483a-8778-2c9c37076921"
    },
    {
      "type": "single",
      "resource": "9c4ed0a0-ed52-4248-bd12-0620747e5db6"
    },
    {
      "type": "single",
      "resource": "7e9298e2-542c-4243-9061-0bbfa8b8ce34"
    },
    {
      "type": "single",
      "resource": "222ff50d-66b4-4bf0-834b-df99d707e5cc"
    },
    {
      "type": "single",
      "resource": "7398286f-9154-4eed-a917-d450a953ce3a"
    },
    {
      "type": "single",
      "resource": "a97e3bf8-4353-430b-b378-5b69f1989b42"
    },
    {
      "type": "single",
      "resource": "991afd0a-3dea-4c85-a7b5-30ee70344972"
    },
    {
      "type": "single",
      "resource": "a0c975e2-5374-4fff-89d8-5f70db36ad78"
    },
    {
      "type": "single",
      "resource": "6c10f23b-6bc3-4c7c-9964-eeb00dbed639"
    },
    {
      "type": "single",
      "resource": "04d184be-52d2-408c-bbc6-4c55722b2eac"
    },
    {
      "type": "single",
      "resource": "cea2f13f-4153-40fe-a767-1a5da996a026"
    },
    {
      "type": "single",
      "resource": "a214004a-6d90-4d4f-a056-6d588174f40b"
    },
    {
      "type": "single",
      "resource": "9207995d-ea8a-4208-a03d-6a54e70b6fb0"
    },
    {
      "type": "single",
      "resource": "23a5fa7f-9d44-498a-8ae8-72a60edc4885"
    },
    {
      "type": "single",
      "resource": "427bf837-7935-4d3a-8633-029b72dcdae1"
    },
    {
      "type": "single",
      "resource": "7336b87d-f2c8-4a90-a23a-410cf79bee55"
    },
    {
      "type": "single",
      "resource": "45962d53-e8dd-4bbf-9121-bf920caabfb0"
    },
    {
      "type": "single",
      "resource": "1df864fe-4c4f-4867-86c8-d8800efa2a07"
    },
    {
      "type": "single",
      "resource": "69d83b03-bdb5-4b40-a59a-15ca84bcc251"
    },
    {
      "type": "single",
      "resource": "94ecb083-2bbc-416c-833e-7463e7d42cb9"
    },
    {
      "type": "single",
      "resource": "dba06f6a-75ba-481e-8653-b19fd046cf2b"
    },
    {
      "type": "single",
      "resource": "df607254-a4c3-4a3c-aff6-4ddb5c3c330e"
    },
    {
      "type": "single",
      "resource": "b832d4be-a130-48cc-ae42-5bc2807f4b74"
    },
    {
      "type": "single",
      "resource": "3febdb2f-0dc7-4629-8b76-89a8d4a25b0c"
    },
    {
      "type": "single",
      "resource": "nexo:8410805e-87ed-4c9d-ab45-268d63d930f4"
    },
    {
      "type": "single",
      "resource": "nexo:d365daa4-f565-4751-82b3-6fbf90d8854a"
    },
    {
      "type": "single",
      "resource": "nexo:de19cac3-c128-440e-ba45-1cc22afe3e9d"
    },
    {
      "type": "single",
      "resource": "969671dd-7575-4e58-a726-4f738a0cbf51"
    },
    {
      "type": "single",
      "resource": "aedfad1e-e37b-443a-bdc0-8b9bb5163d4f"
    },
    {
      "type": "single",
      "resource": "7ce61175-0d05-4b41-92de-a99bffd7b68c"
    }
  ]
}