{
  "sources": [
    {
      "type": "directory",
      "source": "items",
      "prefix": "items/"
    },
    {
      "type": "single",
      "resource": "nexo:8e0d1ec5-9b84-417d-abd5-9b8ed8b309d1"
    },
    {
      "type": "single",
      "resource": "nexo:19a5aa73-fe05-49a2-9447-0175e089f208"
    },
    {
      "type": "single",
      "resource": "nexo:d7722ecf-25cf-4d2e-ae3d-69c7a6ec0050"
    },
    {
      "type": "single",
      "resource": "nexo:298c31c3-80b8-44a0-b788-18a8e106e62b"
    },
    {
      "type": "single",
      "resource": "nexo:63e8e7d4-845d-4264-910e-0f90909950e7"
    },
    {
      "type": "single",
      "resource": "nexo:b05c414d-3932-4fc9-8798-1498e7a45c21"
    },
    {
      "type": "single",
      "resource": "nexo:9b630300-f657-40aa-819a-7cfbf6ec695c"
    },
    {
      "type": "single",
      "resource": "nexo:a47f890e-bcaf-45cb-8c1e-6c701be2246c"
    },
    {
      "type": "single",
      "resource": "nexo:a47f890e-bcaf-45cb-8c1e-6c701be2246c"
    },
    {
      "type": "single",
      "resource": "nexo:1e1f2ff3-c23d-482d-8787-cdb9b43f76b3"
    },
    {
      "type": "single",
      "resource": "nexo:4f8540e7-4950-4a4b-ab15-c2d740a35a3c"
    },
    {
      "type": "single",
      "resource": "nexo:1ee613c3-4b05-4427-8d92-324b60d120b8"
    },
    {
      "type": "single",
      "resource": "nexo:3b461328-4253-4b68-a034-3646d70d61ac"
    },
    {
      "type": "single",
      "resource": "nexo:3b461328-4253-4b68-a034-3646d70d61ac"
    },
    {
      "type": "single",
      "resource": "nexo:f34df63a-bc42-410b-abde-7ccf0244d9bc"
    },
    {
      "type": "single",
      "resource": "nexo:f34df63a-bc42-410b-abde-7ccf0244d9bc"
    },
    {
      "type": "single",
      "resource": "nexo:0534455d-bc6a-49e9-be03-61f8d9f194f3"
    },
    {
      "type": "single",
      "resource": "nexo:0534455d-bc6a-49e9-be03-61f8d9f194f3"
    },
    {
      "type": "single",
      "resource": "nexo:90ac2859-09fe-4ff6-8164-fee798944dd9"
    },
    {
      "type": "single",
      "resource": "nexo:c8519278-44e9-4a02-b294-d2369717668e"
    },
    {
      "type": "single",
      "resource": "nexo:f291017d-479b-45e6-a9eb-625e5cd19a33"
    },
    {
      "type": "single",
      "resource": "nexo:f291017d-479b-45e6-a9eb-625e5cd19a33"
    },
    {
      "type": "single",
      "resource": "nexo:186c2ab1-6365-4f0e-a2a3-e6c373370d59"
    },
    {
      "type": "single",
      "resource": "nexo:f4ddf16b-da03-4766-81ba-34fb3228a406"
    },
    {
      "type": "single",
      "resource": "customfishing:2261fe6d-972c-4f89-9541-a5ab8ccc204d"
    },
    {
      "type": "single",
      "resource": "customfishing:3ea2ef25-11f9-4e87-ba21-c44db6561137"
    },
    {
      "type": "single",
      "resource": "customfishing:4fb8a808-bdee-4770-9de0-b266ddaf6e84"
    },
    {
      "type": "single",
      "resource": "customfishing:458a3a22-9746-40ba-b093-af545adf7bce"
    },
    {
      "type": "single",
      "resource": "customfishing:809b640b-bb86-43b7-9747-59f6657a554c"
    },
    {
      "type": "single",
      "resource": "customfishing:08af27f3-32af-4b4d-83b0-e9673babe055"
    },
    {
      "type": "single",
      "resource": "customfishing:cb0c01de-015a-4b20-ba55-b1c38f85174c"
    },
    {
      "type": "single",
      "resource": "customfishing:4c2305eb-0180-4033-97c4-5a57ca406036"
    },
    {
      "type": "single",
      "resource": "customfishing:b2e19b31-4f42-41be-aea1-9568198154f7"
    },
    {
      "type": "single",
      "resource": "customfishing:0917b69c-b366-43d4-aafd-0f9a0c39fc08"
    },
    {
      "type": "single",
      "resource": "customfishing:3b960c94-cded-4e70-8676-3928165a32b1"
    },
    {
      "type": "single",
      "resource": "customfishing:79aa70bf-b823-4944-8904-0a312273bdd1"
    },
    {
      "type": "single",
      "resource": "customfishing:5c06c9b2-cd04-4985-bf91-a878f39416a2"
    },
    {
      "type": "single",
      "resource": "customfishing:c9230a2c-b41d-4355-9dec-bde33baeeb72"
    },
    {
      "type": "single",
      "resource": "customfishing:3ac09241-d06a-4473-a251-58a1e9f72f76"
    },
    {
      "type": "single",
      "resource": "customfishing:6efce5c6-8337-47eb-b4a7-138019c1aff3"
    },
    {
      "type": "single",
      "resource": "customfishing:0859452a-6121-463c-85a5-f7e97e5ba86d"
    },
    {
      "type": "single",
      "resource": "customfishing:510ea5fe-920c-4024-ace3-d0acc9569361"
    },
    {
      "type": "single",
      "resource": "customfishing:347f9918-530c-473c-96de-5916f7979351"
    },
    {
      "type": "single",
      "resource": "customfishing:d0596c73-e3e9-4da5-a201-08237442a367"
    },
    {
      "type": "single",
      "resource": "customfishing:d87a004c-059d-4aa4-9d47-656c2a4df0ed"
    },
    {
      "type": "single",
      "resource": "customfishing:dbddd99f-2426-49c4-a6c8-055ef5ed9e4e"
    },
    {
      "type": "single",
      "resource": "customfishing:6e1befd0-160b-493e-bd07-923f48ffb290"
    },
    {
      "type": "single",
      "resource": "customfishing:9c8b59c9-c14b-48d0-8f9d-8c02dc4016c4"
    },
    {
      "type": "single",
      "resource": "customfishing:2bab9c14-7312-47e2-bbec-76f6679bb577"
    },
    {
      "type": "single",
      "resource": "customfishing:1ca591ae-29a3-4e53-a8ea-9f93f6f0a326"
    },
    {
      "type": "single",
      "resource": "customfishing:c696b98a-448f-4ab6-ace7-8e3033e44d48"
    },
    {
      "type": "single",
      "resource": "customfishing:f9c2c0ef-bc28-44f2-9aa6-ad4e0d5effea"
    },
    {
      "type": "single",
      "resource": "customfishing:e8e54376-5971-4b24-b893-f7f6b09df311"
    },
    {
      "type": "single",
      "resource": "customfishing:3db7715c-ade7-46e5-ab12-77123447ef83"
    },
    {
      "type": "single",
      "resource": "customfishing:8ba329ce-7f5b-4b83-bdef-1dd3cacc7eea"
    },
    {
      "type": "single",
      "resource": "customfishing:17942b8e-7242-408e-b856-0885e4a2a820"
    },
    {
      "type": "single",
      "resource": "customfishing:d7fa989c-1f19-46d0-832b-c0085eceac20"
    },
    {
      "type": "single",
      "resource": "customfishing:1f00c932-214e-41d8-a250-72bf18ac7026"
    },
    {
      "type": "single",
      "resource": "customfishing:fc694802-37e6-4f7e-be88-50bf3d7e6992"
    },
    {
      "type": "single",
      "resource": "customfishing:45b35e88-86fb-454f-adde-f84a19240afc"
    },
    {
      "type": "single",
      "resource": "customfishing:254380cc-ce5c-4a8c-9543-cf633e2450f8"
    },
    {
      "type": "single",
      "resource": "customfishing:d56d65f0-59af-4a77-8035-1be62e408d09"
    },
    {
      "type": "single",
      "resource": "customfishing:24195055-9d4c-4cba-ad01-9597283ac0e3"
    },
    {
      "type": "single",
      "resource": "customfishing:874f014e-00da-4b0e-8fc9-8911c4b8f186"
    },
    {
      "type": "single",
      "resource": "customfishing:0ecb9176-2fd3-423f-965c-72674e165a95"
    },
    {
      "type": "single",
      "resource": "customfishing:7abbbc49-a3b3-439f-833c-fd32c2f7bae9"
    },
    {
      "type": "single",
      "resource": "customfishing:2e74f13a-636e-4e81-8ec8-24d8565bb06a"
    },
    {
      "type": "single",
      "resource": "customfishing:61a0dc30-db93-4be9-8cd0-0fa230a1931f"
    },
    {
      "type": "single",
      "resource": "customfishing:1aef6247-4c45-4fbb-b03b-ddd3783ad723"
    },
    {
      "type": "single",
      "resource": "customfishing:d9c86bce-7f52-4673-8885-98be6332e662"
    },
    {
      "type": "single",
      "resource": "customfishing:7baf9360-e8c7-4e95-9e87-80e364024ade"
    },
    {
      "type": "single",
      "resource": "customfishing:0e22e55c-07bf-4bca-baba-129bb6e59db7"
    },
    {
      "type": "single",
      "resource": "customfishing:04526f8d-3d9a-4cd5-812d-3b62e550075d"
    },
    {
      "type": "single",
      "resource": "customfishing:e3f866e4-9584-4513-a71c-6836e17367db"
    },
    {
      "type": "single",
      "resource": "customfishing:fbfa368f-9211-473d-9196-158dbd7a9fd6"
    },
    {
      "type": "single",
      "resource": "customfishing:472a1dc7-c2ae-42cb-bc9e-6c44601c0e9f"
    },
    {
      "type": "single",
      "resource": "customfishing:3c09f83e-7adb-42e7-beeb-0bf1a8f7da25"
    },
    {
      "type": "single",
      "resource": "customfishing:332a366f-8f68-470b-9dda-776c27b1820c"
    },
    {
      "type": "single",
      "resource": "customfishing:7aa1d07e-d179-4fb6-bd56-ba0d6a170ddb"
    },
    {
      "type": "single",
      "resource": "customfishing:4aa7f83f-d33e-489a-808d-55fe9df9941f"
    },
    {
      "type": "single",
      "resource": "customfishing:24dac100-b6b2-4f2d-a13e-25c00fbd3cc0"
    },
    {
      "type": "single",
      "resource": "customfishing:18ee64ae-3936-4c21-ad3c-42092987621c"
    },
    {
      "type": "single",
      "resource": "customfishing:d020ab2b-d532-44a5-bdd4-c56b598c5b54"
    },
    {
      "type": "single",
      "resource": "customfishing:712f19c0-71cc-49c7-b4af-5d5be68bbdb5"
    },
    {
      "type": "single",
      "resource": "customfishing:af6c6b06-642b-433f-ab72-1adca630228c"
    },
    {
      "type": "single",
      "resource": "customfishing:ef7e99bb-6eda-4471-9b3f-563852d5e913"
    },
    {
      "type": "single",
      "resource": "customfishing:72aad2e7-4f84-49a4-80cf-ded03e133d72"
    },
    {
      "type": "single",
      "resource": "customfishing:a86ecdfc-123e-4c96-9cf1-e555b6ee8fed"
    },
    {
      "type": "single",
      "resource": "customfishing:1706bc45-6eec-4cc8-b4b8-52237e8152d3"
    },
    {
      "type": "single",
      "resource": "customfishing:fe24531c-bb5c-4c26-81a5-6e9ec6e21a3f"
    },
    {
      "type": "single",
      "resource": "customfishing:9c5566d5-7d0c-42a4-bd8f-10e438d80e28"
    },
    {
      "type": "single",
      "resource": "customfishing:6e21bfb1-a5ba-4b7e-a21e-303e44c01067"
    },
    {
      "type": "single",
      "resource": "customfishing:430040c8-5595-4397-b66e-ad64b6a262d1"
    },
    {
      "type": "single",
      "resource": "customfishing:430040c8-5595-4397-b66e-ad64b6a262d1"
    },
    {
      "type": "single",
      "resource": "customfishing:030d3e20-0970-4f8d-a8f4-2c1e00ce3997"
    },
    {
      "type": "single",
      "resource": "customfishing:030d3e20-0970-4f8d-a8f4-2c1e00ce3997"
    },
    {
      "type": "single",
      "resource": "customfishing:0c8b261d-2abf-4d35-97e1-6a80ea95446b"
    },
    {
      "type": "single",
      "resource": "item/diamond_hoe"
    },
    {
      "type": "single",
      "resource": "void_fishing_hat_tier_4"
    },
    {
      "type": "single",
      "resource": "void_fishing_hat_tier_3"
    },
    {
      "type": "single",
      "resource": "void_fishing_hat_tier_2"
    },
    {
      "type": "single",
      "resource": "ed47146b-4f77-40b7-a81e-94a41cbf1b9f"
    },
    {
      "type": "single",
      "resource": "void_fishing_hat_tier_5"
    },
    {
      "type": "single",
      "resource": "b31e5b1e-d8ab-4859-8657-851b6cf871f7"
    },
    {
      "type": "single",
      "resource": "46214c15-8922-469a-a36f-799f55df8a28"
    },
    {
      "type": "single",
      "resource": "2f9ef2f2-8604-46cd-a86e-7d456ad8e28d"
    },
    {
      "type": "single",
      "resource": "2ec0a8d4-01ca-4029-a1b7-a28d5aa3b75e"
    },
    {
      "type": "single",
      "resource": "937c9bae-6291-4912-b236-179dabbb9d1d"
    },
    {
      "type": "single",
      "resource": "ba75d92c-972e-4b93-9587-2e8b97886c18"
    },
    {
      "type": "single",
      "resource": "ac9e8c05-51be-4f28-a34d-dd0a0330470f"
    },
    {
      "type": "single",
      "resource": "10c1bbcb-e2de-44f0-b719-8353f4a14bbd"
    },
    {
      "type": "single",
      "resource": "b088c707-79b7-4768-9f0f-cb9770158e6f"
    },
    {
      "type": "single",
      "resource": "318843b4-cb2c-4597-905a-4c1417fae008"
    },
    {
      "type": "single",
      "resource": "92bc8d20-e4f3-4f0e-9552-b55378d4231a"
    },
    {
      "type": "single",
      "resource": "dcca8c0c-72cf-4b2c-b78d-6d31b2be8562"
    },
    {
      "type": "single",
      "resource": "bfa83119-3479-4f55-b000-5bfce9fb2a29"
    },
    {
      "type": "single",
      "resource": "1e62dcc3-88b1-442f-9628-4f10e78abe63"
    },
    {
      "type": "single",
      "resource": "62800665-acb0-4b9b-8f49-a59368d5e84c"
    },
    {
      "type": "single",
      "resource": "3e93a8f2-2a76-43fa-a256-42669e3b695d"
    },
    {
      "type": "single",
      "resource": "95ea77f2-2310-448b-8781-0c6b548a7929"
    },
    {
      "type": "single",
      "resource": "7ec3c9ac-484f-45c1-9fa1-e8a0655b3a7c"
    },
    {
      "type": "single",
      "resource": "92829112-281b-427e-bcd7-7ed138dec4b8"
    },
    {
      "type": "single",
      "resource": "01e820f9-5ecc-4877-846d-46b3940583ad"
    },
    {
      "type": "single",
      "resource": "55879b0d-de16-4202-9b23-585175ed1bdb"
    },
    {
      "type": "single",
      "resource": "6c2e0193-151b-41ea-a831-3b6ef8d031e3"
    },
    {
      "type": "single",
      "resource": "340ebcf1-834d-411c-9915-98434e0ce388"
    },
    {
      "type": "single",
      "resource": "c2c5bdbd-3cb5-4b2c-9d45-76a86cf8f69b"
    },
    {
      "type": "single",
      "resource": "6b1301df-8b07-4eae-8a06-e02de9beb58e"
    },
    {
      "type": "single",
      "resource": "item/cod"
    },
    {
      "type": "single",
      "resource": "item/bone_rods/uncommon_bone_rod_cast"
    },
    {
      "type": "single",
      "resource": "item/bone_rods/rare_bone_rod_cast"
    },
    {
      "type": "single",
      "resource": "item/bone_rods/epic_bone_rod_cast"
    },
    {
      "type": "single",
      "resource": "item/bone_rods/legendary_bone_rod_cast"
    },
    {
      "type": "single",
      "resource": "item/bone_rods/mythic_bone_rod_cast"
    },
    {
      "type": "single",
      "resource": "item/fishing_rod"
    },
    {
      "type": "single",
      "resource": "item/paper"
    },
    {
      "type": "single",
      "resource": "item/shears"
    },
    {
      "type": "single",
      "resource": "item/echo_shard"
    },
    {
      "type": "single",
      "resource": "block/sunflower_front"
    },
    {
      "type": "single",
      "resource": "item/potion_overlay"
    },
    {
      "type": "single",
      "resource": "item/potion"
    },
    {
      "type": "single",
      "resource": "item/angler_pottery_sherd"
    },
    {
      "type": "single",
      "resource": "item/chain"
    },
    {
      "type": "single",
      "resource": "item/light_gray_dye"
    },
    {
      "type": "single",
      "resource": "item/rabbit_foot"
    },
    {
      "type": "single",
      "resource": "item/amethyst_shard"
    },
    {
      "type": "single",
      "resource": "item/netherite_pickaxe"
    },
    {
      "type": "single",
      "resource": "item/heart_of_the_sea"
    },
    {
      "type": "single",
      "resource": "item/chainmail_helmet"
    },
    {
      "type": "single",
      "resource": "item/chainmail_chestplate"
    },
    {
      "type": "single",
      "resource": "item/chainmail_leggings"
    },
    {
      "type": "single",
      "resource": "item/chainmail_boots"
    },
    {
      "type": "single",
      "resource": "item/tipped_arrow_head"
    },
    {
      "type": "single",
      "resource": "item/tipped_arrow_base"
    },
    {
      "type": "single",
      "resource": "item/netherite_axe"
    },
    {
      "type": "single",
      "resource": "item/netherite_hoe"
    },
    {
      "type": "single",
      "resource": "item/netherite_shovel"
    },
    {
      "type": "single",
      "resource": "item/netherite_sword"
    },
    {
      "type": "single",
      "resource": "block/dark_oak_planks"
    },
    {
      "type": "single",
      "resource": "d338dce6-316c-4c82-80f1-68b352803487"
    },
    {
      "type": "single",
      "resource": "e8c085f1-a4ce-4a97-ae5c-3913bb2923b3"
    },
    {
      "type": "single",
      "resource": "dc3e0299-d11e-4b82-9788-724429db7630"
    },
    {
      "type": "single",
      "resource": "81257025-3e8a-4959-a602-b9daac9ee9f2"
    },
    {
      "type": "single",
      "resource": "486cf1e0-a1c3-48b7-9f32-73dd2f3c2a00"
    },
    {
      "type": "single",
      "resource": "55e5bb32-742c-45f2-a8bf-eecd6a788d51"
    },
    {
      "type": "single",
      "resource": "4d2b5fc5-bb69-432b-9eca-daebcbd7e589"
    },
    {
      "type": "single",
      "resource": "537ba4c1-832f-4d27-8df6-955cdfbf4370"
    },
    {
      "type": "single",
      "resource": "5416da51-0683-4f80-a57b-b518cada66a1"
    },
    {
      "type": "single",
      "resource": "fa639340-e189-42bc-abc9-834de2c67024"
    },
    {
      "type": "single",
      "resource": "3fcf7ea1-4f8a-4125-8e3b-1197a65bf3e5"
    },
    {
      "type": "single",
      "resource": "5f2e5c29-1bd4-43fd-a827-baa4217c7e5a"
    },
    {
      "type": "single",
      "resource": "5c502e34-e0e2-4049-a8d1-5ab43e0ab199"
    },
    {
      "type": "single",
      "resource": "3e7fcd90-f8b8-4fb6-a354-b5a33fca243c"
    },
    {
      "type": "single",
      "resource": "3025b965-7665-4889-b39a-bb6167e42ca2"
    },
    {
      "type": "single",
      "resource": "5fccd58f-41f0-48ef-b2bf-32e63143b85c"
    },
    {
      "type": "single",
      "resource": "032ccd2b-f6ab-4e19-9f8d-ab8ac552d838"
    },
    {
      "type": "single",
      "resource": "b70001b1-2f80-4b72-9073-e6f1a59e28eb"
    },
    {
      "type": "single",
      "resource": "df61ec67-df8c-4394-b002-757bdeedf073"
    },
    {
      "type": "single",
      "resource": "28db525a-e4e6-4aae-91a3-1b63a38feb9e"
    },
    {
      "type": "single",
      "resource": "fce849e0-1ddf-4e71-bea0-26a24176fb9a"
    },
    {
      "type": "single",
      "resource": "ebcbc654-abf7-4444-a632-b21cdd243896"
    },
    {
      "type": "single",
      "resource": "73643384-1969-47d2-8785-6edd501e4500"
    },
    {
      "type": "single",
      "resource": "95413794-3fed-47de-91a6-a4f070048601"
    },
    {
      "type": "single",
      "resource": "f6b6c802-ec31-488a-a441-18b22739f0e0"
    },
    {
      "type": "single",
      "resource": "f67ba28c-bfdb-467c-a474-c34be55fc7d1"
    },
    {
      "type": "single",
      "resource": "707a99dd-71cf-4450-8925-345c5e44297d"
    },
    {
      "type": "single",
      "resource": "e375d234-c726-4508-8ea9-96af66085097"
    },
    {
      "type": "single",
      "resource": "fb61acb4-62ea-4924-9aa7-f205300302e2"
    },
    {
      "type": "single",
      "resource": "c2b78539-dd49-45dd-9161-7ecec9e00454"
    },
    {
      "type": "single",
      "resource": "b575c479-d268-48e3-9066-a9943cd7c697"
    },
    {
      "type": "single",
      "resource": "d5294f8b-c74e-4c09-9b6d-cde316aeb659"
    },
    {
      "type": "single",
      "resource": "f95a38f3-5ca0-4708-806c-bf7c5296e9f7"
    },
    {
      "type": "single",
      "resource": "ebacd342-9a39-4e6f-b481-57666ecb4f0a"
    },
    {
      "type": "single",
      "resource": "eb077235-b88d-41df-9a9f-29322eb732b0"
    },
    {
      "type": "single",
      "resource": "c8b88e91-f05b-4a06-b5b8-3f27d47b8bfd"
    },
    {
      "type": "single",
      "resource": "91bdea7e-f384-45c9-b78b-c99de6061f0a"
    },
    {
      "type": "single",
      "resource": "dac921b6-fcc7-46d7-a784-8031fd6a3b7d"
    },
    {
      "type": "single",
      "resource": "f9259beb-db72-40a4-bbd1-2da3048b7364"
    },
    {
      "type": "single",
      "resource": "ffa47d2d-0965-4078-9fb3-24d36b7e461a"
    },
    {
      "type": "single",
      "resource": "b81f9b87-9d64-4e5c-bfe6-3a2130ffc9a1"
    },
    {
      "type": "single",
      "resource": "d4123882-b5fc-412d-9f28-61adb2cbbd38"
    },
    {
      "type": "single",
      "resource": "410c36d9-6011-49c8-be1a-99ae6e0db806"
    },
    {
      "type": "single",
      "resource": "2f099383-6e55-46af-a57a-bc788d1c5c99"
    },
    {
      "type": "single",
      "resource": "3d056904-5641-4ab8-96be-abc6af61df15"
    },
    {
      "type": "single",
      "resource": "a40ede1a-6309-4701-b225-741db5631ba5"
    },
    {
      "type": "single",
      "resource": "d16d8225-9545-401b-9445-168379d55138"
    },
    {
      "type": "single",
      "resource": "1e45ec33-2bc9-4f5e-b6dd-c14fe30ce937"
    },
    {
      "type": "single",
      "resource": "92e605e8-fdc2-4ddb-b812-518029e8d2bd"
    },
    {
      "type": "single",
      "resource": "3047f3a3-e2fb-4b65-87dd-12aeaf4f0ebe"
    },
    {
      "type": "single",
      "resource": "ccd0187b-f848-46d8-bf15-0b15d8f3bc3d"
    },
    {
      "type": "single",
      "resource": "72ce3f9a-3bc7-4e37-8092-ac3957e39c1b"
    },
    {
      "type": "single",
      "resource": "d224e591-256f-4046-bfd9-84460578482e"
    },
    {
      "type": "single",
      "resource": "c1bb2278-d3d1-44be-9011-e885d2b1dabe"
    },
    {
      "type": "single",
      "resource": "1391ce63-30fa-4739-8e81-4b786d583bb0"
    },
    {
      "type": "single",
      "resource": "316abc84-8363-46c3-aafc-5a891bf40381"
    },
    {
      "type": "single",
      "resource": "972cc702-3799-4d98-86b3-255fd6b80fcb"
    },
    {
      "type": "single",
      "resource": "756ccfea-4c13-4771-9a18-3a616453b790"
    },
    {
      "type": "single",
      "resource": "84387a0e-043b-4679-8801-d425cb449288"
    },
    {
      "type": "single",
      "resource": "e4d5ab4e-26f7-4f7f-8538-ffc02fbe9a6c"
    },
    {
      "type": "single",
      "resource": "3d2f8eba-2cb5-47a6-a5d6-5bf675a5ad85"
    },
    {
      "type": "single",
      "resource": "9d1b7e76-fc5a-4c7f-912e-87dbb0ed82d4"
    },
    {
      "type": "single",
      "resource": "28fe97a1-bce8-4fcc-b930-7951af579ca2"
    },
    {
      "type": "single",
      "resource": "f1d4edcd-5b92-405d-92fe-07a9724e68c5"
    },
    {
      "type": "single",
      "resource": "526e8374-4353-42dd-be70-4ff20f69d473"
    },
    {
      "type": "single",
      "resource": "88565725-10b8-4206-abac-0f0fbbf808e8"
    },
    {
      "type": "single",
      "resource": "14be74aa-8f07-4c14-8f6f-180bd2bb39f7"
    },
    {
      "type": "single",
      "resource": "d9d14f22-6ab1-43bb-8a6d-9eac931b5e62"
    },
    {
      "type": "single",
      "resource": "04c8a526-f1de-4742-8d25-cb927968be45"
    },
    {
      "type": "single",
      "resource": "cb15a402-6567-4439-b333-f5c869f7a458"
    },
    {
      "type": "single",
      "resource": "ba1a86e2-959a-408d-8281-9b72da8aca2a"
    },
    {
      "type": "single",
      "resource": "b69a1bd4-855f-4bc1-83d6-079e693eae25"
    },
    {
      "type": "single",
      "resource": "342d10b5-938a-4046-b175-ff4abcbc4cbb"
    },
    {
      "type": "single",
      "resource": "274557d6-46d5-4c6d-ad05-bf1f9591405e"
    },
    {
      "type": "single",
      "resource": "dcbc5742-7984-4eae-b2f9-ce290546aaba"
    },
    {
      "type": "single",
      "resource": "235c7d9d-bd4b-4fd4-aa8c-c3dfc6f53f10"
    },
    {
      "type": "single",
      "resource": "7138ed9c-32b2-443e-873c-ab753add1e9a"
    },
    {
      "type": "single",
      "resource": "a690ab43-e596-4d9a-80d7-9997879d4439"
    },
    {
      "type": "single",
      "resource": "64459f08-627a-4c30-93fc-a686f492d8e2"
    },
    {
      "type": "single",
      "resource": "b22b024c-4735-4eb3-95b4-26be7da6a291"
    },
    {
      "type": "single",
      "resource": "09e2bd13-4951-4728-a104-08e7fb1c733a"
    },
    {
      "type": "single",
      "resource": "33574815-d837-4756-ac94-cb9afb5a97b6"
    },
    {
      "type": "single",
      "resource": "b198f572-4564-49b2-ad0d-4e2a135f2ed5"
    },
    {
      "type": "single",
      "resource": "f58ebf9f-be3b-46d6-aeda-b5cca4f5e826"
    },
    {
      "type": "single",
      "resource": "c1dee64d-1d3f-4da9-bd73-0725b0ca21a9"
    },
    {
      "type": "single",
      "resource": "6185c724-0596-46d5-966e-eb47b377ed38"
    },
    {
      "type": "single",
      "resource": "95194dee-8f32-4e56-81f2-fb235dca08cf"
    },
    {
      "type": "single",
      "resource": "2d363c2f-8180-4079-ad65-d301e8ff1465"
    },
    {
      "type": "single",
      "resource": "0c532d6e-2c3e-4868-ad02-9b804aeb3b4a"
    },
    {
      "type": "single",
      "resource": "3bbe40fd-db9d-4c4f-9ae4-71568a53f3a9"
    },
    {
      "type": "single",
      "resource": "e291d58a-141e-40d2-8c35-24d942318d78"
    },
    {
      "type": "single",
      "resource": "aeeeee69-66ec-4fce-86ea-e566e1f8b694"
    },
    {
      "type": "single",
      "resource": "df1d8a10-b1bb-40c2-883a-c1c026a775b2"
    },
    {
      "type": "single",
      "resource": "da3d2ae0-0d88-42c4-b227-4672c0a92afc"
    },
    {
      "type": "single",
      "resource": "8f891d46-a695-441f-96a6-a4b451320761"
    },
    {
      "type": "single",
      "resource": "556414f2-6ebb-4d21-ab00-b9e7b4a45b95"
    },
    {
      "type": "single",
      "resource": "2c7e5723-e370-4d5d-9562-d2a2c44ef682"
    },
    {
      "type": "single",
      "resource": "3159b7b9-91a0-45ba-af96-20c7d7e18b55"
    },
    {
      "type": "single",
      "resource": "4a56e682-6cb6-4cdc-b9f9-3216d9f98769"
    },
    {
      "type": "single",
      "resource": "b69e891f-b4dc-4b0b-911e-f0c930495b1a"
    },
    {
      "type": "single",
      "resource": "1c594f4d-df99-4346-bd9e-2d8d7d625843"
    },
    {
      "type": "single",
      "resource": "0fe7d206-8c64-49bc-b2de-3bb0f254f41f"
    },
    {
      "type": "single",
      "resource": "c14af196-f4ac-4286-9fb8-6df52034a21a"
    },
    {
      "type": "single",
      "resource": "b9b404f4-5913-4cc5-9a18-62d3a9b04fb3"
    },
    {
      "type": "single",
      "resource": "6e568a48-1c7b-4680-9999-41c28a07fc75"
    },
    {
      "type": "single",
      "resource": "89d8e475-eb46-4d5f-919a-8780c870f16f"
    },
    {
      "type": "single",
      "resource": "a2113031-6be4-44b3-b99d-3f4c1eb5ac50"
    },
    {
      "type": "single",
      "resource": "4cb5e5fd-0f00-4f57-bbc3-ecc5d3f126cf"
    },
    {
      "type": "single",
      "resource": "e532802d-0397-4755-b654-ac8f1a2609be"
    },
    {
      "type": "single",
      "resource": "a106e73c-a267-486d-bb28-ae960330c535"
    },
    {
      "type": "single",
      "resource": "add21565-b6ad-4e0f-a684-067ddb878a07"
    },
    {
      "type": "single",
      "resource": "692bc22c-236c-4f6a-b1d1-09906634c26d"
    },
    {
      "type": "single",
      "resource": "2cd309df-4d49-4c6c-9202-727183788493"
    },
    {
      "type": "single",
      "resource": "87a9810f-83eb-43ea-8991-99945f71c357"
    },
    {
      "type": "single",
      "resource": "aff8c5e5-d317-4b5e-b130-adc5968195cd"
    },
    {
      "type": "single",
      "resource": "288996f0-c175-4548-9a7a-c1a352f723dd"
    },
    {
      "type": "single",
      "resource": "42ffde98-0286-4dcf-9f2e-1e17f2cb1af8"
    },
    {
      "type": "single",
      "resource": "6efa61b2-f0cf-4996-a09f-e44319e47bae"
    },
    {
      "type": "single",
      "resource": "2bbeef8d-b103-45c9-a1a2-218227f575b4"
    },
    {
      "type": "single",
      "resource": "89fc402b-0dca-4152-a46c-d1b99f09c723"
    },
    {
      "type": "single",
      "resource": "9adbd721-5f12-4d2f-b7d9-cff19ba0b15c"
    },
    {
      "type": "single",
      "resource": "c2098871-b035-4363-bef6-8b7c7d174168"
    },
    {
      "type": "single",
      "resource": "fb2de1b7-2d2d-4a97-bc05-4f00c119fe96"
    },
    {
      "type": "single",
      "resource": "fc3a1a5a-d623-42d5-a10d-1aec79992cf1"
    },
    {
      "type": "single",
      "resource": "98f9314e-40dc-43ee-a000-09af1b5b0eab"
    },
    {
      "type": "single",
      "resource": "61edda14-b24f-4ad0-bed6-b4bd801c5300"
    },
    {
      "type": "single",
      "resource": "d2e08788-7438-4cba-89b3-d58b1e277e56"
    },
    {
      "type": "single",
      "resource": "a09bd314-4e93-4061-9dc6-44d09e4844bf"
    },
    {
      "type": "single",
      "resource": "c4facc0a-2405-4ff2-ab6a-660ea7f2dbf0"
    },
    {
      "type": "single",
      "resource": "feeb4c62-35be-4ba4-b065-0bb050c7b713"
    },
    {
      "type": "single",
      "resource": "e373dfe9-33f2-4bf8-b0ba-9ee2ad18855c"
    },
    {
      "type": "single",
      "resource": "9746a1d8-d4a6-4ffc-9362-660d500f5a17"
    },
    {
      "type": "single",
      "resource": "1e3fe6b9-0436-4ae2-ad3a-826fcf64caad"
    },
    {
      "type": "single",
      "resource": "afd69a22-77da-4d72-9632-4afc512f04a1"
    },
    {
      "type": "single",
      "resource": "76271142-c3f2-419b-9a33-284adeea312d"
    },
    {
      "type": "single",
      "resource": "3aaa8683-1dd3-4dc0-8fff-2bcd5ef50914"
    },
    {
      "type": "single",
      "resource": "nexo:b0fcff6f-8061-4322-b16b-1ead4dfbbc49"
    },
    {
      "type": "single",
      "resource": "nexo:d46e1de4-48aa-4733-bfab-62818a4d98ea"
    },
    {
      "type": "single",
      "resource": "nexo:22a4f755-24b6-4618-bd46-e89e95973c12"
    },
    {
      "type": "single",
      "resource": "f7857fe3-f670-439d-9cc6-eaeead21be9c"
    },
    {
      "type": "single",
      "resource": "6d365f53-a3b9-4da7-be27-73ccb46a67c2"
    },
    {
      "type": "single",
      "resource": "bb524e9c-1efc-4d6a-af21-22f93194d47b"
    }
  ]
}