{
  "sources": [
    {
      "type": "directory",
      "source": "items",
      "prefix": "items/"
    },
    {
      "type": "single",
      "resource": "nexo:6e735f51-98ba-4697-b48d-ce90b3016e3d"
    },
    {
      "type": "single",
      "resource": "nexo:8b3f2c42-5e26-4cfe-81ab-9dbce364cc91"
    },
    {
      "type": "single",
      "resource": "nexo:f2186b84-bed7-487f-8937-39fa15e6b026"
    },
    {
      "type": "single",
      "resource": "nexo:45d24624-bfcf-404d-b5f9-7bef3249d364"
    },
    {
      "type": "single",
      "resource": "nexo:3c78898f-24c6-4992-80c9-2a49d4ee864d"
    },
    {
      "type": "single",
      "resource": "nexo:ee23f82b-a277-4091-b045-5337267c72c7"
    },
    {
      "type": "single",
      "resource": "nexo:3df3f15c-c8ea-4897-8da8-772329314ff8"
    },
    {
      "type": "single",
      "resource": "nexo:33ea0dbc-2194-460b-88b7-1f051c2bad46"
    },
    {
      "type": "single",
      "resource": "nexo:33ea0dbc-2194-460b-88b7-1f051c2bad46"
    },
    {
      "type": "single",
      "resource": "nexo:1b190644-e3db-41e4-bf4f-02a2c93b6a6f"
    },
    {
      "type": "single",
      "resource": "nexo:8e791fb3-5a8f-47fb-aae8-50fa384a7958"
    },
    {
      "type": "single",
      "resource": "nexo:f50c4a49-54bd-4c6e-8385-7b3190105d63"
    },
    {
      "type": "single",
      "resource": "nexo:8d9ea7ec-2295-4dde-8214-f87440bf4a6d"
    },
    {
      "type": "single",
      "resource": "nexo:8d9ea7ec-2295-4dde-8214-f87440bf4a6d"
    },
    {
      "type": "single",
      "resource": "nexo:efc94107-a3ad-4b9e-b64e-801b1f24b0f6"
    },
    {
      "type": "single",
      "resource": "nexo:efc94107-a3ad-4b9e-b64e-801b1f24b0f6"
    },
    {
      "type": "single",
      "resource": "nexo:b473a8c9-bddf-4f3c-a049-9a9d86bbb20a"
    },
    {
      "type": "single",
      "resource": "nexo:b473a8c9-bddf-4f3c-a049-9a9d86bbb20a"
    },
    {
      "type": "single",
      "resource": "nexo:b5dbcb9f-2aa6-4ba3-89ac-f853f53a4f56"
    },
    {
      "type": "single",
      "resource": "nexo:ec9eadbd-728d-4a7e-b861-bccaf678d15a"
    },
    {
      "type": "single",
      "resource": "nexo:781ec0fe-c300-496d-828d-7ac5875f3c93"
    },
    {
      "type": "single",
      "resource": "nexo:781ec0fe-c300-496d-828d-7ac5875f3c93"
    },
    {
      "type": "single",
      "resource": "nexo:acf19b47-2f60-40b5-b00a-5d200af27c24"
    },
    {
      "type": "single",
      "resource": "nexo:e0ff9190-d98e-4ab3-9778-87f56445c915"
    },
    {
      "type": "single",
      "resource": "customfishing:c0484e09-8f07-4c84-bc46-9624554976e8"
    },
    {
      "type": "single",
      "resource": "customfishing:d7b89689-f7db-43a5-ae17-7c0b2cdb585c"
    },
    {
      "type": "single",
      "resource": "customfishing:362dfdbd-fa77-4f38-a85b-1919ff7f6d8e"
    },
    {
      "type": "single",
      "resource": "customfishing:ea3fe342-8c94-4a75-9c79-e50516571c37"
    },
    {
      "type": "single",
      "resource": "customfishing:f53e76c2-4276-40b8-b706-fb430a375783"
    },
    {
      "type": "single",
      "resource": "customfishing:1fcf1adc-7f6e-493b-86ff-4038093d25c8"
    },
    {
      "type": "single",
      "resource": "customfishing:423e1901-1017-4e9b-afaf-9446e78bd663"
    },
    {
      "type": "single",
      "resource": "customfishing:e0afb42b-d6c1-4a30-9dc1-d7a843ed1b11"
    },
    {
      "type": "single",
      "resource": "customfishing:e85bc0ee-c29a-4e92-b367-f4bab7544866"
    },
    {
      "type": "single",
      "resource": "customfishing:151dddd6-a780-48e1-b51a-668c7e9c33ee"
    },
    {
      "type": "single",
      "resource": "customfishing:63000dba-ab15-4a86-ab10-7996d81abcf5"
    },
    {
      "type": "single",
      "resource": "customfishing:58aea147-952e-490e-9c22-b71cdb455f9c"
    },
    {
      "type": "single",
      "resource": "customfishing:ffaf2e2a-35ac-4811-9538-76c0656bc643"
    },
    {
      "type": "single",
      "resource": "customfishing:b5c129f6-2e55-4789-9c08-3cfc1e18386f"
    },
    {
      "type": "single",
      "resource": "customfishing:feecabc0-e714-49ff-8850-57ab7405f0d8"
    },
    {
      "type": "single",
      "resource": "customfishing:5f3d8a53-a5e9-43d2-84bc-8a609b12f94f"
    },
    {
      "type": "single",
      "resource": "customfishing:e194b974-16b7-4cfb-82cb-8a7196aee722"
    },
    {
      "type": "single",
      "resource": "customfishing:5b5a599c-e936-43bf-b9f8-b693c7553d2b"
    },
    {
      "type": "single",
      "resource": "customfishing:a8ddb6b1-f044-4ab7-9103-25e53e338a41"
    },
    {
      "type": "single",
      "resource": "customfishing:43087437-24b7-439e-8a5f-be938ede4fd8"
    },
    {
      "type": "single",
      "resource": "customfishing:e1195cc4-00f7-4139-89f7-145f3032cea8"
    },
    {
      "type": "single",
      "resource": "customfishing:9580ef90-9020-4b2c-b919-41c699a139d2"
    },
    {
      "type": "single",
      "resource": "customfishing:501b4852-fd22-43ab-9736-a26bb5d6ccdd"
    },
    {
      "type": "single",
      "resource": "customfishing:0fd90244-afe5-4493-a17a-5560b592f6d4"
    },
    {
      "type": "single",
      "resource": "customfishing:67219a70-f333-422a-9922-01e07149c34a"
    },
    {
      "type": "single",
      "resource": "customfishing:b940d1c5-4f12-441b-af30-827538daef3d"
    },
    {
      "type": "single",
      "resource": "customfishing:77c3ba03-fa63-428c-805d-f85cf976e744"
    },
    {
      "type": "single",
      "resource": "customfishing:a6740386-09d6-4e2d-a3fe-e020579947f1"
    },
    {
      "type": "single",
      "resource": "customfishing:73a56a48-453d-48f4-ade7-a3129781f278"
    },
    {
      "type": "single",
      "resource": "customfishing:c4a995a9-d4c9-4b13-9152-0e2390adf1be"
    },
    {
      "type": "single",
      "resource": "customfishing:4c356154-4011-4e1d-a507-c5ca1f156617"
    },
    {
      "type": "single",
      "resource": "customfishing:ec8bc465-faf9-499f-8445-05f2dad2fc8d"
    },
    {
      "type": "single",
      "resource": "customfishing:4dc9aa07-f658-403f-8821-51da5b3375a7"
    },
    {
      "type": "single",
      "resource": "customfishing:a0f25ad2-84c2-4bcb-adab-f10f779c59d9"
    },
    {
      "type": "single",
      "resource": "customfishing:de77794a-6fb3-4c14-b1d6-fbef3b77ab63"
    },
    {
      "type": "single",
      "resource": "customfishing:55e48f4c-60a6-4850-a4fa-060b45a5099f"
    },
    {
      "type": "single",
      "resource": "customfishing:0e27e21f-3fc7-4fff-a9fe-6fa259037052"
    },
    {
      "type": "single",
      "resource": "customfishing:3df605ed-5fa3-47ee-a77b-112d2a33addb"
    },
    {
      "type": "single",
      "resource": "customfishing:d9136c80-f685-4e31-8231-0f2dca09604e"
    },
    {
      "type": "single",
      "resource": "customfishing:5578858e-369b-441e-9277-08344e1ebf44"
    },
    {
      "type": "single",
      "resource": "customfishing:12ae15d2-48c8-444a-9455-022c9840b494"
    },
    {
      "type": "single",
      "resource": "customfishing:92a1a646-af60-484c-a598-7d44651c5f28"
    },
    {
      "type": "single",
      "resource": "customfishing:a484d0ee-62f7-4279-be40-90eee45c1793"
    },
    {
      "type": "single",
      "resource": "customfishing:063a6e4f-213a-4cbe-b314-902a6f467b95"
    },
    {
      "type": "single",
      "resource": "customfishing:8da27307-7534-41f2-b298-f811ba14ec0c"
    },
    {
      "type": "single",
      "resource": "customfishing:82ba967b-0fed-4a5d-b6f1-df340cbd9a1a"
    },
    {
      "type": "single",
      "resource": "customfishing:3a32fa06-38f0-47ab-8ea5-6e2049cd6483"
    },
    {
      "type": "single",
      "resource": "customfishing:eb0d59f8-fc92-4539-a857-2940d3885a3c"
    },
    {
      "type": "single",
      "resource": "customfishing:4729b0a6-dcd3-42d8-80e5-6e3834f90887"
    },
    {
      "type": "single",
      "resource": "customfishing:fedb4975-9bcc-4e52-bd08-68655a6dc212"
    },
    {
      "type": "single",
      "resource": "customfishing:c91a9c78-926b-407e-a4fb-c5b3cc23e2ae"
    },
    {
      "type": "single",
      "resource": "customfishing:65343670-d01c-4df2-9e11-13945983da66"
    },
    {
      "type": "single",
      "resource": "customfishing:68bd9944-d3d0-49db-9317-d3b2560e1989"
    },
    {
      "type": "single",
      "resource": "customfishing:f67d52a9-5a82-4438-b371-a5e10587b569"
    },
    {
      "type": "single",
      "resource": "customfishing:b2324c0b-1dfb-40f1-825c-b1779af11c17"
    },
    {
      "type": "single",
      "resource": "customfishing:90bb4fe9-45a5-4bf7-8196-c1946502836e"
    },
    {
      "type": "single",
      "resource": "customfishing:26e98a3f-e063-4419-9905-1b2c171c165a"
    },
    {
      "type": "single",
      "resource": "customfishing:2d1b0195-a653-4793-b783-914bf9aaa8eb"
    },
    {
      "type": "single",
      "resource": "customfishing:7e6a8e54-6e51-472b-a5f6-9cfa61ffbb80"
    },
    {
      "type": "single",
      "resource": "customfishing:5ebff64c-5628-403a-a998-7ce437f112c5"
    },
    {
      "type": "single",
      "resource": "customfishing:32d901fb-6d31-4542-918e-d80de82baf49"
    },
    {
      "type": "single",
      "resource": "customfishing:507e2726-64aa-4571-9cb8-4b16af644b15"
    },
    {
      "type": "single",
      "resource": "customfishing:7c59ad90-e0bd-468d-a4df-d27e9bcc9fa9"
    },
    {
      "type": "single",
      "resource": "customfishing:1c9718e2-77cd-4659-9bf9-b5d9a0222959"
    },
    {
      "type": "single",
      "resource": "customfishing:772dd888-f259-4c34-8526-23a0615fd857"
    },
    {
      "type": "single",
      "resource": "customfishing:f415a467-ce0a-4671-9416-bbb61e43b47b"
    },
    {
      "type": "single",
      "resource": "customfishing:709cbca2-25a4-48d2-9bd3-7e09d88a5dd3"
    },
    {
      "type": "single",
      "resource": "customfishing:217607a5-9751-4405-8faf-dc0739b4d6b2"
    },
    {
      "type": "single",
      "resource": "customfishing:a17290f7-8ac6-4eed-aa08-cd15b3cad275"
    },
    {
      "type": "single",
      "resource": "customfishing:a17290f7-8ac6-4eed-aa08-cd15b3cad275"
    },
    {
      "type": "single",
      "resource": "customfishing:c6caa6db-47b8-4b6c-aa77-c1ee0b186c95"
    },
    {
      "type": "single",
      "resource": "customfishing:c6caa6db-47b8-4b6c-aa77-c1ee0b186c95"
    },
    {
      "type": "single",
      "resource": "customfishing:ce4de0e9-0e1c-44a0-b755-b4a72a7a8c8d"
    },
    {
      "type": "single",
      "resource": "item/diamond_hoe"
    },
    {
      "type": "single",
      "resource": "void_fishing_hat_tier_4"
    },
    {
      "type": "single",
      "resource": "void_fishing_hat_tier_3"
    },
    {
      "type": "single",
      "resource": "void_fishing_hat_tier_2"
    },
    {
      "type": "single",
      "resource": "8c519355-4949-4b1d-a460-49c67ab65dcf"
    },
    {
      "type": "single",
      "resource": "void_fishing_hat_tier_5"
    },
    {
      "type": "single",
      "resource": "42075403-cfcc-49ba-bbc1-634ada4ae048"
    },
    {
      "type": "single",
      "resource": "5620eeb9-f878-44f3-96b4-ea6c56f7cc69"
    },
    {
      "type": "single",
      "resource": "457d8658-d3e1-4cad-b894-1180206ced89"
    },
    {
      "type": "single",
      "resource": "e191a381-fe2e-485d-9d43-43882c5e7641"
    },
    {
      "type": "single",
      "resource": "eaf3ee5b-2a62-4675-939a-bda4b108d6c7"
    },
    {
      "type": "single",
      "resource": "57be9f9a-03e4-4905-9a45-e5930d842002"
    },
    {
      "type": "single",
      "resource": "4939970e-bf56-4e9f-827d-37b66ef6bb98"
    },
    {
      "type": "single",
      "resource": "af9ca695-04bb-4a67-9db1-1c60f6ab4288"
    },
    {
      "type": "single",
      "resource": "fecd5ec2-ae96-4947-a31d-9b80ce7d18ab"
    },
    {
      "type": "single",
      "resource": "374db5ec-bff9-4008-b2b5-4c21a25e8fee"
    },
    {
      "type": "single",
      "resource": "8f0ee087-85d9-44ff-b193-666543f04132"
    },
    {
      "type": "single",
      "resource": "24252992-7bcb-40ff-897a-9df0b0effaf9"
    },
    {
      "type": "single",
      "resource": "083a3696-45fb-404f-95ba-7ddb33a5c068"
    },
    {
      "type": "single",
      "resource": "fe3a1422-23dd-4531-b9a2-d6006c203f4a"
    },
    {
      "type": "single",
      "resource": "80e15816-d68c-47e5-a78b-99642ba1ed52"
    },
    {
      "type": "single",
      "resource": "a1ce10b5-7253-4609-a24b-526aa0e905b2"
    },
    {
      "type": "single",
      "resource": "891d2b30-2465-4df4-ace5-bcc865cf4008"
    },
    {
      "type": "single",
      "resource": "762d15b3-4a36-42c8-826d-7de5e82c1a50"
    },
    {
      "type": "single",
      "resource": "abc2f084-e926-4f18-9682-92ebed9fc29e"
    },
    {
      "type": "single",
      "resource": "5cc2395e-6ce2-4f9c-8530-d5d50bed0f5c"
    },
    {
      "type": "single",
      "resource": "b272b88d-1a5d-40da-a5ac-7aa67733e0bc"
    },
    {
      "type": "single",
      "resource": "a49cda27-68ae-469a-890e-642c08174477"
    },
    {
      "type": "single",
      "resource": "f6cdb65a-5827-4b94-8cff-328df54ff424"
    },
    {
      "type": "single",
      "resource": "50cb72d4-5e07-446b-a03e-e7019ec68837"
    },
    {
      "type": "single",
      "resource": "5a8d1549-10ad-4b49-b16e-729cfd86a0fa"
    },
    {
      "type": "single",
      "resource": "item/cod"
    },
    {
      "type": "single",
      "resource": "item/fishing_rod"
    },
    {
      "type": "single",
      "resource": "item/paper"
    },
    {
      "type": "single",
      "resource": "item/shears"
    },
    {
      "type": "single",
      "resource": "item/echo_shard"
    },
    {
      "type": "single",
      "resource": "block/sunflower_front"
    },
    {
      "type": "single",
      "resource": "item/angler_pottery_sherd"
    },
    {
      "type": "single",
      "resource": "item/chain"
    },
    {
      "type": "single",
      "resource": "item/light_gray_dye"
    },
    {
      "type": "single",
      "resource": "item/rabbit_foot"
    },
    {
      "type": "single",
      "resource": "item/amethyst_shard"
    },
    {
      "type": "single",
      "resource": "item/netherite_pickaxe"
    },
    {
      "type": "single",
      "resource": "item/heart_of_the_sea"
    },
    {
      "type": "single",
      "resource": "item/chainmail_helmet"
    },
    {
      "type": "single",
      "resource": "item/chainmail_chestplate"
    },
    {
      "type": "single",
      "resource": "item/chainmail_leggings"
    },
    {
      "type": "single",
      "resource": "item/chainmail_boots"
    },
    {
      "type": "single",
      "resource": "item/tipped_arrow_head"
    },
    {
      "type": "single",
      "resource": "item/tipped_arrow_base"
    },
    {
      "type": "single",
      "resource": "item/netherite_axe"
    },
    {
      "type": "single",
      "resource": "item/netherite_hoe"
    },
    {
      "type": "single",
      "resource": "item/netherite_shovel"
    },
    {
      "type": "single",
      "resource": "item/netherite_sword"
    },
    {
      "type": "single",
      "resource": "block/dark_oak_planks"
    },
    {
      "type": "single",
      "resource": "2cd45330-0953-4b97-b604-4d561d036b38"
    },
    {
      "type": "single",
      "resource": "f7e1a122-4a85-4fcd-8969-b74692ebcae5"
    },
    {
      "type": "single",
      "resource": "bd384177-931f-4915-b18e-bf975e72740d"
    },
    {
      "type": "single",
      "resource": "3baf778c-551d-4f6c-b9bc-259d5a0d3bf1"
    },
    {
      "type": "single",
      "resource": "3c167373-4112-4541-9486-186b520f581b"
    },
    {
      "type": "single",
      "resource": "4ab57890-6f2d-4da1-a15a-cb3543a898f8"
    },
    {
      "type": "single",
      "resource": "84691c33-40f7-41e4-a67d-ab340e0d1c58"
    },
    {
      "type": "single",
      "resource": "4860f231-9f71-4b83-a401-0925e38c1d9b"
    },
    {
      "type": "single",
      "resource": "efecf9cb-4db7-4920-890e-a66c944fde5b"
    },
    {
      "type": "single",
      "resource": "7bfbfd2a-1278-4627-8b6f-be54bd6d5679"
    },
    {
      "type": "single",
      "resource": "a3a343da-a55d-4071-a395-d9e7290f874e"
    },
    {
      "type": "single",
      "resource": "11ac692d-de29-4744-a822-6892a8afcf4a"
    },
    {
      "type": "single",
      "resource": "b680b450-11d8-4439-8dae-93b5aa477463"
    },
    {
      "type": "single",
      "resource": "17021832-0025-4119-a821-5e0dd22623e3"
    },
    {
      "type": "single",
      "resource": "954cc882-eaad-495e-8197-153ed8da7bc3"
    },
    {
      "type": "single",
      "resource": "923b90a3-3421-4cb5-965c-dacc90471d5b"
    },
    {
      "type": "single",
      "resource": "34ddaca4-ae62-4005-82c9-9970cfcedc1c"
    },
    {
      "type": "single",
      "resource": "b3e4f17d-bcf7-4b22-bd5d-2da8b79e2e10"
    },
    {
      "type": "single",
      "resource": "250cd7d3-1452-477b-bf0d-48a073828ba1"
    },
    {
      "type": "single",
      "resource": "2009d05c-e8ca-472b-8257-72570c067fe7"
    },
    {
      "type": "single",
      "resource": "a3d0f271-501a-48a4-9f68-e51ca0ac023e"
    },
    {
      "type": "single",
      "resource": "6ba67888-8443-4df8-a065-2f2c241ada72"
    },
    {
      "type": "single",
      "resource": "4dd590cf-4f14-40b6-bf65-c897f08124ee"
    },
    {
      "type": "single",
      "resource": "e6257d76-f71b-446d-be6c-0065ca0be7b2"
    },
    {
      "type": "single",
      "resource": "c1326763-190b-4341-90de-9b4f80b97f9b"
    },
    {
      "type": "single",
      "resource": "ce1574a8-ef11-407f-9227-977979186d1e"
    },
    {
      "type": "single",
      "resource": "63aabf81-c424-407e-b912-9cd96778c8c9"
    },
    {
      "type": "single",
      "resource": "91a8c8a7-200f-4058-bf0b-10bbac3f21a2"
    },
    {
      "type": "single",
      "resource": "e8a51545-2b2b-4083-a22f-b5f045a4670f"
    },
    {
      "type": "single",
      "resource": "2ae60936-2764-4fb5-92a2-77c1d8bd6be0"
    },
    {
      "type": "single",
      "resource": "288a2a97-f984-4155-ba02-3a9a5b07a138"
    },
    {
      "type": "single",
      "resource": "c12992d3-56e2-46f0-938c-c37cd035a524"
    },
    {
      "type": "single",
      "resource": "8392005b-5f5c-4f5b-95f0-d0fdbf8fdc2c"
    },
    {
      "type": "single",
      "resource": "c412f925-b3f6-4738-9635-45709c78f641"
    },
    {
      "type": "single",
      "resource": "aacf8e53-e282-411a-abd0-54ec75635019"
    },
    {
      "type": "single",
      "resource": "ee77c5fa-5eb8-4d58-908d-7832ea015427"
    },
    {
      "type": "single",
      "resource": "08a6f85b-509f-400c-b119-5ecb6130439c"
    },
    {
      "type": "single",
      "resource": "6f4806c9-9808-46bb-97ea-0c31867c3760"
    },
    {
      "type": "single",
      "resource": "a788684a-ae0c-4d22-b196-0f416a1d8a7b"
    },
    {
      "type": "single",
      "resource": "b58ff8c1-4195-424d-a382-1fdcf49ef61d"
    },
    {
      "type": "single",
      "resource": "f748649c-ca65-4d66-8cc0-9cfdbf284419"
    },
    {
      "type": "single",
      "resource": "be4cc71b-1d73-4f1b-a308-40f02052f900"
    },
    {
      "type": "single",
      "resource": "1f89109a-c951-4aa7-a96d-4fec277599ca"
    },
    {
      "type": "single",
      "resource": "e19d0942-a73c-479e-b70d-7d679d94cca9"
    },
    {
      "type": "single",
      "resource": "b7085acc-738d-4205-959a-1576ec656797"
    },
    {
      "type": "single",
      "resource": "bcc54878-1a9a-4131-b336-4e437622fe04"
    },
    {
      "type": "single",
      "resource": "589fae85-cf00-4822-91c1-afe823307c1c"
    },
    {
      "type": "single",
      "resource": "9d3bc0ee-272f-4b54-b1b1-0dbd1d0f887d"
    },
    {
      "type": "single",
      "resource": "1b3c184d-f63f-4009-ba2e-cd2c9e60212c"
    },
    {
      "type": "single",
      "resource": "a7a86800-9f94-4479-983a-383be93cb131"
    },
    {
      "type": "single",
      "resource": "b7a4218d-62a1-4fee-b60d-1e0db6816b18"
    },
    {
      "type": "single",
      "resource": "02464e95-a691-44f0-b27d-de783e752a4b"
    },
    {
      "type": "single",
      "resource": "8935fcca-8fb1-453c-b8a0-73dcc223fac2"
    },
    {
      "type": "single",
      "resource": "fc0b5e7a-b747-47e2-a096-f5480a816259"
    },
    {
      "type": "single",
      "resource": "608576fe-a876-4103-889c-c42d2dae16ac"
    },
    {
      "type": "single",
      "resource": "dcea1e92-952d-4900-93ce-0162593150d4"
    },
    {
      "type": "single",
      "resource": "422d4f6d-3bf0-43d3-bba2-d31424261210"
    },
    {
      "type": "single",
      "resource": "5a0787dc-546d-4ddf-8ebf-e58cdc8c4353"
    },
    {
      "type": "single",
      "resource": "7f23b1cb-046f-4459-991b-5d248d7a1b14"
    },
    {
      "type": "single",
      "resource": "2ac8f547-6292-4901-aa93-71ac9247e0d7"
    },
    {
      "type": "single",
      "resource": "143cfb67-05ce-46d6-bee9-170823c00045"
    },
    {
      "type": "single",
      "resource": "60ac7cf5-3cd3-42ff-a3ed-cdaa1a9610fd"
    },
    {
      "type": "single",
      "resource": "36828d93-5b71-48dd-b3e3-c6ef58b9325f"
    },
    {
      "type": "single",
      "resource": "d998ac08-4598-421d-b341-6d2013873add"
    },
    {
      "type": "single",
      "resource": "2e9135aa-5714-4af8-9c03-c0905645e945"
    },
    {
      "type": "single",
      "resource": "46074416-1f14-45b7-a36b-4c389d892881"
    },
    {
      "type": "single",
      "resource": "d7d7552a-8ecd-4813-a78c-d244c13acb12"
    },
    {
      "type": "single",
      "resource": "d5e7efe2-4d6b-4d47-a379-2270dd6f6876"
    },
    {
      "type": "single",
      "resource": "0d5837ff-b67a-4df2-b079-9837b39b55b2"
    },
    {
      "type": "single",
      "resource": "784a0ed8-7096-42e4-8f96-342fb8f853ee"
    },
    {
      "type": "single",
      "resource": "43b6835a-eef8-49e6-ab2d-4c6b706fcc57"
    },
    {
      "type": "single",
      "resource": "41fdc143-d03c-40a0-b144-901967ee012f"
    },
    {
      "type": "single",
      "resource": "18b3be56-60c1-4e04-9b5e-1f1788062a5e"
    },
    {
      "type": "single",
      "resource": "bfe3fdfb-c446-433f-b2a9-c74e79489e32"
    },
    {
      "type": "single",
      "resource": "e750de54-1043-4337-9774-00d61f66a302"
    },
    {
      "type": "single",
      "resource": "nexo:72ce6a80-3399-4ef6-b9a8-2ee2cca7081b"
    },
    {
      "type": "single",
      "resource": "nexo:c5c22148-4cc3-45b1-916a-acb2fc53d330"
    },
    {
      "type": "single",
      "resource": "nexo:b29f045d-2c4f-4891-887d-a2147a99fbdd"
    },
    {
      "type": "single",
      "resource": "7e2a12e0-b05f-476c-9ba1-56fabddfc12d"
    },
    {
      "type": "single",
      "resource": "b8c5aafa-dfe5-4d85-aaac-e049608837ab"
    },
    {
      "type": "single",
      "resource": "1220a346-d838-4020-abb1-0cfac0cee5a2"
    }
  ]
}