{"sources":[{"type":"directory","source":"items","prefix":"items/"},{"type":"single","resource":"block/chain"},{"type":"single","resource":"block/dark_oak_planks"},{"type":"single","resource":"block/mangrove_planks"},{"type":"single","resource":"block/sunflower_front"},{"type":"single","resource":"item/amethyst_shard"},{"type":"single","resource":"item/angler_pottery_sherd"},{"type":"single","resource":"customfishing:5088d09d-adf6-4d78-8ec5-c7ba10bfbc4b"},{"type":"single","resource":"customfishing:588546b3-6b2c-4d85-8557-6e63de939352"},{"type":"single","resource":"customfishing:358a0cb7-af1f-4096-9158-e08929f7a849"},{"type":"single","resource":"item/bone_rods/epic_bone_rod_cast"},{"type":"single","resource":"item/bone_rods/legendary_bone_rod_cast"},{"type":"single","resource":"item/bone_rods/mythic_bone_rod_cast"},{"type":"single","resource":"item/bone_rods/rare_bone_rod_cast"},{"type":"single","resource":"item/bone_rods/uncommon_bone_rod_cast"},{"type":"single","resource":"item/chain"},{"type":"single","resource":"item/chainmail_boots"},{"type":"single","resource":"item/chainmail_chestplate"},{"type":"single","resource":"item/chainmail_helmet"},{"type":"single","resource":"item/chainmail_leggings"},{"type":"single","resource":"item/cod"},{"type":"single","resource":"item/diamond_hoe"},{"type":"single","resource":"item/echo_shard"},{"type":"single","resource":"customfishing:e30ee103-ac05-4055-93ac-d4ae28b7c9d3"},{"type":"single","resource":"customfishing:89a35737-4b90-4fcc-9bd2-3a38ccf742de"},{"type":"single","resource":"customfishing:bf481317-b17f-48df-8175-a65d6aadedc8"},{"type":"single","resource":"customfishing:b2f88252-1ece-42df-adc9-6b26bca07ca5"},{"type":"single","resource":"customfishing:d22d9fe5-7470-4179-8b93-c10e564a8564"},{"type":"single","resource":"customfishing:5e360f89-77fe-4207-99a7-a2fdba908069"},{"type":"single","resource":"customfishing:fb666a08-eb26-402b-a22d-400d0b79ec7a"},{"type":"single","resource":"customfishing:7845c441-11df-4153-b66d-b7d0ac7b9d48"},{"type":"single","resource":"customfishing:c072053e-c656-4e51-8b32-778ebbb18c61"},{"type":"single","resource":"customfishing:d0032c79-7fae-4687-b03e-7b6300c1667f"},{"type":"single","resource":"customfishing:ecd70ea4-ac4e-4b71-aa79-a438085e7b0f"},{"type":"single","resource":"customfishing:2e5ca5e4-c08e-4764-80d6-17a8cdc13c82"},{"type":"single","resource":"customfishing:12e6361d-bc9d-48ae-a507-9ac4167b97d4"},{"type":"single","resource":"customfishing:b279687e-4b6b-4f61-8c59-b51d043bcf38"},{"type":"single","resource":"customfishing:dc8f8e5c-66bc-42c1-b389-a673c8e3bccc"},{"type":"single","resource":"customfishing:4e32756b-04ee-44b9-8712-1aded277118e"},{"type":"single","resource":"customfishing:e24daca1-3f45-428f-87a4-25253eaff3e8"},{"type":"single","resource":"customfishing:5aa85e89-d5d5-4f04-bb0d-9ce273c12364"},{"type":"single","resource":"customfishing:53f4265f-84b0-4b1d-9281-b972227c5160"},{"type":"single","resource":"customfishing:1e9b21bd-d086-4aa6-a1fb-fba6cda1fc3e"},{"type":"single","resource":"customfishing:8e7b3df4-d2fb-4d69-bc69-f88edd08da5e"},{"type":"single","resource":"customfishing:fe654177-8fee-4dec-bb57-ddbdaf70c4eb"},{"type":"single","resource":"customfishing:4cadf678-2c81-49bb-92e0-72e6fcbc50ad"},{"type":"single","resource":"customfishing:ed424683-8f58-4937-ae36-f004e5903758"},{"type":"single","resource":"customfishing:b53aef86-7800-40cd-bbc2-166cf0b15e89"},{"type":"single","resource":"customfishing:bb3838af-7c5a-497f-8f71-e47882473462"},{"type":"single","resource":"customfishing:1c9c50b1-67f1-42c2-872a-ee969096097e"},{"type":"single","resource":"customfishing:9da48868-da4f-4c6c-b688-f88ac79edb47"},{"type":"single","resource":"customfishing:0a66b4f7-50c9-4576-95f0-2cbc357904bb"},{"type":"single","resource":"customfishing:c79cdb36-3f2f-4b32-99eb-b27297a0936d"},{"type":"single","resource":"customfishing:85e43982-51b7-4e23-8b1e-94e2ed2d577b"},{"type":"single","resource":"customfishing:6434d077-bbd7-41fd-bec6-07faa24f2911"},{"type":"single","resource":"customfishing:9e00d1fc-bc61-4612-b3d7-0025c083e3dd"},{"type":"single","resource":"customfishing:0069c413-c025-446f-b267-a88d92a6ad09"},{"type":"single","resource":"customfishing:5955c84c-f9c2-4215-9e24-ddc5c212f0d5"},{"type":"single","resource":"customfishing:b2dd6a58-1394-4e72-beb7-1adb257bfc7e"},{"type":"single","resource":"customfishing:a80210cc-60b7-41aa-9f4e-4592fd21b9cb"},{"type":"single","resource":"customfishing:6335032b-e010-4386-95b9-b63f948a1e3f"},{"type":"single","resource":"customfishing:d49a9e8f-4dd8-42cf-a5b2-83f9ebebd966"},{"type":"single","resource":"customfishing:72872979-c5a7-43f4-be29-4ce5f8792eea"},{"type":"single","resource":"customfishing:192df42d-8b09-44da-a81f-93dc5883bc3f"},{"type":"single","resource":"customfishing:9d4cc52d-1904-401c-ba0c-08527b6fa837"},{"type":"single","resource":"customfishing:e8c21223-4555-4f6c-b83a-add3a01f0383"},{"type":"single","resource":"customfishing:da8ccb3b-464d-4e06-918f-ade538ccda7d"},{"type":"single","resource":"customfishing:db02771f-058b-4856-a5c4-083b2d7f2658"},{"type":"single","resource":"customfishing:94be92b5-f3b4-4568-ae68-0c65c938d38e"},{"type":"single","resource":"customfishing:2ea79250-a372-4a1d-b6e7-27db1f115ca0"},{"type":"single","resource":"customfishing:8dce75c2-36d4-42a1-b2ce-c189c39ad42d"},{"type":"single","resource":"customfishing:b4730295-b533-4f45-97f7-2bc7a21f6631"},{"type":"single","resource":"customfishing:7a8ce753-391d-4679-8520-42c84aaff594"},{"type":"single","resource":"item/fishing_rod"},{"type":"single","resource":"item/heart_of_the_sea"},{"type":"single","resource":"customfishing:69960772-cd31-42a8-ae73-83c333ddae1d"},{"type":"single","resource":"item/light_gray_dye"},{"type":"single","resource":"item/netherite_axe"},{"type":"single","resource":"item/netherite_hoe"},{"type":"single","resource":"item/netherite_pickaxe"},{"type":"single","resource":"item/netherite_shovel"},{"type":"single","resource":"item/netherite_sword"},{"type":"single","resource":"nexo:6d0a8daf-58d8-44e9-a4e9-6b3314821f0c"},{"type":"single","resource":"nexo:c50a50b6-617e-49b2-aa0c-b8168e997b68"},{"type":"single","resource":"nexo:1940427f-3747-44d2-b261-536fb92e6947"},{"type":"single","resource":"nexo:f4c63bcf-e9d2-4d7f-8bad-d962b2e217ad"},{"type":"single","resource":"nexo:7c1e5836-cd64-41a0-8d49-42b592bb319c"},{"type":"single","resource":"nexo:268f2c74-f8f0-4243-980a-c8446a99b8e4"},{"type":"single","resource":"nexo:36daf36f-6bc0-4f52-b05c-926c12eb0520"},{"type":"single","resource":"nexo:11b5ade0-cc27-457c-ad3c-d8b13026bd47"},{"type":"single","resource":"nexo:89bcb1c4-4f05-4e2d-9dd4-4f8237eff36f"},{"type":"single","resource":"nexo:2533034d-c3a1-4df5-bbdd-902e27cd7dd8"},{"type":"single","resource":"nexo:cd9c6b69-13f6-4a51-bfba-a452a850b292"},{"type":"single","resource":"nexo:bf4a319d-a56f-4df5-9a0a-87eda63f8334"},{"type":"single","resource":"nexo:85c13bad-a969-4e3b-8e31-fb81407c2ebc"},{"type":"single","resource":"nexo:1a980706-030a-4781-ab59-61215a819dea"},{"type":"single","resource":"nexo:89e3b223-1159-4667-8d8e-6f707b1607ad"},{"type":"single","resource":"nexo:450bbd0b-acc2-454e-9fbe-e9ec35f560a9"},{"type":"single","resource":"nexo:91c1a000-6a36-4bef-825f-bfc3fa734c60"},{"type":"single","resource":"nexo:39d93853-10d5-4041-a4f6-ee91d8eea796"},{"type":"single","resource":"nexo:f4dec416-dff0-4d77-8ad6-09eb8bdbb777"},{"type":"single","resource":"nexo:b8990f6c-71e9-4c1a-9ce4-319690ca5bf8"},{"type":"single","resource":"nexo:6330975e-d9bb-416d-a73e-954d38a58941"},{"type":"single","resource":"nexo:be19a522-0f09-4ede-ba93-1aec82cf1514"},{"type":"single","resource":"nexo:a3ea0e19-9dcd-413f-bb3b-ee8b0fdf8590"},{"type":"single","resource":"nexo:f5c7d670-2cb4-4d84-bf12-2322122daecf"},{"type":"single","resource":"nexo:a9073850-c1ab-4834-b34d-2ffe3a0a721e"},{"type":"single","resource":"nexo:d419d043-da18-4abb-bd0a-8402452adb4a"},{"type":"single","resource":"nexo:578c9c9b-fec1-4a86-b27d-0d51a63ae8f9"},{"type":"single","resource":"nexo:e33f9b6d-5a31-4df5-88e2-bcf69f08b357"},{"type":"single","resource":"nexo:0a64479c-6332-4feb-9301-c67c869a2234"},{"type":"single","resource":"nexo:f865b566-141c-4c0a-b1d6-4fed77d8d9b4"},{"type":"single","resource":"nexo:813ea3af-604e-4cae-93a3-f04d572742de"},{"type":"single","resource":"nexo:c03e5ece-fc97-493e-8ee3-bfda3bf52d71"},{"type":"single","resource":"nexo:b402eb76-bfd5-4f63-901b-7f8fb2c6a030"},{"type":"single","resource":"nexo:3ee70b0f-a7bb-4f54-ae09-7a4a5bba585b"},{"type":"single","resource":"item/paper"},{"type":"single","resource":"item/potion"},{"type":"single","resource":"item/potion_overlay"},{"type":"single","resource":"item/rabbit_foot"},{"type":"single","resource":"customfishing:24c6b0b2-2c62-46d6-999e-2983b8ca0796"},{"type":"single","resource":"customfishing:74c553f1-1c03-437a-ab10-db336101bf18"},{"type":"single","resource":"customfishing:e65c9bb4-c7aa-47c7-8d37-69273c3a09d5"},{"type":"single","resource":"customfishing:0ae50efa-dd09-4d78-9cd4-b0204adf6ce2"},{"type":"single","resource":"customfishing:78bbc56e-61a9-48c8-8673-7c3720cdaaa2"},{"type":"single","resource":"customfishing:d07c1755-5005-4002-8f01-72434afef32b"},{"type":"single","resource":"customfishing:dec193dd-773b-435f-99ae-afbb28674151"},{"type":"single","resource":"customfishing:88f8ed1c-1af0-43fc-843d-3ea010b34061"},{"type":"single","resource":"customfishing:8a533285-01cd-456e-92e0-84ade5ef7ac1"},{"type":"single","resource":"customfishing:3a37f9e3-e6aa-44e1-a7fc-13288affd74c"},{"type":"single","resource":"customfishing:2f612c7c-6d04-4391-bab2-b64734dd5847"},{"type":"single","resource":"customfishing:2ecf81ab-2f32-422d-88c8-e126f2ce94ba"},{"type":"single","resource":"customfishing:110d1f1b-33e9-405d-b114-b3f5f475dcf5"},{"type":"single","resource":"customfishing:1d0e4100-6396-4884-8b81-e0e0239f8112"},{"type":"single","resource":"item/shears"},{"type":"single","resource":"item/tipped_arrow_base"},{"type":"single","resource":"item/tipped_arrow_head"},{"type":"single","resource":"customfishing:9cd53bcc-2023-4426-8a87-7dd081b0cdfd"},{"type":"single","resource":"customfishing:3520f183-a4ee-40e3-ba61-c86c36ce9488"},{"type":"single","resource":"customfishing:23309953-aeeb-4d34-94bb-8a66b51b33f2"},{"type":"single","resource":"281b1897-8263-4924-84c0-409b17a7a62e"},{"type":"single","resource":"d49d0c67-46e0-45b7-9234-a27973fb80ce"},{"type":"single","resource":"44551bf4-c261-4353-8c42-30dee043e213"},{"type":"single","resource":"de45ebe4-e968-4f2e-a01e-00c5358db9ab"},{"type":"single","resource":"13e32bf0-aa0b-4bc9-b5f7-0ac4057e33cc"},{"type":"single","resource":"6ee49a43-14db-47d8-a05e-d2931408c11f"},{"type":"single","resource":"c4e7d45f-aab4-4bf0-aeab-a88fe1142f6e"},{"type":"single","resource":"a57c334b-ac8f-4dd0-891d-cc7a24ccfa2f"},{"type":"single","resource":"69b455f0-7e1f-4cf2-aed4-bd5ad6153f87"},{"type":"single","resource":"9ca3e185-4d51-400e-a4e6-df050e7136ff"},{"type":"single","resource":"50f59bc4-88ad-470a-8bb3-bd906e90019b"},{"type":"single","resource":"f6a63847-0cb9-4ff0-a33d-039f5b84ea22"},{"type":"single","resource":"a68ed62f-ca60-4728-b42a-a7ed29b6b3ae"},{"type":"single","resource":"66ed1bdc-adce-4bb6-8e5b-99341aeb68c9"},{"type":"single","resource":"d4214d27-d929-4d08-97a5-5f53fa7aed4b"},{"type":"single","resource":"0b614a1c-8b46-4d82-bf53-0f4b34d18899"},{"type":"single","resource":"675c62c6-22d6-41ca-82f5-f0cf58768d40"},{"type":"single","resource":"169b2311-93f4-4e9d-9b24-2b22500b0247"},{"type":"single","resource":"ed3e53d2-00ef-4159-83d4-ab7cb7837731"},{"type":"single","resource":"65426db5-2be7-4bb6-a41f-fa83d799252e"},{"type":"single","resource":"33d6d9f4-29ce-42c0-8ae1-6d3cb9903b40"},{"type":"single","resource":"8cfbc528-90eb-4400-8c7f-d3b485fe87cd"},{"type":"single","resource":"582f70d2-8c07-4cc9-b096-b603a253fac3"},{"type":"single","resource":"ab59f800-1b88-4938-90a6-0bec9f40405d"},{"type":"single","resource":"bb833502-f7a0-4c0c-bc9b-13b69f47efe8"},{"type":"single","resource":"968d9fd9-977b-4204-b75c-a41177a7e35a"},{"type":"single","resource":"93074b87-4d1a-4841-b0c9-b9b866de7e84"},{"type":"single","resource":"b156b3b6-ce86-42f4-90e4-8e35f4fbaa4d"},{"type":"single","resource":"0f37bf15-50b8-4115-8a22-c8074bd30b90"},{"type":"single","resource":"a3b97acd-e820-488f-a51b-686dc9685e0a"},{"type":"single","resource":"95806c49-eba1-401c-9738-7365d8379a08"},{"type":"single","resource":"6924e85b-0da9-4ec1-9233-80c3b966acb8"},{"type":"single","resource":"1b8d6047-e9a9-4535-a543-3ad965d29292"},{"type":"single","resource":"f88c42a4-597b-45f5-8483-08c624c2f7d9"},{"type":"single","resource":"e744e0e3-6a22-4d2a-8091-334f829429fb"},{"type":"single","resource":"af27538a-37bb-4a20-999f-873c02c853aa"},{"type":"single","resource":"a0b2a617-a805-4d01-890b-4de7e5bb00f9"},{"type":"single","resource":"511aa4c2-9ff0-474b-9b05-aedcde1003ad"},{"type":"single","resource":"5154fb2f-fc7c-4cfa-831b-afeb4f243147"},{"type":"single","resource":"6d66eec3-9f60-4db1-962f-a45085fb1a98"},{"type":"single","resource":"e2777098-79d1-4885-a20b-39c8ec72db66"},{"type":"single","resource":"de345d1d-d331-44ca-9c88-91b1d93f3df1"},{"type":"single","resource":"de03504c-3c6f-42b3-8a1a-fa2fc0c20529"},{"type":"single","resource":"affd0bfa-33ff-4404-8a81-32a0cd382605"},{"type":"single","resource":"115b7a6e-596c-427e-97a7-c183e51e54d0"},{"type":"single","resource":"f625a327-9dd6-4402-b8f2-1f652b803661"},{"type":"single","resource":"55286264-61c8-40af-8e5c-52039f5dc1a3"},{"type":"single","resource":"0c69ebf0-565c-417f-8e9b-b1f3fba17558"},{"type":"single","resource":"e665ffbd-b631-44ed-9567-b8902eee05c9"},{"type":"single","resource":"0a466240-00a7-4994-b10d-3086d8a64cf7"},{"type":"single","resource":"844480a6-0987-41d5-818d-3402e87d0126"},{"type":"single","resource":"0456ec90-cbd6-4473-9c26-0387e6c9d3dc"},{"type":"single","resource":"6d841a6f-e5c8-421c-a628-7806da0439d1"},{"type":"single","resource":"bb49f6ff-70c7-4c4e-b321-f343547f1469"},{"type":"single","resource":"e45580ac-fc8c-4110-9690-b87e7b3b870e"},{"type":"single","resource":"fd0c75bf-dc31-40c2-95c7-80eb3b5b2097"},{"type":"single","resource":"cb98bfcb-17b6-49dd-b63c-0a96fa074c76"},{"type":"single","resource":"fdc5583d-75b3-4694-b4ef-35520bcd56ab"},{"type":"single","resource":"9f324b12-c2d6-4d52-9510-8c10db83ee1b"},{"type":"single","resource":"8a64f5d6-fe46-47ab-8a64-2cf0d1c8cbed"},{"type":"single","resource":"6e776c72-c2e8-4d2f-bf5d-0888ccfaeb93"},{"type":"single","resource":"ed7c7a0e-79f6-428e-b8ed-569398026f9c"},{"type":"single","resource":"b0c2809f-d51b-4ef4-bf72-4777fc20b7b3"},{"type":"single","resource":"3d360361-7ad7-44dc-87ac-2aecfcd02c34"},{"type":"single","resource":"fb72d3d2-9079-4278-9524-7dc8da8e7825"},{"type":"single","resource":"a841c2b7-eb60-4f89-9d55-ef322b76f7d4"},{"type":"single","resource":"4e111e3e-570d-4489-9cc6-501df4838ece"},{"type":"single","resource":"af4855ba-2ad8-4982-a86d-ffcafe231e91"},{"type":"single","resource":"837b23f4-f9c0-441c-a865-8a1f09f2e7d1"},{"type":"single","resource":"64fa262c-e971-44db-9442-146c54f83e84"},{"type":"single","resource":"5e791b03-28b2-42d1-9caa-4570a48a9c38"},{"type":"single","resource":"ec51440a-62bc-4b6b-b5d8-89324e9ab3d6"},{"type":"single","resource":"529c7ece-0fa5-4040-b7e3-6ff2f9b675f6"},{"type":"single","resource":"05206ef2-a7cb-409a-8344-43ebdbfb2d0f"},{"type":"single","resource":"97af0377-070e-4b84-b3ee-87a9d628574f"},{"type":"single","resource":"634b841d-1839-4238-b0fa-6123058acced"},{"type":"single","resource":"ac27845d-1e47-45e5-9f15-2ccc8a832233"},{"type":"single","resource":"4c075e0f-21d8-40dc-8f6a-720f28ee7d7f"},{"type":"single","resource":"e78aad1a-fa2a-4da4-9cf0-e76ca24823c1"},{"type":"single","resource":"5ae6841a-a43c-472c-baea-977898f27ff6"},{"type":"single","resource":"6778ac22-8830-4e5c-8c30-fc547f4e71ae"},{"type":"single","resource":"f08410a2-6c70-4ccd-a7eb-8d94130af9bd"},{"type":"single","resource":"dc5520c9-8316-4172-bfce-ae21756a6b49"},{"type":"single","resource":"4b1bf552-5ef8-423e-8338-8173c66f711e"},{"type":"single","resource":"b2f869d9-b71c-4a6c-a234-8308ce698512"},{"type":"single","resource":"9c6cfb57-bb14-4a70-b0af-7617bc0a6e22"},{"type":"single","resource":"43008461-08d9-4c18-9219-c813b16fb5a9"},{"type":"single","resource":"0754972a-d4f9-4629-b68d-8eaa4bd6906d"},{"type":"single","resource":"62e3c028-8066-4b08-8f44-a22f63888495"},{"type":"single","resource":"5791be87-3fd9-4a1c-b12c-a34f17e36513"},{"type":"single","resource":"c4f89bcd-937d-48ca-b6e3-d8e6bfe3804c"},{"type":"single","resource":"741cc616-8413-4ce3-8b93-5cff93d3bc0a"},{"type":"single","resource":"e0211058-80de-400a-b839-9925514db9fd"},{"type":"single","resource":"d42012e0-ab06-40af-be6b-ba253ad51ba8"},{"type":"single","resource":"5598152f-e430-43ef-a69c-9abe7b8634c2"},{"type":"single","resource":"d046a281-6cc6-443f-9972-f660b18c1bb8"},{"type":"single","resource":"84455673-0e3e-4dbd-bd5b-f6fe87a09ca3"},{"type":"single","resource":"b058c851-36c1-486e-94bb-633c663f6d5d"},{"type":"single","resource":"c29a3088-29a3-438e-a014-3ea10f122043"},{"type":"single","resource":"04f7a518-aab2-4726-b02d-0315ad21039b"},{"type":"single","resource":"c579d91c-e559-4e7c-986d-69eca2db7ba1"},{"type":"single","resource":"8ac6b08d-707b-4478-a467-d06c4ebf4a02"},{"type":"single","resource":"1adf1a23-89dd-4a91-9028-d2f3fd85e392"},{"type":"single","resource":"80dc8be3-8323-4706-a24f-c4c7608f1697"},{"type":"single","resource":"1c444876-da23-4b6b-9eba-8444805ce611"},{"type":"single","resource":"9bc1b687-a338-4703-af92-dbff174e9c79"},{"type":"single","resource":"c7f072cf-d27b-4864-ae41-304201ecf138"},{"type":"single","resource":"b54aa008-8c7f-4856-a6a6-4c04e41b81d7"},{"type":"single","resource":"20ac9b41-6925-49df-a9cc-ce4cec844e8c"},{"type":"single","resource":"a9116f26-3af9-45ea-bcd9-cd1ee4f44cf7"},{"type":"single","resource":"d13972bd-32c8-48d5-b7fb-6a3d6a351b39"},{"type":"single","resource":"8a959a95-cfee-4c49-a832-3e3b5fe51299"},{"type":"single","resource":"3252748e-5a59-42e5-acf8-aaef1bc0c091"},{"type":"single","resource":"4a9758a7-06b4-4882-8ecb-af59384f04f8"},{"type":"single","resource":"a92ba152-67ac-4ec1-8a40-0dc7e3a478f6"},{"type":"single","resource":"496c452f-2198-421a-94ca-3345698cec8b"},{"type":"single","resource":"87a234e2-5ee0-4f2a-ae03-fb3815b82b43"},{"type":"single","resource":"a21a8680-cedb-4dfc-8a3a-13190e293f92"},{"type":"single","resource":"453dfa07-83c3-4d9b-ac8b-413bf3805850"},{"type":"single","resource":"0870859c-ef4e-4026-8b49-1cf5a539185d"},{"type":"single","resource":"79758f8c-007f-4879-952e-0935a34967fd"},{"type":"single","resource":"ff108740-0d28-4f4f-ac40-dcb876ca83b1"},{"type":"single","resource":"f956ef44-ad7f-4fab-81ee-645bbe26da3e"},{"type":"single","resource":"763e279d-69c5-4285-bc4f-c84865817fdb"},{"type":"single","resource":"ed559f07-d88a-4738-b464-a07f9ff5cd2a"},{"type":"single","resource":"bc38f5a5-0d31-436a-90f1-73a49afe1958"},{"type":"single","resource":"09a11d63-8861-43af-ba2c-a2ae0e0a336a"},{"type":"single","resource":"56fd1f62-970d-4e7e-9173-8ec5b5df9d15"},{"type":"single","resource":"7a440078-9104-4661-9f09-995c9b59fc97"},{"type":"single","resource":"55c5ef90-2c3a-4e62-ba25-f7567f653cb9"},{"type":"single","resource":"b316865f-8f68-412e-ab66-2d7cb85590fd"},{"type":"single","resource":"38404854-ba05-438a-830b-cb60861acd81"},{"type":"single","resource":"9498a223-f2b4-43ff-8c3b-9d991ef3d61c"},{"type":"single","resource":"5faa1c0d-5376-4b3b-99b5-633b56e74d62"},{"type":"single","resource":"f6241f48-b0b9-422e-a5e1-e8c83b2ff1aa"},{"type":"single","resource":"1098d679-ce36-4b9a-a0db-1ef002653d54"},{"type":"single","resource":"19dbe29f-1295-4191-bd48-d4dc906fd0af"},{"type":"single","resource":"012025c7-51da-403a-b020-29d0fb3323f6"},{"type":"single","resource":"f82bb574-7a4b-4859-a64f-b88e0b687012"},{"type":"single","resource":"d4f161ef-e89d-4d97-8428-62f7efc0c271"},{"type":"single","resource":"8b817ebb-b641-4e67-9e8f-c6c0c860a50a"},{"type":"single","resource":"8774343d-4299-48a1-8733-a11333c18c88"},{"type":"single","resource":"5b09d1cd-ddf1-4cbe-bab5-42aedefc2ffe"},{"type":"single","resource":"ad3bf56e-5676-45d9-8eb4-c8677eadcf27"},{"type":"single","resource":"107b1a2b-8a73-47b4-aaff-077db01fac8b"},{"type":"single","resource":"2ef59bb4-3887-4192-8527-1b73f454c065"},{"type":"single","resource":"ea0e4533-036a-4f79-a322-833e643fbc90"},{"type":"single","resource":"31ef5f2f-9577-4ceb-8356-969a7a2f2bd9"},{"type":"single","resource":"77870909-00c5-4e39-a2c6-61d6d349aa02"},{"type":"single","resource":"4b12d54c-cc06-4c0c-9e92-e40200eca94a"},{"type":"single","resource":"14aeebdc-03c6-4fd7-885c-45f276fdfef2"},{"type":"single","resource":"3266e458-d678-4f52-b3df-9c07f46c79cf"},{"type":"single","resource":"860e3fbe-3411-4dc7-8b66-e4e9fab46978"},{"type":"single","resource":"56066a33-1012-41a1-9c9b-09673b797c50"},{"type":"single","resource":"6150b7f7-0e00-44b5-8c19-d5d2c99b92b6"},{"type":"single","resource":"ff03157d-4954-44eb-9cd7-20967ceeab4b"},{"type":"single","resource":"211321cf-a651-4186-8814-851137a0ab77"},{"type":"single","resource":"05420ac1-a318-4a41-93bc-6c49a1335864"},{"type":"single","resource":"012ab1a1-1c5d-477c-88eb-3ef2ac29919f"},{"type":"single","resource":"c2d35e9b-fbc5-471c-bbcb-894dc277d0d6"},{"type":"single","resource":"e2d9adc5-206d-48bd-a7a3-fcbbaafc0fcd"},{"type":"single","resource":"ba5ae109-383a-4ae6-bad6-9003f701f119"},{"type":"single","resource":"4cb32105-0d09-4131-8c35-caf09625d656"},{"type":"single","resource":"c2941ede-8326-4ba5-bb15-acf767013b0c"},{"type":"single","resource":"76aec12e-7031-4494-8e96-a5a372e4f2d5"},{"type":"single","resource":"cc4363e6-de2b-4902-8367-dfccd614d546"},{"type":"single","resource":"1147f852-5852-4508-ab2e-9b9bd5837b73"},{"type":"single","resource":"a82b4ce2-f8e5-459c-8800-f57e647b5c5e"},{"type":"single","resource":"21928741-126a-447b-bab3-e841ddff80f2"},{"type":"single","resource":"9888724d-78f9-49d4-ba7d-09d3f8b7ecc4"},{"type":"single","resource":"12f99225-f49a-42db-8699-0f8414ff926d"},{"type":"single","resource":"7e06694a-1d14-49e2-ab4c-1a4f2fe025dc"},{"type":"single","resource":"8011f2fc-0c4e-4e2f-bacb-b791906983e4"},{"type":"single","resource":"8813659f-2af1-41d1-893f-6dbf73728d39"},{"type":"single","resource":"e8a0651e-438b-4f84-835e-eab3b8a7e755"},{"type":"single","resource":"f4f9b6fb-d983-4e2f-92a5-3f62fff32654"},{"type":"single","resource":"7a6eac19-635d-41c6-838a-694a302de5d0"},{"type":"single","resource":"2de8aa79-4963-4940-8119-a5da17d589a7"},{"type":"single","resource":"7a79e0fc-4788-441e-888e-74a6d9a602ed"},{"type":"single","resource":"void_fishing_hat_tier_2"},{"type":"single","resource":"void_fishing_hat_tier_3"},{"type":"single","resource":"void_fishing_hat_tier_4"},{"type":"single","resource":"void_fishing_hat_tier_5"}]}