{"sources":[{"type":"directory","source":"items","prefix":"items/"},{"type":"single","resource":"block/chain"},{"type":"single","resource":"block/dark_oak_planks"},{"type":"single","resource":"block/mangrove_planks"},{"type":"single","resource":"block/sunflower_front"},{"type":"single","resource":"item/amethyst_shard"},{"type":"single","resource":"item/angler_pottery_sherd"},{"type":"single","resource":"customfishing:3136ae5d-62a7-4f08-b182-8ee924cf28a9"},{"type":"single","resource":"customfishing:f37fb558-a1ad-4c0b-a6e6-a7b32c206585"},{"type":"single","resource":"customfishing:6f8f7b29-4771-4bd6-bed6-93b204cbbc93"},{"type":"single","resource":"item/bone_rods/epic_bone_rod_cast"},{"type":"single","resource":"item/bone_rods/legendary_bone_rod_cast"},{"type":"single","resource":"item/bone_rods/mythic_bone_rod_cast"},{"type":"single","resource":"item/bone_rods/rare_bone_rod_cast"},{"type":"single","resource":"item/bone_rods/uncommon_bone_rod_cast"},{"type":"single","resource":"item/chain"},{"type":"single","resource":"item/chainmail_boots"},{"type":"single","resource":"item/chainmail_chestplate"},{"type":"single","resource":"item/chainmail_helmet"},{"type":"single","resource":"item/chainmail_leggings"},{"type":"single","resource":"item/cod"},{"type":"single","resource":"item/crossbow_standby"},{"type":"single","resource":"item/diamond_hoe"},{"type":"single","resource":"item/echo_shard"},{"type":"single","resource":"customfishing:c93937e6-3b85-41b7-b289-e31bbd5d056b"},{"type":"single","resource":"customfishing:a1a3822e-fcef-4e25-9d6b-ef09e517bac1"},{"type":"single","resource":"customfishing:b5bcbf9b-f996-4773-b26b-d2692cac3799"},{"type":"single","resource":"customfishing:95777902-a6cd-438f-875a-58a83f80ebc5"},{"type":"single","resource":"customfishing:58096161-e8a8-4c0c-9104-91cad742e111"},{"type":"single","resource":"customfishing:066e0cd3-d2c2-42ef-bd9d-59c30be91960"},{"type":"single","resource":"customfishing:64956769-8f1c-4908-9c53-bb24b2fa7c43"},{"type":"single","resource":"customfishing:f1a73cfc-c480-4724-87b9-4b01136af484"},{"type":"single","resource":"customfishing:1dd4e59d-5303-4c23-99ef-dfd49f8acef6"},{"type":"single","resource":"customfishing:df2e448f-3d00-4d0f-a44f-e26ebaaab1b6"},{"type":"single","resource":"customfishing:f805edc4-b7c4-4dc8-ae64-d2d1e247f86b"},{"type":"single","resource":"customfishing:8657c10d-7adc-4932-80d4-f44bd8979a66"},{"type":"single","resource":"customfishing:e41c4255-0dcb-4f00-a071-da38b949b024"},{"type":"single","resource":"customfishing:e52cd907-5f82-461c-9d22-7209b3c89dbc"},{"type":"single","resource":"customfishing:582974ae-1923-4684-820c-103bae8aa803"},{"type":"single","resource":"customfishing:6dfd2216-8643-4258-aa37-8cc8e19478c0"},{"type":"single","resource":"customfishing:1222b498-e465-4ae6-81b3-a5f9d4591029"},{"type":"single","resource":"customfishing:b50a88d3-7147-41f2-9f5c-5c4becfdaa03"},{"type":"single","resource":"customfishing:ba6e2644-e584-414d-8907-38bd75d2041e"},{"type":"single","resource":"customfishing:736c21ff-1b7d-4f39-8aba-62a83f0f922a"},{"type":"single","resource":"customfishing:127897f2-e794-4e5f-86a7-5701bc0dcd77"},{"type":"single","resource":"customfishing:315bf623-9715-485a-8b2b-233189523100"},{"type":"single","resource":"customfishing:06c3039d-1bfc-4958-98a0-4c0b3af7a6d8"},{"type":"single","resource":"customfishing:c7b64e90-6e7f-4241-a759-c21b9f18332c"},{"type":"single","resource":"customfishing:d0bf993d-cddc-4245-b88f-ebeee4d1e72a"},{"type":"single","resource":"customfishing:a46c5e0e-6911-4311-884e-9d8d083da0f4"},{"type":"single","resource":"customfishing:8b3c5338-0d62-4167-9876-30e9686ec33b"},{"type":"single","resource":"customfishing:2ca4b4d3-7b3f-4a13-86a6-48ccdc460e2e"},{"type":"single","resource":"customfishing:33b25b47-c10e-47f9-9d28-72f775813389"},{"type":"single","resource":"customfishing:f631844e-00c7-4fec-988d-45dedbf1e2fd"},{"type":"single","resource":"customfishing:39f7ec75-0b62-4b1a-b886-137c45156e44"},{"type":"single","resource":"customfishing:a57c14a4-e704-4496-bbe0-d089724f3a6a"},{"type":"single","resource":"customfishing:0902baa3-96e6-4d64-b9da-cac556386a72"},{"type":"single","resource":"customfishing:845c8c59-abcb-44d2-98a4-d34e9edb4c0a"},{"type":"single","resource":"customfishing:96df8c8a-1202-4bc7-9e79-d0a6f52a7940"},{"type":"single","resource":"customfishing:2f5cd481-1585-45ea-b985-b87528dca7ef"},{"type":"single","resource":"customfishing:79b1039a-5b69-4ea3-8d61-a8e08be6ef23"},{"type":"single","resource":"customfishing:fce60863-550c-484b-ad65-c90879f16a63"},{"type":"single","resource":"customfishing:c33cdc44-e183-4ec9-8a1b-9e4fba8778db"},{"type":"single","resource":"customfishing:03d9b66d-30be-48ff-a5da-7520b9fed1c3"},{"type":"single","resource":"customfishing:1b40d3d8-68ec-416f-afac-ebc69bfa3cae"},{"type":"single","resource":"customfishing:59113abe-2649-46b0-a4ce-c82dca5ac222"},{"type":"single","resource":"customfishing:a8745f5e-36e9-45ac-aff1-9a95630d1611"},{"type":"single","resource":"customfishing:d50c07e1-32f4-419b-9878-47ac423ff673"},{"type":"single","resource":"customfishing:b812c3e6-a8fe-41cc-bd40-ff27a20715e5"},{"type":"single","resource":"customfishing:e3578cd1-1a7c-4634-9c07-9c19a200a663"},{"type":"single","resource":"customfishing:ff23e864-29b1-4125-85c5-792309650e93"},{"type":"single","resource":"customfishing:85173e08-0418-4363-b597-940af7acc92e"},{"type":"single","resource":"customfishing:e83c7393-38c9-408c-b716-9b36dc603263"},{"type":"single","resource":"customfishing:529ccdeb-f192-4008-8c8a-37dc905ffd22"},{"type":"single","resource":"item/fishing_rod"},{"type":"single","resource":"item/heart_of_the_sea"},{"type":"single","resource":"customfishing:9b5382f5-b2d2-40f6-89a0-70614f733304"},{"type":"single","resource":"item/light_gray_dye"},{"type":"single","resource":"item/netherite_axe"},{"type":"single","resource":"item/netherite_hoe"},{"type":"single","resource":"item/netherite_pickaxe"},{"type":"single","resource":"item/netherite_shovel"},{"type":"single","resource":"item/netherite_sword"},{"type":"single","resource":"nexo:a79a413b-7e97-4c1e-873a-1ced2d886a62"},{"type":"single","resource":"nexo:8c665da7-7e78-4254-9250-fbfb3b1b6abd"},{"type":"single","resource":"nexo:735a68c8-6348-45c7-9309-b8bf1eb5b54f"},{"type":"single","resource":"nexo:7a8cc5a7-54ac-4cc5-b6f6-6264db0346e6"},{"type":"single","resource":"nexo:ff81cd0d-cd5c-4925-ab60-fbff9ff29d7b"},{"type":"single","resource":"nexo:44ba49e9-eefe-4da6-8403-de4d9bd3ffcd"},{"type":"single","resource":"nexo:8e5be706-e077-443c-9746-1adacccbb162"},{"type":"single","resource":"nexo:cfbc67f4-65e5-47f3-90c3-fee720d3edb6"},{"type":"single","resource":"nexo:a1dc7c86-2472-43b4-bb60-7b3ca8865de7"},{"type":"single","resource":"nexo:3b602ea1-1cef-44cb-ad23-494201c70808"},{"type":"single","resource":"nexo:1679a314-8a68-4934-ada7-dabdf76938b0"},{"type":"single","resource":"nexo:83f2c043-3677-4e6a-a8e8-29faa4906cb9"},{"type":"single","resource":"nexo:c959fb23-0232-411d-b028-8d834380684c"},{"type":"single","resource":"nexo:5d1f2574-b7ba-4a21-986f-16c03767bb96"},{"type":"single","resource":"nexo:e4439bbf-e6f3-464c-a113-6ef4ba0aa8ce"},{"type":"single","resource":"nexo:c7aaa00e-42be-464e-aa56-c25aa9ec4977"},{"type":"single","resource":"nexo:a547fd4e-5af3-41bd-8f83-9a773bdf7a0d"},{"type":"single","resource":"nexo:64b0f2ff-f041-49ce-84e2-2f58ab42fc11"},{"type":"single","resource":"nexo:058a41fa-57c5-49c4-912e-470abcab1a2c"},{"type":"single","resource":"nexo:52308656-7bce-4005-81d8-eb9fc32ccfa9"},{"type":"single","resource":"nexo:c151e2d2-d2f4-4aa8-8d3c-b12471b31c7a"},{"type":"single","resource":"nexo:70497275-8d7b-4962-bfcf-09a6368ae000"},{"type":"single","resource":"nexo:f08bb813-2ec8-4d57-a330-e9412999fa35"},{"type":"single","resource":"nexo:c3ff62b1-ea40-445d-9a1a-3a033dd6f73e"},{"type":"single","resource":"nexo:6c80e6b3-c1db-4bd9-bac9-ea362e4219cf"},{"type":"single","resource":"nexo:4edf6114-b9fa-4735-bf94-eedb8e51449a"},{"type":"single","resource":"nexo:55400685-4f4a-44ed-b3b4-b5976786f65f"},{"type":"single","resource":"nexo:4bcc2f01-a8fa-444f-8ece-c0f5cba49de8"},{"type":"single","resource":"nexo:8e64aa74-22f0-4e89-95a8-e41b4ea266cf"},{"type":"single","resource":"nexo:4134d6c5-14f7-4d48-b25c-410e2d9a6aad"},{"type":"single","resource":"nexo:977e14be-b316-4e4c-94f2-8708999192a4"},{"type":"single","resource":"nexo:73e8455a-7641-4773-b2e1-f067da9885ca"},{"type":"single","resource":"nexo:43eb243e-87bb-477d-9205-ffdaf4aab75e"},{"type":"single","resource":"nexo:acd06494-ac14-416c-9849-d0e8b442f43c"},{"type":"single","resource":"item/paper"},{"type":"single","resource":"item/potion"},{"type":"single","resource":"item/potion_overlay"},{"type":"single","resource":"item/rabbit_foot"},{"type":"single","resource":"customfishing:897df31b-5ad1-460f-815e-051b82e23347"},{"type":"single","resource":"customfishing:9bc0ab16-2197-40d7-94e4-ff2ec6439405"},{"type":"single","resource":"customfishing:007248e2-860e-46ab-afca-cfb345ca8854"},{"type":"single","resource":"customfishing:3dba0551-f0e7-43c1-9764-4ac409315e3d"},{"type":"single","resource":"customfishing:f23bd64a-0281-49b4-bd85-d7ec1348b3c7"},{"type":"single","resource":"customfishing:c37b0859-5357-41a2-8255-40419b9ef14a"},{"type":"single","resource":"customfishing:b83731cb-05c5-4766-a994-5557521712be"},{"type":"single","resource":"customfishing:25686f05-8459-46ae-8e47-1f2031fb6c1f"},{"type":"single","resource":"customfishing:8ced1fc3-b81c-4b6c-903d-b8aa2bdfe8ce"},{"type":"single","resource":"customfishing:3801f3c4-a99e-40ae-8921-a5b2611c2a02"},{"type":"single","resource":"customfishing:2b248c4a-bbc1-4314-a757-4da83eacb4a8"},{"type":"single","resource":"customfishing:0c1356db-6971-46fd-b813-e5da332b7893"},{"type":"single","resource":"customfishing:b9b47dcb-38b9-49a7-8436-63c2cc88e63b"},{"type":"single","resource":"customfishing:170b2d0a-6f25-4610-bad1-dd4ba5f652fe"},{"type":"single","resource":"item/shears"},{"type":"single","resource":"item/tipped_arrow_base"},{"type":"single","resource":"item/tipped_arrow_head"},{"type":"single","resource":"customfishing:2086d264-63f4-4985-98bf-edd1a6762995"},{"type":"single","resource":"customfishing:0b029709-37fb-4d9f-9f6b-b1b3d32c6ab6"},{"type":"single","resource":"customfishing:cc53dd93-3081-4fa2-bab0-d7cee9299b63"},{"type":"single","resource":"1398fb69-17fa-4b42-a477-2aaf1e9140c9"},{"type":"single","resource":"3eb1fcd4-38e1-46a8-9cb0-562bb81cbad0"},{"type":"single","resource":"1b142e48-c0ec-4be2-9e4f-36b7af5a5e37"},{"type":"single","resource":"225cadc7-9756-4ea9-bc69-36e635ac29e6"},{"type":"single","resource":"5c9b26e1-a87c-4830-b1fc-2eb1bc58567b"},{"type":"single","resource":"1ea623da-08d1-4179-8294-6cfe1ceb1b2b"},{"type":"single","resource":"a75ede24-febd-4a15-bd7c-39e7a7862272"},{"type":"single","resource":"6698e3ea-b573-4c41-b0a6-1ebfefd827a7"},{"type":"single","resource":"0a1f4aa5-26f6-4220-8c4a-f611dcd045be"},{"type":"single","resource":"bb4b1fb5-ea9a-448a-bc96-c1514d8693ff"},{"type":"single","resource":"668c1a32-c593-45d7-a6fa-2fbb5fd4c193"},{"type":"single","resource":"caede11e-574a-4b35-9647-97f6adde9982"},{"type":"single","resource":"9298a347-1e0d-48ed-b99c-9aa79fa9e3f6"},{"type":"single","resource":"4b97fd9c-fc1e-4d8f-bd02-df307636da0b"},{"type":"single","resource":"80af5b50-1638-4cdb-b730-844b0e9064d4"},{"type":"single","resource":"c5a43660-3b56-432b-8a5d-2cde155d1f03"},{"type":"single","resource":"d6439edd-3071-4d7e-9231-3cabc14918e7"},{"type":"single","resource":"a11072c5-afd5-4cae-ba80-21966f2bae2a"},{"type":"single","resource":"7fdbcbe3-536e-481b-93cc-479fc11f99dc"},{"type":"single","resource":"b62e4eb5-bf0c-425f-b41a-8e14106dabb3"},{"type":"single","resource":"1ab4a622-b1fe-4623-994c-3c63b258f6e9"},{"type":"single","resource":"457a720f-72e1-4603-8fe3-6bdfcec237cc"},{"type":"single","resource":"0481399b-2d80-4d60-9aed-c5b958511f18"},{"type":"single","resource":"c5841cb3-d6a1-49a1-a50e-bb6b462b30e7"},{"type":"single","resource":"6af8bfad-29be-4fa9-8239-1bc939356a77"},{"type":"single","resource":"f0eedcd3-d2e2-4089-9dd3-0701c6e94062"},{"type":"single","resource":"7161837a-da66-47c8-becd-dacf2cf53637"},{"type":"single","resource":"dd43dcb5-6b5e-4458-b144-d63f4e2598ad"},{"type":"single","resource":"343642dd-0ba4-46de-92ec-f9dfd7d1b9e9"},{"type":"single","resource":"e9c5db41-b936-49a0-acc5-80edadbd1dca"},{"type":"single","resource":"d137325f-ca01-4a71-aceb-3105a6d22e80"},{"type":"single","resource":"a3d52fd4-ea92-4e36-a6bc-f27c2e995811"},{"type":"single","resource":"c6edbd04-9579-4af2-8307-25ae5cb007a2"},{"type":"single","resource":"74ab12e2-0464-4f8c-8f7c-7852bb321761"},{"type":"single","resource":"c74576d2-d1a8-4fae-a05c-72a80980e1ec"},{"type":"single","resource":"04513ef7-efe2-4b49-8577-6035b468dae6"},{"type":"single","resource":"88f35a50-1927-4c37-8b59-c6b7077334da"},{"type":"single","resource":"9cd59077-b60d-4c3d-aa71-beaca6ad240c"},{"type":"single","resource":"61bf7bbb-0e64-4ac4-93d2-78224bec0bbd"},{"type":"single","resource":"00f272bf-bb5a-4834-be3d-b77b6dcde993"},{"type":"single","resource":"96f5fe4e-43fb-4c91-b6da-44b7e56676c5"},{"type":"single","resource":"8455d803-45fa-463f-a2a8-0736e5a697f6"},{"type":"single","resource":"e4cc4834-910c-4dbe-9bfb-7d1899a51c30"},{"type":"single","resource":"9f362bb5-ff6e-4a0c-9272-5520d8d0af90"},{"type":"single","resource":"80278316-cd35-46f0-92df-4db3308060f4"},{"type":"single","resource":"d1437df7-52a9-4027-98f7-4d680063b673"},{"type":"single","resource":"9a7b3973-bb73-42d7-a451-c423b229ce39"},{"type":"single","resource":"593df95b-826a-4b5a-9141-e5ad085263e2"},{"type":"single","resource":"f6bd3803-beb2-4b2d-8ef6-286d7f620bee"},{"type":"single","resource":"ef086bc0-a66c-4aa8-92ce-2b0ab1f43beb"},{"type":"single","resource":"747002d9-6095-4ced-8d4b-414e6d9ccd02"},{"type":"single","resource":"87dafc73-8ddd-487f-8084-6b21a45b6b4c"},{"type":"single","resource":"58f15a70-b3ab-4c39-b962-2cde5aa6737a"},{"type":"single","resource":"c0726140-2f0f-47cf-8e5c-848fa2b8b394"},{"type":"single","resource":"f7586f61-3ee6-4f2a-96e0-78555913b235"},{"type":"single","resource":"18c10954-a417-4172-b0b9-60491cfe0bce"},{"type":"single","resource":"37d29165-2d1e-4975-9705-31cb69ca2e35"},{"type":"single","resource":"328cccb3-a22d-45f1-aee9-f2a2d4a3f246"},{"type":"single","resource":"c58e5f26-73b9-4846-99b0-a981dec4cb4d"},{"type":"single","resource":"96afb777-1f99-4ece-98ba-40bd5babd4fa"},{"type":"single","resource":"a1d48f8f-bfad-4ce4-b92f-d787a1dfd6b3"},{"type":"single","resource":"db95e9a0-1ea6-47c2-96e5-f456281868f3"},{"type":"single","resource":"f70baee0-934b-4169-9ae3-9b7b7e6b9a60"},{"type":"single","resource":"f6e14727-56ce-4ea9-ab16-0c5927ae9e3d"},{"type":"single","resource":"89df6347-1e7e-4783-9848-f8813aca288b"},{"type":"single","resource":"db26316e-8c62-4b61-8afd-0db823eb483e"},{"type":"single","resource":"e4f54443-a297-4dfc-bffb-5011accfa124"},{"type":"single","resource":"1d337fcc-86c6-4b02-ab59-d9183c5559c1"},{"type":"single","resource":"d2c1dbdf-c179-4d31-8e40-cc3bdee42487"},{"type":"single","resource":"6101a419-75f4-4d36-9558-01861ced3e98"},{"type":"single","resource":"1a5cf997-60ed-46af-b5c0-0903dac1c379"},{"type":"single","resource":"d7d3ff15-f597-4013-b6c7-c8d3d840fbf8"},{"type":"single","resource":"25ce8b1f-8f5a-4cd8-a271-798726af3cc8"},{"type":"single","resource":"09e2de6a-7203-4952-9962-ae37ddcb3f28"},{"type":"single","resource":"5eff1c64-cae3-49c5-bc29-4714c3cd4f7e"},{"type":"single","resource":"67b8e8e4-540a-45e4-8276-b7c3f7215657"},{"type":"single","resource":"742cc7f7-b11d-4fbf-bb8f-9280f7210b2e"},{"type":"single","resource":"5a69ef4c-c4c6-47bf-b1f3-48d1d15a2617"},{"type":"single","resource":"4b904aa7-161a-48c9-a5aa-4fb5bd487ace"},{"type":"single","resource":"c058374e-7be1-4ef4-b2eb-065c511270b2"},{"type":"single","resource":"cc1afdcc-359e-41de-bf36-5658d48eeb9a"},{"type":"single","resource":"cf73d985-652c-4f45-b627-cf698f832e2a"},{"type":"single","resource":"0a79825a-04f7-4c1b-bde1-13c52d666534"},{"type":"single","resource":"830a854b-122d-4db0-8345-181b30f8b14a"},{"type":"single","resource":"f1c1b88b-7b8a-413d-a539-e9e862388772"},{"type":"single","resource":"922dc059-f11f-477a-914a-a48de6435ad4"},{"type":"single","resource":"373bb96c-540d-4059-9c0f-21e9901e0656"},{"type":"single","resource":"863b7819-64d2-4401-a006-c1b78dfa9e5a"},{"type":"single","resource":"e2917b3e-f2d8-41c8-a801-ac764a4637c4"},{"type":"single","resource":"1d250706-b851-4194-a84f-03fdf815a05a"},{"type":"single","resource":"22c2d40d-c234-4147-bf4d-babb83118de2"},{"type":"single","resource":"e80fc74d-d5ae-44f0-937d-e3aa20e4db73"},{"type":"single","resource":"83df8d92-8135-43a0-80eb-0d37e6d843b5"},{"type":"single","resource":"14cd83d1-6020-4f09-a224-17ac0869ceee"},{"type":"single","resource":"b4a24d84-2cab-4cf7-994a-4480809eb917"},{"type":"single","resource":"47f674a6-a4e8-4647-935a-6004e63d27fe"},{"type":"single","resource":"834363da-05da-4a2b-8d52-4a38df6e6289"},{"type":"single","resource":"6dd8b463-4541-44dd-87e8-42e0fc858103"},{"type":"single","resource":"59aaf256-b877-4ced-b308-5505c090b58e"},{"type":"single","resource":"5507e4d7-28c1-4147-8b2c-ce1c496b3d13"},{"type":"single","resource":"4630b4f9-8878-4ab9-b7d6-2d9ba6404aa5"},{"type":"single","resource":"0c733298-a015-47f2-a21a-cea3dd60826b"},{"type":"single","resource":"170bca39-d9f7-4789-8b13-06c256294650"},{"type":"single","resource":"2f3726f6-17cb-46eb-9d55-155d24186b6c"},{"type":"single","resource":"68e9189d-de5d-4674-8eb9-e8255b0fbba9"},{"type":"single","resource":"77eacbe0-df19-4235-bdb7-fedbf1259137"},{"type":"single","resource":"66fedabd-5bae-42b9-938e-8af85154b5d7"},{"type":"single","resource":"a86b27fa-af39-424a-943d-e737ba56bf71"},{"type":"single","resource":"d67b507e-1fc5-420f-ba5f-ab7579ff4a63"},{"type":"single","resource":"d8a22216-5354-47ab-abc2-e215e270a813"},{"type":"single","resource":"cbd0625e-8eca-45ca-aa84-f33028e9d1dd"},{"type":"single","resource":"1f8460f1-a226-4283-8a63-bec5b227b4e8"},{"type":"single","resource":"40d2bf50-5327-43c4-8790-b631fc674590"},{"type":"single","resource":"6d565d58-9614-44b5-bf34-6d4b31772b59"},{"type":"single","resource":"32e39a4f-e808-4efb-bd43-4069ceeb1efd"},{"type":"single","resource":"102bcd87-d28b-43f6-9393-40c80f80bd85"},{"type":"single","resource":"a6281fef-5ea6-413c-8a4f-b7f9e3978120"},{"type":"single","resource":"7a41ab49-4c0c-4c20-8b70-70527cb84f1a"},{"type":"single","resource":"b334b4b0-d944-4598-b838-956664a02975"},{"type":"single","resource":"e1d8c9cd-32b3-411b-89fe-cc49fb1d51ce"},{"type":"single","resource":"36db0c18-6d3a-4ba5-9c10-1ecc39e79ad5"},{"type":"single","resource":"5960aa22-edf2-4966-aa16-13c8f87aa5c4"},{"type":"single","resource":"2f0b80d5-fe9a-48c3-ad71-bae519f9541e"},{"type":"single","resource":"1df38af8-c737-41de-bc9c-27c4ed8d4298"},{"type":"single","resource":"30434282-7abd-430b-ac95-48fab687ccf7"},{"type":"single","resource":"c9d70b58-dd7a-4467-9a3d-58c75833c2c1"},{"type":"single","resource":"035bc038-abf1-467b-a883-f64fa4294623"},{"type":"single","resource":"b8b23b17-ff7b-4c89-811d-72f97b7590ed"},{"type":"single","resource":"a1d96df9-d08c-41cc-b7db-f173d3048d80"},{"type":"single","resource":"1f58fee8-7762-489f-aafa-028378f3a866"},{"type":"single","resource":"a1a38c85-b59e-4949-a2b1-75dae5684764"},{"type":"single","resource":"53340b30-0d5a-4f5b-9c73-14fefe62ffff"},{"type":"single","resource":"98d81e50-9eae-4e14-bd71-b69b7392cee7"},{"type":"single","resource":"d3b5fa17-4b36-453e-9671-bb70e5f57908"},{"type":"single","resource":"c3391c69-46f9-4cd6-a0f6-1b84cafdfae6"},{"type":"single","resource":"2cf6c97b-28fc-467b-9ca7-3f9910f9fccd"},{"type":"single","resource":"bc5a7c77-03f4-4f50-a2f8-e8dcc8f9bc9a"},{"type":"single","resource":"3a81ca3f-6167-4e0b-8398-e8c428a04413"},{"type":"single","resource":"dbae30fb-4123-4474-9ed0-6061cd8f2991"},{"type":"single","resource":"e5a8abf2-5c88-4091-aba0-bd79ce173494"},{"type":"single","resource":"5c0c0c2a-d91a-4133-9056-643d70ee2779"},{"type":"single","resource":"008476ef-4b4b-4d2b-966c-875eda95b878"},{"type":"single","resource":"aa8a46cb-3a06-4745-a0e2-2379ffc47867"},{"type":"single","resource":"e7e87434-0112-43d7-ad97-bbaeb0336b7a"},{"type":"single","resource":"d0c94467-d395-47d3-ac9c-a82900fdd548"},{"type":"single","resource":"12b87d87-8e91-44af-94f5-c28c93cab9b5"},{"type":"single","resource":"137116a0-c5b5-439f-97b3-26017e78bdd8"},{"type":"single","resource":"88b6ad7f-90ec-47e1-ac5d-71b7407215f0"},{"type":"single","resource":"9596e452-d122-4c15-9258-1f4caf84af3f"},{"type":"single","resource":"89910022-5996-4ebe-ad6b-fe920ee89685"},{"type":"single","resource":"cdbd2491-5286-4a9c-b708-c3d93251753b"},{"type":"single","resource":"f3d6378b-a7da-48e3-9638-1d764a5dc229"},{"type":"single","resource":"a0fa6cab-b2f9-44ef-a476-25524a698785"},{"type":"single","resource":"07995b27-a002-4df7-a727-f8e58f458c07"},{"type":"single","resource":"757b138c-ef1e-41be-b484-f14e1a00e6d8"},{"type":"single","resource":"0df92bc7-5d06-4dd2-969f-8062fd8397a7"},{"type":"single","resource":"ae8265e0-06a0-4de5-9086-ed1bad6c17bf"},{"type":"single","resource":"926e0c96-1f1d-4874-84f6-228d5fe242f3"},{"type":"single","resource":"de928b81-11d1-4086-b039-a04e69eb43f2"},{"type":"single","resource":"84cc7b34-7f53-4ea4-9f24-e035bb155380"},{"type":"single","resource":"a5384520-53e3-4325-83ba-82e434596533"},{"type":"single","resource":"fd01a908-e854-4cf2-b438-5eccd0482cbc"},{"type":"single","resource":"895c3479-cb03-442b-928a-d1f8f5b5d37e"},{"type":"single","resource":"70275fde-d4ef-47dc-a4ed-2738efd5292e"},{"type":"single","resource":"c1e93b22-f722-44cf-9b45-309039d7e482"},{"type":"single","resource":"409c5b43-3793-4025-8951-7bdff91765ea"},{"type":"single","resource":"6cdfd53f-4e5e-409e-be23-c4917101beef"},{"type":"single","resource":"bb08e2e3-f514-49c6-93f2-ce534cf00899"},{"type":"single","resource":"84e3748f-85d8-44ed-8a7c-6cad59062a09"},{"type":"single","resource":"8bfa0e61-9490-4d57-9f53-ee58fb51a405"},{"type":"single","resource":"8cc1269f-7c68-44d9-84aa-413b3efaafe9"},{"type":"single","resource":"f66a857b-ca7e-4902-8158-2ced799e914b"},{"type":"single","resource":"ccf71a3d-753b-4faa-93fe-a3330b086034"},{"type":"single","resource":"4b7d8f52-81c8-4d4f-8562-ff05eddc106a"},{"type":"single","resource":"5a400df0-dcb9-411d-b090-76eacc192437"},{"type":"single","resource":"8437ea55-7269-44cf-9442-76730d24aa24"},{"type":"single","resource":"66312bf5-a128-4de7-a672-a710f5fb18ed"},{"type":"single","resource":"4d5768d6-8263-4b33-8a0b-4531caa5a8df"},{"type":"single","resource":"e3d3e688-d76d-4c65-a7d9-2d21d4f5d765"},{"type":"single","resource":"ca2d1caf-3f7f-4ea5-9e66-fbddd9bb1069"},{"type":"single","resource":"4cb9ffee-959f-4915-af54-9aee47c7c7aa"},{"type":"single","resource":"void_fishing_hat_tier_2"},{"type":"single","resource":"void_fishing_hat_tier_3"},{"type":"single","resource":"void_fishing_hat_tier_4"},{"type":"single","resource":"void_fishing_hat_tier_5"}]}