{"sources":[{"type":"directory","source":"items","prefix":"items/"},{"type":"single","resource":"block/chain"},{"type":"single","resource":"block/dark_oak_planks"},{"type":"single","resource":"block/mangrove_planks"},{"type":"single","resource":"block/sunflower_front"},{"type":"single","resource":"item/amethyst_shard"},{"type":"single","resource":"item/angler_pottery_sherd"},{"type":"single","resource":"customfishing:71f69a18-b705-4222-9df3-bc34e8091de1"},{"type":"single","resource":"customfishing:8822add1-5439-443d-9492-901f32370f9c"},{"type":"single","resource":"customfishing:0ebdd525-8327-4e14-b11b-3b71c73be5ae"},{"type":"single","resource":"item/bone_rods/epic_bone_rod_cast"},{"type":"single","resource":"item/bone_rods/legendary_bone_rod_cast"},{"type":"single","resource":"item/bone_rods/mythic_bone_rod_cast"},{"type":"single","resource":"item/bone_rods/rare_bone_rod_cast"},{"type":"single","resource":"item/bone_rods/uncommon_bone_rod_cast"},{"type":"single","resource":"item/chain"},{"type":"single","resource":"item/chainmail_boots"},{"type":"single","resource":"item/chainmail_chestplate"},{"type":"single","resource":"item/chainmail_helmet"},{"type":"single","resource":"item/chainmail_leggings"},{"type":"single","resource":"item/cod"},{"type":"single","resource":"item/diamond_hoe"},{"type":"single","resource":"item/echo_shard"},{"type":"single","resource":"customfishing:33f59ba5-be20-4199-b4ac-2a7163937ecf"},{"type":"single","resource":"customfishing:bd11c5b4-c77b-486b-9ebd-de1847adcc46"},{"type":"single","resource":"customfishing:aa8e193d-4f01-4016-bd72-fa7a4aca5083"},{"type":"single","resource":"customfishing:34da1d8e-e27c-4ce9-b54b-9f21a5c6aedf"},{"type":"single","resource":"customfishing:b2b53817-f991-4a08-95b8-28cd26966f3e"},{"type":"single","resource":"customfishing:3ee59572-8f95-4a43-8b72-16eec9f80d7d"},{"type":"single","resource":"customfishing:1b0c6be6-b7d0-45e4-acc2-65e0914e5b0c"},{"type":"single","resource":"customfishing:d62daf3b-bae8-4b8d-afc6-a43e5d5979fb"},{"type":"single","resource":"customfishing:056a40e6-b87f-44bb-acb7-7dca88c0e4d8"},{"type":"single","resource":"customfishing:472d58a2-e92b-4ab6-a398-e08d1a77765b"},{"type":"single","resource":"customfishing:e39def11-0813-4fb8-ba4d-8fad91845980"},{"type":"single","resource":"customfishing:10b3da29-f74b-47ff-b86e-acb868387cae"},{"type":"single","resource":"customfishing:62fc913e-9376-4486-a9a9-6976c2aa8493"},{"type":"single","resource":"customfishing:3ffd1490-d4fa-4fbb-86c9-110540d707ae"},{"type":"single","resource":"customfishing:3da9abb0-31ca-4092-947c-3b534c7a9c93"},{"type":"single","resource":"customfishing:2a17a96e-c823-4ebc-a6f8-1313bc5e8b20"},{"type":"single","resource":"customfishing:ccaa200c-4fd1-43eb-934d-cce628fdd4bc"},{"type":"single","resource":"customfishing:ab35c6d3-1214-4d40-8e23-c1d3f891fed6"},{"type":"single","resource":"customfishing:c5152db3-00e2-4f3f-9cd6-fd71c70f7f03"},{"type":"single","resource":"customfishing:50bf84e3-fd68-4f16-812f-6d4ac655fa4f"},{"type":"single","resource":"customfishing:fee1a7e7-0780-45c7-91a8-6fcba432aeeb"},{"type":"single","resource":"customfishing:4438437f-802f-454b-8467-a7d65c61e4f0"},{"type":"single","resource":"customfishing:1635ff8e-992e-4084-863f-48f251c8fb61"},{"type":"single","resource":"customfishing:0b116096-4657-4a1c-abce-3f52fd0bb06f"},{"type":"single","resource":"customfishing:e6592493-b2a2-4695-9d37-f3875c9ca1f6"},{"type":"single","resource":"customfishing:a7ee9c5f-8315-4bff-9a3e-2d99640dc627"},{"type":"single","resource":"customfishing:cdf4691e-ad16-4fce-9534-7374efb478bc"},{"type":"single","resource":"customfishing:7d32d1b5-9f96-43fc-99f5-9054c4b0ac49"},{"type":"single","resource":"customfishing:8d9ec15b-6a62-4f9b-96ee-46c4f0c5e37b"},{"type":"single","resource":"customfishing:3bc0e306-c521-4c68-acb6-5bb6881234e6"},{"type":"single","resource":"customfishing:96657983-782f-49aa-b2dc-453799242149"},{"type":"single","resource":"customfishing:91cd741f-c488-43f3-ae1b-e84f4a377639"},{"type":"single","resource":"customfishing:195dbe76-69f7-428d-90e9-d0c2ac07abbb"},{"type":"single","resource":"customfishing:c7365009-31e4-461c-b969-550fdc48f6b7"},{"type":"single","resource":"customfishing:ee56b787-0ffc-4a56-9d60-7b4cfb3a6fb0"},{"type":"single","resource":"customfishing:7557efeb-876a-4038-9e3b-ca09e27f4878"},{"type":"single","resource":"customfishing:e0b45597-986c-4bb5-a1ca-96f837133395"},{"type":"single","resource":"customfishing:acb05527-a6a6-4e9b-a14b-4902e6928889"},{"type":"single","resource":"customfishing:3682cec7-735b-4c60-a432-9710f295453e"},{"type":"single","resource":"customfishing:3596982f-8677-4f15-aaed-9d16363c5979"},{"type":"single","resource":"customfishing:d37d82a8-1606-4dfd-b376-b7433458c98d"},{"type":"single","resource":"customfishing:f606d1fa-806b-49e3-aada-ab0542223a76"},{"type":"single","resource":"customfishing:ab210a17-4936-4308-94bf-910652a732dd"},{"type":"single","resource":"customfishing:1d32010b-cf70-4041-84f7-330926527071"},{"type":"single","resource":"customfishing:35b13a64-eab3-4198-8ddb-eece1681e8e5"},{"type":"single","resource":"customfishing:4de2c416-5a51-4bc0-ab81-d7000b740333"},{"type":"single","resource":"customfishing:7c22f7d1-4471-4ced-82e1-482b9c9b38b4"},{"type":"single","resource":"customfishing:e31aeae9-5380-4285-9e75-6729f6f24aa2"},{"type":"single","resource":"customfishing:2d22dc34-ef9d-4ead-ae96-eacb0aa3140b"},{"type":"single","resource":"customfishing:8c99f375-8a22-4128-849b-e4d6ed4f66a8"},{"type":"single","resource":"item/fishing_rod"},{"type":"single","resource":"item/heart_of_the_sea"},{"type":"single","resource":"customfishing:02a0293d-aea4-486b-bf53-0cc0af007391"},{"type":"single","resource":"item/light_gray_dye"},{"type":"single","resource":"item/netherite_axe"},{"type":"single","resource":"item/netherite_hoe"},{"type":"single","resource":"item/netherite_pickaxe"},{"type":"single","resource":"item/netherite_shovel"},{"type":"single","resource":"item/netherite_sword"},{"type":"single","resource":"nexo:5aee3802-b6b4-4be1-a1aa-35176e2b00e8"},{"type":"single","resource":"nexo:cab2d2bf-4d56-4b29-9380-4245b5c8a14b"},{"type":"single","resource":"nexo:43d5f3d0-e405-4079-975d-9814a935aa4e"},{"type":"single","resource":"nexo:f61301c1-1462-49a2-9351-a3e86d56f01f"},{"type":"single","resource":"nexo:3370dc3e-4ea6-4e52-8805-302c4ba089ca"},{"type":"single","resource":"nexo:7f5881ca-283e-4937-951c-377149467e2f"},{"type":"single","resource":"nexo:39939636-67e7-4ae0-9e9b-7eb0c510faf4"},{"type":"single","resource":"nexo:33a2d2ca-e37b-4999-8d53-4ccdc07365ed"},{"type":"single","resource":"nexo:3a6d762b-db68-4f13-97ee-38f8a48c28c9"},{"type":"single","resource":"nexo:9bf07aa9-1434-4d97-baab-70ee5e830265"},{"type":"single","resource":"nexo:6c885f55-a111-4b23-ae7e-8fbb774578b8"},{"type":"single","resource":"nexo:d5425ba2-ceaf-4e3f-89bf-ba96b4d586b7"},{"type":"single","resource":"nexo:0d0838ea-a0b4-431f-a32f-b864ee9a0e28"},{"type":"single","resource":"nexo:35ee680c-a281-4831-99db-d1d3f21f1651"},{"type":"single","resource":"nexo:9b691976-1029-4bfb-90ef-e544f0cb6ba5"},{"type":"single","resource":"nexo:cce742d1-d5ef-4643-be51-269d405ab436"},{"type":"single","resource":"nexo:665cd3ce-c0f1-4ee7-95fd-d255b3080754"},{"type":"single","resource":"nexo:98d28dd1-039c-4a37-b00e-be13d9d08eef"},{"type":"single","resource":"nexo:ac1dec09-89a9-4a9b-9d4e-9f22f48fd53b"},{"type":"single","resource":"nexo:1bac4138-0daa-4119-8a38-1810d262bc23"},{"type":"single","resource":"nexo:29ee0e10-5ef1-4c90-bd29-f7db70bae44c"},{"type":"single","resource":"nexo:16fff1d4-d75d-444c-984a-d596d90bcabc"},{"type":"single","resource":"nexo:b6c3df52-eabb-4294-8495-3828972ab033"},{"type":"single","resource":"nexo:9ad305df-8324-481d-9a22-be3b49db7cc3"},{"type":"single","resource":"nexo:de6e3d34-b728-4b43-a68b-1886f7a7214a"},{"type":"single","resource":"nexo:6e8b018c-292f-42da-9c67-969ff8a9001c"},{"type":"single","resource":"nexo:14411619-3b83-44bc-b758-55977d0bcc60"},{"type":"single","resource":"nexo:c731893a-aa9a-4601-8547-fa1538442439"},{"type":"single","resource":"nexo:fbe6d97a-e827-4128-a518-adf16143ed47"},{"type":"single","resource":"nexo:0f3ec25f-3382-498f-91fd-8a2764cdd1eb"},{"type":"single","resource":"nexo:988e60cd-af0e-4c5a-ad9c-adb879a9ede7"},{"type":"single","resource":"nexo:2e84b838-1249-4ff5-992c-15af28a538ba"},{"type":"single","resource":"nexo:9d990144-423e-4293-9eb5-899d93020667"},{"type":"single","resource":"nexo:364c5d89-a9f8-485c-8101-d8212cfd4c07"},{"type":"single","resource":"item/paper"},{"type":"single","resource":"item/potion"},{"type":"single","resource":"item/potion_overlay"},{"type":"single","resource":"item/rabbit_foot"},{"type":"single","resource":"customfishing:034789c5-53bd-4b95-9cf0-69936a40a54a"},{"type":"single","resource":"customfishing:1194cb78-cc8e-4da9-a7d6-1d4fb7a3f992"},{"type":"single","resource":"customfishing:937b4a39-f05f-4f53-b47e-e416500b37c1"},{"type":"single","resource":"customfishing:19e9e9d8-8afe-4aa9-bda7-c744a6b33f86"},{"type":"single","resource":"customfishing:59ab68b1-58f2-4645-aec3-f7400d38c640"},{"type":"single","resource":"customfishing:914abb8e-f0eb-4703-ad90-65f8b7e0012d"},{"type":"single","resource":"customfishing:5d3cd5c6-e49e-4019-80a3-56f98f0003d3"},{"type":"single","resource":"customfishing:1aca2416-3dcc-4354-ba34-5fefd9b853b5"},{"type":"single","resource":"customfishing:4f769cf0-60c3-4a86-9e55-671836f4d382"},{"type":"single","resource":"customfishing:fd13c147-f970-4849-8ca3-49f4af569df8"},{"type":"single","resource":"customfishing:51c09211-3d0c-4c2d-98f4-5e8c9a99023d"},{"type":"single","resource":"customfishing:3951b034-10e9-41b0-8187-d0e9b89c3d8d"},{"type":"single","resource":"customfishing:5abc4485-6e66-42f2-a2f6-087624b225a1"},{"type":"single","resource":"customfishing:a4ffd0ba-1a93-4bfb-b0de-49a58ffdc12e"},{"type":"single","resource":"item/shears"},{"type":"single","resource":"item/tipped_arrow_base"},{"type":"single","resource":"item/tipped_arrow_head"},{"type":"single","resource":"customfishing:45cc68db-0e2a-4a4e-85e0-0fc58e7220e7"},{"type":"single","resource":"customfishing:397ce03e-8c7a-47a0-85f1-d55ef646b3ff"},{"type":"single","resource":"customfishing:bee76586-f0cd-4c82-a704-e646a5df3d27"},{"type":"single","resource":"082f53b2-8834-4a15-ae3f-d51f0b6704f1"},{"type":"single","resource":"1726a287-a344-426b-95ad-3899a7766bda"},{"type":"single","resource":"97a0b032-2d79-4c51-8f5c-031e52c1ef29"},{"type":"single","resource":"9cfcfbb0-d014-44e3-9371-418bb549565c"},{"type":"single","resource":"63d307cb-479e-44bd-9151-005dd39b22a4"},{"type":"single","resource":"4891362e-1d72-40cf-8289-27608194aaea"},{"type":"single","resource":"1c564433-afae-4d75-8841-5c1dc5128d11"},{"type":"single","resource":"a3d9cb14-55b5-49a7-824b-c53a80a2e847"},{"type":"single","resource":"6b1744d8-913d-450b-a40f-85dd4fd4117a"},{"type":"single","resource":"32dc780a-7a5c-44a6-aa81-3c10cabd28f6"},{"type":"single","resource":"5a59a23e-9a9e-4250-805e-7bd34e389d9c"},{"type":"single","resource":"6bde5a21-9816-4dd6-abe0-6b993e1ddff4"},{"type":"single","resource":"f7eae5d6-a2e0-44e7-b475-a43409f11fc6"},{"type":"single","resource":"557f8208-7ac8-4694-a97d-1c89e2c92580"},{"type":"single","resource":"27435d95-4b8b-499c-84c0-122e917c4343"},{"type":"single","resource":"fd4fe972-2c5b-427e-b0da-6c3b1a54be92"},{"type":"single","resource":"3362eff1-7149-4f45-a0ec-c88fba279923"},{"type":"single","resource":"f07bd52d-6b73-48dd-a8ce-be3083552378"},{"type":"single","resource":"c5cbc4d9-be5a-4e74-a56e-a10116dda564"},{"type":"single","resource":"8c4eedc8-bb80-44c9-a1ef-b7878683835e"},{"type":"single","resource":"f2b1cd12-7657-45f8-90fb-d87791c96070"},{"type":"single","resource":"3dec0d3e-29ca-4e64-8183-d810080004fd"},{"type":"single","resource":"04b60245-e3b7-4030-8d61-fb5cbc55c59f"},{"type":"single","resource":"945b19fd-97ad-46b3-9873-9997f5e4519e"},{"type":"single","resource":"bd455c25-2173-4b8e-a6df-f8185d4d4188"},{"type":"single","resource":"1c123a1e-b174-4781-a5d7-df937d7acf1a"},{"type":"single","resource":"63bb109b-1cbc-42d6-aa21-7240a153a1a4"},{"type":"single","resource":"4ec54df3-c9e4-49b0-bb56-5435978a17a5"},{"type":"single","resource":"600a64a5-27ef-4049-ae79-233d160be003"},{"type":"single","resource":"3afdee36-88c4-41ce-8014-802de9a81a81"},{"type":"single","resource":"bf4e245f-77d8-4bb8-93be-9aab6fe6e520"},{"type":"single","resource":"1028f4f8-9dc0-4b1e-8b39-36023c235b24"},{"type":"single","resource":"1792c53d-ad72-4e8f-9a8d-8e7e0616b4b3"},{"type":"single","resource":"6bbd5533-e9e9-4c7d-974e-ffa2a7e5776c"},{"type":"single","resource":"aef8d6ee-7ca2-4257-9d5e-3784e5170c47"},{"type":"single","resource":"1b145c9c-ac80-487e-bdc4-9e2d3abd53d3"},{"type":"single","resource":"d1547265-7a17-4475-9410-5c7ae67acc86"},{"type":"single","resource":"538eee3c-cbbf-4532-ae39-298655d89468"},{"type":"single","resource":"25c1e62b-2ce0-432d-9315-82fbac333fec"},{"type":"single","resource":"2fe49637-1f36-4859-a368-453c4540cee4"},{"type":"single","resource":"f0fbefcf-d74c-48b4-81a7-5d7b44e19442"},{"type":"single","resource":"8e05e0c9-4810-49d9-905d-c1c23d210635"},{"type":"single","resource":"8c3ac03e-6ef8-418d-90e5-644a3720dca9"},{"type":"single","resource":"cb7daef1-43e2-4f71-91c4-54efdddae3ad"},{"type":"single","resource":"513b257e-f99b-4a20-88ed-58622826a34e"},{"type":"single","resource":"890a8be5-6c08-4524-905b-894cc3bf9d5f"},{"type":"single","resource":"7717d254-276e-4237-a6cf-3ee331d53e06"},{"type":"single","resource":"70d0a418-1204-4c87-8e6f-68b784dd22f1"},{"type":"single","resource":"dff072eb-68ef-4c90-b0c4-7c3602e9ba04"},{"type":"single","resource":"3ab8a7f2-15bc-4980-a4bb-3ad5bb487df5"},{"type":"single","resource":"0e0f5bcf-e6c6-45f7-9933-c900d354cb10"},{"type":"single","resource":"be1c7373-3772-42b8-871e-9227e8fec936"},{"type":"single","resource":"fd4c827a-62a1-49c0-a6b9-fa3ba6fd0658"},{"type":"single","resource":"0c6e12a2-5aee-4af4-8410-105a03d4b7f7"},{"type":"single","resource":"9371f0ab-e633-439e-b973-224f8510e2ad"},{"type":"single","resource":"9caf85b9-60af-418c-9dea-885e9ac36b73"},{"type":"single","resource":"32900eb3-e8f2-43e7-a1f0-2c5b32c7d0a4"},{"type":"single","resource":"f4b23bc7-5021-4f24-a09c-786afe7019cc"},{"type":"single","resource":"e629493c-b5ca-4b36-8dff-52242df9cf8f"},{"type":"single","resource":"fc2f3671-6e99-41b0-a632-c03f202f9446"},{"type":"single","resource":"073d9b84-bfeb-4deb-b386-abd3b03fb7fc"},{"type":"single","resource":"5a10dd08-bd37-4879-8075-23ecf192cfc1"},{"type":"single","resource":"94811663-8d54-40a3-ad0b-9b89fae87909"},{"type":"single","resource":"f6abfb2f-50f7-42ec-8c96-446b2d65ee0e"},{"type":"single","resource":"696b68d0-0881-4f3f-8a35-e8f152c132ea"},{"type":"single","resource":"a3e43323-73db-4b85-bc72-e3ea8b196537"},{"type":"single","resource":"351842d9-cd23-4dde-8052-f1c992a6abcf"},{"type":"single","resource":"eeaa8337-7bbd-49fa-ac84-49ae8f62fee4"},{"type":"single","resource":"018b9df3-c7df-4b73-8755-d5bb2ca02dca"},{"type":"single","resource":"fd36a2af-ec4d-4637-8c40-bffc7893fd29"},{"type":"single","resource":"12433f2e-d12e-45fa-bb06-59976a120b7f"},{"type":"single","resource":"6625fdec-1d58-4c7a-a89a-16406d27e5ef"},{"type":"single","resource":"c38f4aa8-8480-4df8-8fc7-ebc6615d4690"},{"type":"single","resource":"9bc862fa-17c1-45de-885c-74f006b83e8d"},{"type":"single","resource":"c48b84c6-a629-46bb-8bed-784daacb2191"},{"type":"single","resource":"4719737a-379a-42ff-aee5-0d7199f9d21c"},{"type":"single","resource":"c2523301-0553-497f-b051-36eaad306be9"},{"type":"single","resource":"e6d65ec5-5b4a-404a-bc73-d0cd91b8a42b"},{"type":"single","resource":"6d55243b-c618-49d9-b546-24dba7fd1bc5"},{"type":"single","resource":"a93da5ec-81d4-476e-bab6-f666265af2e7"},{"type":"single","resource":"a2f9cb12-5ad5-4789-91e4-df1cc7cc7cfc"},{"type":"single","resource":"c8d63614-5e3f-4a74-a1b6-5d1fd84f811f"},{"type":"single","resource":"df28aa56-b089-4d0c-ba24-1ffc295c6e5d"},{"type":"single","resource":"e7ecfe2e-acea-488c-8bca-a49ab27e4d59"},{"type":"single","resource":"7595fce3-55f8-4298-8c76-75b387feb1a2"},{"type":"single","resource":"3671663b-f15b-4baf-904e-e1966f4e63d2"},{"type":"single","resource":"85776b5f-40e7-4e1d-94e3-e5659bc142de"},{"type":"single","resource":"156f6370-af61-4870-9bc8-66f13f73d03f"},{"type":"single","resource":"e1ea05ab-554a-4b7c-96ca-765f33e5c057"},{"type":"single","resource":"0b6f3130-599b-4b43-88e1-b7c567b81921"},{"type":"single","resource":"649290b3-42b8-490e-8afe-c600aba56093"},{"type":"single","resource":"78f4410e-2ba0-4605-b2c1-639b33fe09c4"},{"type":"single","resource":"2c7d3fae-e7ad-4f75-a5a1-b1755c0cd3e3"},{"type":"single","resource":"3825e2dc-33a7-46de-a943-16b4be167cac"},{"type":"single","resource":"1c0f29cc-f20c-4afc-ab00-000cce98a080"},{"type":"single","resource":"d004387c-e04c-42fd-8c28-6d0f499ffceb"},{"type":"single","resource":"7cc411fb-43a9-42e5-a80f-32f6bcd8c15a"},{"type":"single","resource":"46a134ff-fd4d-47a8-aa92-d1946aff86d1"},{"type":"single","resource":"58eabafa-e4ae-4edf-a4c6-55de4126fae8"},{"type":"single","resource":"35b3cb26-4258-460c-875b-c40e47c069f0"},{"type":"single","resource":"03274a21-20c8-48ad-aca6-ce48b8e95e19"},{"type":"single","resource":"0acfbd72-e4ea-457e-9746-81c784be25c0"},{"type":"single","resource":"5dfbe218-673f-4207-a634-ee56f5e2d1b8"},{"type":"single","resource":"2a1c7ba9-0eb8-4c75-93d2-988143627076"},{"type":"single","resource":"02463ebc-3145-48bc-9784-85107bcf9365"},{"type":"single","resource":"466e0d53-c7b8-4af5-ab72-5db78bf97afa"},{"type":"single","resource":"f92781dc-f7d0-4a6f-ba67-e9db7d5a2041"},{"type":"single","resource":"993dab90-7d7d-479d-a3ff-1b88ff3e33d0"},{"type":"single","resource":"b8e79e37-74ef-49a0-966a-4dc77f390748"},{"type":"single","resource":"6701b181-f5a0-48db-959f-10a87c0b2851"},{"type":"single","resource":"4ea734d2-a93b-49d2-b225-6fe89d3db278"},{"type":"single","resource":"65963296-cdc4-4fbd-a561-e744cb96c105"},{"type":"single","resource":"55d18edd-55c4-48e7-a6bd-2a9f8bed524a"},{"type":"single","resource":"7bfe3a16-1795-4d2d-865f-a28644b1e412"},{"type":"single","resource":"aaa6634d-886c-46ea-904e-129bbb7cd973"},{"type":"single","resource":"b39f3ebc-cae3-4484-bfda-82790164de43"},{"type":"single","resource":"ff322bfd-4e84-4826-bfdd-8d945403f76a"},{"type":"single","resource":"2b80a0e7-8af3-4176-842e-c0f7630406d9"},{"type":"single","resource":"2fab9809-f9d2-4217-ac7f-eef736ebf10d"},{"type":"single","resource":"2d35cfb7-3732-40af-981e-7518a5efee3b"},{"type":"single","resource":"eed18f25-bd21-49de-92fd-ef3fff9884b9"},{"type":"single","resource":"ee739e4a-5599-4b62-95bd-5b765fb701dd"},{"type":"single","resource":"46e2dce0-70ad-4e77-aa7d-0ffb9a3df9b0"},{"type":"single","resource":"aad2c04f-be94-42cf-b6d2-c3e4c6d62a27"},{"type":"single","resource":"46fee3f8-3351-469f-9ee2-6ea8a55d9a00"},{"type":"single","resource":"65c5c996-9c45-4ed8-a3bd-3b6c0224e48a"},{"type":"single","resource":"9e5f5b1c-f977-448b-b42a-e9b34624779b"},{"type":"single","resource":"d8f0031e-8149-4206-9b78-c654219c4464"},{"type":"single","resource":"09bafdf8-e6d3-4cc0-8da6-86ddc35c4b26"},{"type":"single","resource":"ed2dfd05-3f51-4cc6-b9ee-692c9ef7e57f"},{"type":"single","resource":"1c52e41b-6e18-4da1-9c9d-6baffe15d5d5"},{"type":"single","resource":"7462aa1f-07b7-4ae1-813a-36380218e298"},{"type":"single","resource":"aeda8b2f-0569-42f9-8ae0-acdf8e41a9df"},{"type":"single","resource":"34192353-a503-4def-a5a8-9d1bce9ea4d9"},{"type":"single","resource":"49cfd0b1-b723-4a37-bda3-6630233c2825"},{"type":"single","resource":"543a007e-1213-49d6-8c36-4a411d786cea"},{"type":"single","resource":"81616a6d-e11a-40f8-96fb-de013081e0c9"},{"type":"single","resource":"26955899-aeab-484e-ad8d-4a499b9f76a7"},{"type":"single","resource":"76ab93d1-2e31-4cb0-ab10-b5694d71200f"},{"type":"single","resource":"9cde8ef9-e9c7-4a4d-8a32-0fb95b89ba32"},{"type":"single","resource":"23af881a-bab9-4341-b608-e8d1acb4771a"},{"type":"single","resource":"3a70e874-33df-4d6d-95cd-c317837a5cdd"},{"type":"single","resource":"0692a724-6e51-4ee6-9d1c-51b193beac63"},{"type":"single","resource":"ee45990c-0079-43cc-80ba-9f39c457ea98"},{"type":"single","resource":"0e53e24c-f8cd-4fd0-a0fa-348f25e34b7e"},{"type":"single","resource":"4ff01b83-0bfa-430e-adc5-91df7e782ef7"},{"type":"single","resource":"5927c3d4-78f9-4151-82b8-4f251614985b"},{"type":"single","resource":"e9eb0a2b-930a-4b0d-b74d-af1945da2e44"},{"type":"single","resource":"e2708ae5-5e59-48b6-9b4d-d81175757d3a"},{"type":"single","resource":"64dea586-966b-410a-8a06-0627d3ddef3f"},{"type":"single","resource":"4f5c3e83-4686-4c0a-aab6-8b8211f7b741"},{"type":"single","resource":"35438dba-54e1-48d6-8e12-7bcdfe2d99af"},{"type":"single","resource":"3ac1ef78-8e9a-47be-b8e2-2854fc24b76c"},{"type":"single","resource":"c46bfb49-2970-4d47-8ec0-bbc46952119c"},{"type":"single","resource":"0e406cc6-b8a3-4f5f-b108-e8a3c1c1e3f0"},{"type":"single","resource":"8b364dc4-c745-4e1a-a7f6-bb59d1891248"},{"type":"single","resource":"bfba4af8-17a2-49be-aefd-5172eafaa496"},{"type":"single","resource":"dfffe3d5-51e3-45ad-aeab-3d76fe43ca20"},{"type":"single","resource":"7da4cea4-3f72-424f-af90-94f2eea6b41b"},{"type":"single","resource":"88c23416-87d2-48f5-bbf1-1f18298b6493"},{"type":"single","resource":"7cc80a93-f42a-4260-94f3-73e53b8163f9"},{"type":"single","resource":"6248425f-a957-48a7-beb4-fcad3b648a03"},{"type":"single","resource":"75d547c1-e345-49f8-af01-043f4e67ec59"},{"type":"single","resource":"1e19d6eb-caba-478b-ad5b-747107fd3f2b"},{"type":"single","resource":"4bac8e27-cd27-4615-805a-c274be39cc31"},{"type":"single","resource":"6c8251dd-2485-4451-a52d-8219f4f2dcab"},{"type":"single","resource":"1a52f2c7-a1c0-4381-9a5a-d7108064beff"},{"type":"single","resource":"24dfb694-bbf7-4e82-b488-e4c68673308c"},{"type":"single","resource":"1faf6147-8e12-4ff7-aa14-92e56af52428"},{"type":"single","resource":"2acf34c9-1942-474e-9d74-6539f45b82ff"},{"type":"single","resource":"adc1e5ba-54a7-48ab-b101-e9b4859371ae"},{"type":"single","resource":"0c8929c1-481b-4f30-b763-d3b1b5a85108"},{"type":"single","resource":"d15d7f5d-17b1-4ef3-b959-75f6b4f0ab93"},{"type":"single","resource":"61f72a4d-5cfb-4d46-91fe-b56f99dbfdbe"},{"type":"single","resource":"2b7922fa-26ae-465e-8f45-a84b904fdb17"},{"type":"single","resource":"e3a01b1c-bbe5-4acd-8f03-b2d9e135c364"},{"type":"single","resource":"e33e0383-f1fb-4030-9379-1462637f9227"},{"type":"single","resource":"898a2b4a-1c86-4c90-aca3-e995c08a600d"},{"type":"single","resource":"e2d26e6a-9a63-44ec-a0c5-705304001b5d"},{"type":"single","resource":"af761e5b-8209-42dd-aedb-c77ec19f9c57"},{"type":"single","resource":"83fb782c-d23f-46e9-a431-b9006bca45cd"},{"type":"single","resource":"void_fishing_hat_tier_2"},{"type":"single","resource":"void_fishing_hat_tier_3"},{"type":"single","resource":"void_fishing_hat_tier_4"},{"type":"single","resource":"void_fishing_hat_tier_5"}]}