{"model":{"type":"select","property":"block_state","block_state_property":"connectable","cases":[{"when":"straight","model":{"type":"model","model":"nexo:3f7bfb2b-6122-48f5-83ee-7526ef0c9acb","tints":[]}},{"when":"left","model":{"type":"model","model":"nexo:b42ac810-f793-48a6-9939-22272fc1f942","tints":[]}},{"when":"right","model":{"type":"model","model":"nexo:c8bc2384-fe22-4d4e-bb85-326d0af9e416","tints":[]}},{"when":"inner","model":{"type":"model","model":"nexo:5181e2d6-3e8a-44a8-88d7-707e5dd788e1","tints":[]}},{"when":"outer","model":{"type":"model","model":"nexo:6bedaaad-a798-4ab5-9842-39fcddac2361","tints":[]}}],"fallback":{"type":"model","model":"nexo:1e5ca316-e68b-4d9e-bb26-fc17a59e79fc","tints":[]}}}