{"model":{"type":"select","property":"block_state","block_state_property":"connectable","cases":[{"when":"straight","model":{"type":"model","model":"nexo:2b979754-d96e-43f2-8fcd-ebbf83b3e37b","tints":[]}},{"when":"left","model":{"type":"model","model":"nexo:dcf4e599-1a27-4da6-b2e9-bd4347d55157","tints":[]}},{"when":"right","model":{"type":"model","model":"nexo:846ef4ec-198c-4bfe-b912-b62e611e1914","tints":[]}},{"when":"inner","model":{"type":"model","model":"nexo:8af3ee2b-4da3-406d-8823-4c73d7ca93a9","tints":[]}},{"when":"outer","model":{"type":"model","model":"nexo:ca1fbd8d-8075-4c4f-aed9-f2ea4ec9f69b","tints":[]}}],"fallback":{"type":"model","model":"nexo:445f18c4-8703-4fcf-afe9-b1fd86d3249b","tints":[]}}}