{"model":{"type":"select","property":"block_state","block_state_property":"connectable","cases":[{"when":"straight","model":{"type":"model","model":"nexo:9f311ae7-a9bc-4f59-96b3-b8c0abb926c0","tints":[]}},{"when":"left","model":{"type":"model","model":"nexo:2674f576-0760-4b00-868f-d0031503e0b2","tints":[]}},{"when":"right","model":{"type":"model","model":"nexo:13bddf95-ac23-42ae-b552-14549939ad26","tints":[]}},{"when":"inner","model":{"type":"model","model":"nexo:ed321223-5c2f-4bb4-bbad-4d6e623739fc","tints":[]}},{"when":"outer","model":{"type":"model","model":"nexo:2d7b8e10-e9c4-4daa-b3fe-38ce29367787","tints":[]}}],"fallback":{"type":"model","model":"nexo:7bfd6576-3d60-424e-88eb-f5072b94c77f","tints":[]}}}