{"model":{"type":"minecraft:range_dispatch","property":"minecraft:custom_model_data","entries":[{"threshold":1.0,"model":{"model":"minecraft:be046fcd-3cb0-43e4-9c40-d00653b0e028","type":"minecraft:model"}},{"threshold":2.0,"model":{"model":"minecraft:565d92d6-0a02-4666-9a2d-dab96a2e7fee","type":"minecraft:model"}},{"threshold":3.0,"model":{"model":"minecraft:aa69418e-63b1-45ef-b8c7-d172040e7785","type":"minecraft:model"}},{"threshold":4.0,"model":{"model":"minecraft:e7449864-ac84-4554-a737-3a3e20d5300f","type":"minecraft:model"}},{"threshold":5.0,"model":{"model":"minecraft:cdfacfa4-82d0-4568-a96b-18cb8d254d07","type":"minecraft:model"}},{"threshold":6.0,"model":{"model":"minecraft:91a8700f-fa4f-4348-bddb-005f49e9eae4","type":"minecraft:model"}}],"scale":1.0,"fallback":{"type":"minecraft:model","model":"item/angler_pottery_sherd"}}}