{"model":{"type":"minecraft:range_dispatch","property":"minecraft:custom_model_data","entries":[{"threshold":1.0,"model":{"model":"minecraft:2113a2d8-a16c-45c4-9967-1603e1058040","type":"minecraft:model"}},{"threshold":2.0,"model":{"model":"minecraft:86cb74b3-a98d-48f3-84c8-a1c04b3a0a30","type":"minecraft:model"}},{"threshold":3.0,"model":{"model":"minecraft:b49be744-85cc-4ce0-a482-6323c0aebf89","type":"minecraft:model"}},{"threshold":4.0,"model":{"model":"minecraft:297a7087-a105-43ea-98dc-b50fb8238025","type":"minecraft:model"}},{"threshold":5.0,"model":{"model":"minecraft:e972b257-09d1-49e2-960d-b6919e0b4603","type":"minecraft:model"}},{"threshold":6.0,"model":{"model":"minecraft:fa5335ca-cc39-4f44-a8d7-66f3ef3c2261","type":"minecraft:model"}}],"scale":1.0,"fallback":{"type":"minecraft:model","model":"item/angler_pottery_sherd"}}}