{"model":{"type":"minecraft:range_dispatch","property":"minecraft:custom_model_data","entries":[{"threshold":1.0,"model":{"model":"minecraft:8e6eea04-c374-4f84-b271-8e98dd401b6b","type":"minecraft:model"}},{"threshold":2.0,"model":{"model":"minecraft:d34da65c-f387-4e81-b4fb-3ddd15ec4be7","type":"minecraft:model"}},{"threshold":3.0,"model":{"model":"minecraft:601c674a-65dc-4c95-9655-53c3a0fb84a7","type":"minecraft:model"}},{"threshold":4.0,"model":{"model":"minecraft:e8b07c12-d52c-44b7-bfeb-ec0b1c894d0b","type":"minecraft:model"}},{"threshold":5.0,"model":{"model":"minecraft:75e76785-e624-4517-b49a-ef70ac7aa42c","type":"minecraft:model"}},{"threshold":6.0,"model":{"model":"minecraft:64cf5647-cd77-45ef-8c5a-a400e425db16","type":"minecraft:model"}}],"scale":1.0,"fallback":{"type":"minecraft:model","model":"item/angler_pottery_sherd"}}}