{"model":{"type":"minecraft:range_dispatch","property":"minecraft:custom_model_data","entries":[{"threshold":1.0,"model":{"model":"minecraft:common_artifact","type":"minecraft:model"}},{"threshold":2.0,"model":{"model":"minecraft:uncommon_artifact","type":"minecraft:model"}},{"threshold":3.0,"model":{"model":"minecraft:rare_artifact","type":"minecraft:model"}},{"threshold":4.0,"model":{"model":"minecraft:epic_artifact","type":"minecraft:model"}},{"threshold":5.0,"model":{"model":"minecraft:legendary_artifact","type":"minecraft:model"}},{"threshold":6.0,"model":{"model":"minecraft:mythic_artifact","type":"minecraft:model"}}],"scale":1.0,"fallback":{"type":"minecraft:model","model":"item/angler_pottery_sherd"}}}