{"model":{"type":"range_dispatch","property":"custom_model_data","entries":[{"threshold":1.0,"model":{"type":"model","model":"6cc8e59a-ed83-4bb4-a60c-41bf8315b6e5","tints":[]}},{"threshold":2.0,"model":{"type":"model","model":"2d2665c5-e0b6-4fbb-8086-d815a9c1b49a","tints":[]}},{"threshold":3.0,"model":{"type":"model","model":"26bd2b73-72fb-4e25-a73d-20c21c48b333","tints":[]}},{"threshold":4.0,"model":{"type":"model","model":"4746b9e1-f2b6-453c-846b-0194b018408a","tints":[]}},{"threshold":5.0,"model":{"type":"model","model":"66a48af5-b612-4925-b4bd-38581cbe0cc0","tints":[]}},{"threshold":6.0,"model":{"type":"model","model":"dcc2e4f1-299c-4c8c-867c-cbefd43b42e3","tints":[]}}],"fallback":{"type":"model","model":"item/angler_pottery_sherd","tints":[]}}}