{"model":{"type":"range_dispatch","property":"custom_model_data","entries":[{"threshold":1.0,"model":{"type":"model","model":"5b938a17-910a-4e15-92d0-6707e9016f43","tints":[]}},{"threshold":2.0,"model":{"type":"model","model":"4c05d4bf-df57-44ae-9531-1ebc6d18d327","tints":[]}},{"threshold":3.0,"model":{"type":"model","model":"5fa7b5c9-5abb-4d81-8129-9894385e2472","tints":[]}},{"threshold":4.0,"model":{"type":"model","model":"77890ce7-e2aa-4e59-a30e-fca54dca2c09","tints":[]}},{"threshold":5.0,"model":{"type":"model","model":"2af4ba35-9624-4278-95b4-8c3091097a9d","tints":[]}},{"threshold":6.0,"model":{"type":"model","model":"cdda1d94-9aa4-4091-b4d9-bbfe18599045","tints":[]}}],"fallback":{"type":"model","model":"item/angler_pottery_sherd","tints":[]}}}