{"model":{"type":"range_dispatch","property":"custom_model_data","entries":[{"threshold":1.0,"model":{"type":"model","model":"d7ef30a9-d959-42d9-9d5c-62821109332e","tints":[]}},{"threshold":2.0,"model":{"type":"model","model":"a9b516ee-b330-4a94-aa71-5daacfd3f796","tints":[]}},{"threshold":3.0,"model":{"type":"model","model":"11b15a56-2fce-42a3-9d1c-60f7e1279dc5","tints":[]}},{"threshold":4.0,"model":{"type":"model","model":"30cdffc7-e69e-4fec-9f8d-0779016fe9ec","tints":[]}},{"threshold":5.0,"model":{"type":"model","model":"5608aebc-ae89-4284-8885-42cc1562c03a","tints":[]}},{"threshold":6.0,"model":{"type":"model","model":"61c69110-d81b-4fe2-a4ce-dc4799469e46","tints":[]}}],"fallback":{"type":"model","model":"item/angler_pottery_sherd","tints":[]}}}