{"model":{"type":"range_dispatch","property":"custom_model_data","entries":[{"threshold":1000.0,"model":{"type":"model","model":"49c1f1f4-ce26-4598-ac86-633d73b6f9ee","tints":[]}}],"fallback":{"type":"select","property":"trim_material","cases":[{"when":"minecraft:quartz","model":{"type":"model","model":"item/chainmail_boots_quartz_trim","tints":[]}},{"when":"minecraft:iron","model":{"type":"model","model":"item/chainmail_boots_iron_trim","tints":[]}},{"when":"minecraft:netherite","model":{"type":"model","model":"item/chainmail_boots_netherite_trim","tints":[]}},{"when":"minecraft:redstone","model":{"type":"model","model":"item/chainmail_boots_redstone_trim","tints":[]}},{"when":"minecraft:copper","model":{"type":"model","model":"item/chainmail_boots_copper_trim","tints":[]}},{"when":"minecraft:gold","model":{"type":"model","model":"item/chainmail_boots_gold_trim","tints":[]}},{"when":"minecraft:emerald","model":{"type":"model","model":"item/chainmail_boots_emerald_trim","tints":[]}},{"when":"minecraft:diamond","model":{"type":"model","model":"item/chainmail_boots_diamond_trim","tints":[]}},{"when":"minecraft:lapis","model":{"type":"model","model":"item/chainmail_boots_lapis_trim","tints":[]}},{"when":"minecraft:amethyst","model":{"type":"model","model":"item/chainmail_boots_amethyst_trim","tints":[]}},{"when":"minecraft:resin","model":{"type":"model","model":"item/chainmail_boots_resin_trim","tints":[]}}],"fallback":{"type":"model","model":"item/chainmail_boots","tints":[]}}}}