{"model":{"type":"range_dispatch","property":"custom_model_data","entries":[{"threshold":1.0,"model":{"type":"model","model":"28ee94b1-1485-4a43-a891-eb7945dd8514","tints":[]}},{"threshold":2.0,"model":{"type":"model","model":"ec0f2e9d-a4bc-41ac-ab0e-743700c4c3b9","tints":[]}},{"threshold":3.0,"model":{"type":"model","model":"ceba565c-30cb-4159-b9aa-ce86d4a09297","tints":[]}},{"threshold":4.0,"model":{"type":"model","model":"3d5cb54c-b61d-4ac7-81ee-9ef9f731964e","tints":[]}},{"threshold":5.0,"model":{"type":"model","model":"393af3fb-2362-44ea-bf1d-f2624a343d23","tints":[]}},{"threshold":6.0,"model":{"type":"model","model":"bacdf01d-df4f-45af-a2b0-5526b99a9f11","tints":[]}}],"fallback":{"type":"model","model":"item/chain","tints":[]}}}