{"model":{"type":"range_dispatch","property":"custom_model_data","entries":[{"threshold":1.0,"model":{"type":"model","model":"d67d8a14-57c4-41cc-a595-004aaed0ea7c","tints":[]}},{"threshold":1000.0,"model":{"type":"model","model":"nexo:63c2b3b0-a942-43e4-ae98-7b60cfdfc8b2","tints":[]}}],"fallback":{"type":"select","property":"trim_material","cases":[{"when":"minecraft:quartz","model":{"type":"model","model":"item/chainmail_helmet_quartz_trim","tints":[]}},{"when":"minecraft:iron","model":{"type":"model","model":"item/chainmail_helmet_iron_trim","tints":[]}},{"when":"minecraft:netherite","model":{"type":"model","model":"item/chainmail_helmet_netherite_trim","tints":[]}},{"when":"minecraft:redstone","model":{"type":"model","model":"item/chainmail_helmet_redstone_trim","tints":[]}},{"when":"minecraft:copper","model":{"type":"model","model":"item/chainmail_helmet_copper_trim","tints":[]}},{"when":"minecraft:gold","model":{"type":"model","model":"item/chainmail_helmet_gold_trim","tints":[]}},{"when":"minecraft:emerald","model":{"type":"model","model":"item/chainmail_helmet_emerald_trim","tints":[]}},{"when":"minecraft:diamond","model":{"type":"model","model":"item/chainmail_helmet_diamond_trim","tints":[]}},{"when":"minecraft:lapis","model":{"type":"model","model":"item/chainmail_helmet_lapis_trim","tints":[]}},{"when":"minecraft:amethyst","model":{"type":"model","model":"item/chainmail_helmet_amethyst_trim","tints":[]}},{"when":"minecraft:resin","model":{"type":"model","model":"item/chainmail_helmet_resin_trim","tints":[]}}],"fallback":{"type":"model","model":"item/chainmail_helmet","tints":[]}}}}