{"model":{"type":"range_dispatch","property":"custom_model_data","entries":[{"threshold":1.0,"model":{"type":"model","model":"7c5c951f-30bc-4ffd-8cef-d899d787a212","tints":[]}},{"threshold":2.0,"model":{"type":"model","model":"d6d0a0a1-6cd1-458c-b8ff-b91e5da0b592","tints":[]}},{"threshold":3.0,"model":{"type":"model","model":"aaf56f66-c3cd-48a2-aa2b-d6930772666d","tints":[]}},{"threshold":4.0,"model":{"type":"model","model":"a76bc43d-8a20-445e-9a82-07f73df9b09c","tints":[]}},{"threshold":5.0,"model":{"type":"model","model":"8b8bb3d7-539f-4686-b1e7-e5ff4d91f910","tints":[]}},{"threshold":6.0,"model":{"type":"model","model":"cb37b32b-b574-4e73-9a16-4141912eded0","tints":[]}}],"fallback":{"type":"model","model":"item/chain","tints":[]}}}