{"model":{"type":"minecraft:range_dispatch","property":"minecraft:custom_model_data","entries":[{"threshold":1.0,"model":{"model":"minecraft:a3bc41ae-1170-4ad5-b408-774591f9246d","type":"minecraft:model"}},{"threshold":2.0,"model":{"model":"minecraft:571514a7-4dd7-4dd2-a554-34116e4bfde3","type":"minecraft:model"}},{"threshold":3.0,"model":{"model":"minecraft:07dc6d3b-7a8e-46f7-9840-ce000bf372c2","type":"minecraft:model"}},{"threshold":4.0,"model":{"model":"minecraft:bfe86fb8-b574-45cb-83ed-aafff2b0beca","type":"minecraft:model"}},{"threshold":5.0,"model":{"model":"minecraft:aa0cd989-97bb-4f7c-86e6-877a3d719d29","type":"minecraft:model"}},{"threshold":6.0,"model":{"model":"minecraft:a1e7a026-cebf-4014-ab88-4d377158266a","type":"minecraft:model"}}],"scale":1.0,"fallback":{"type":"minecraft:model","model":"item/chain"}}}