{"model":{"type":"minecraft:range_dispatch","property":"minecraft:custom_model_data","entries":[{"threshold":1.0,"model":{"model":"minecraft:2e8ad8b7-bc97-4548-85bd-6a7400ed2bd0","type":"minecraft:model"}},{"threshold":2.0,"model":{"model":"minecraft:2bc4822e-c10c-471c-8f2d-ddabde782e60","type":"minecraft:model"}},{"threshold":3.0,"model":{"model":"minecraft:a8f7b4ee-ed18-4326-9460-5e69083804ca","type":"minecraft:model"}},{"threshold":4.0,"model":{"model":"minecraft:831a0380-6e20-48c4-8c44-0da122a50320","type":"minecraft:model"}},{"threshold":5.0,"model":{"model":"minecraft:8d7f9948-57d7-436a-933d-a74ccf356ad9","type":"minecraft:model"}},{"threshold":6.0,"model":{"model":"minecraft:8c6305e2-b4c3-444c-b5ab-2860c04c361f","type":"minecraft:model"}}],"scale":1.0,"fallback":{"type":"minecraft:model","model":"item/chain"}}}