{"model":{"type":"minecraft:range_dispatch","property":"minecraft:custom_model_data","entries":[{"model":{"type":"minecraft:select","cases":[{"model":{"type":"minecraft:model","model":"minecraft:item/chainmail_boots_quartz_trim"},"when":"minecraft:quartz"},{"model":{"type":"minecraft:model","model":"minecraft:item/chainmail_boots_iron_trim"},"when":"minecraft:iron"},{"model":{"type":"minecraft:model","model":"minecraft:item/chainmail_boots_netherite_trim"},"when":"minecraft:netherite"},{"model":{"type":"minecraft:model","model":"minecraft:item/chainmail_boots_redstone_trim"},"when":"minecraft:redstone"},{"model":{"type":"minecraft:model","model":"minecraft:item/chainmail_boots_copper_trim"},"when":"minecraft:copper"},{"model":{"type":"minecraft:model","model":"minecraft:item/chainmail_boots_gold_trim"},"when":"minecraft:gold"},{"model":{"type":"minecraft:model","model":"minecraft:item/chainmail_boots_emerald_trim"},"when":"minecraft:emerald"},{"model":{"type":"minecraft:model","model":"minecraft:item/chainmail_boots_diamond_trim"},"when":"minecraft:diamond"},{"model":{"type":"minecraft:model","model":"minecraft:item/chainmail_boots_lapis_trim"},"when":"minecraft:lapis"},{"model":{"type":"minecraft:model","model":"minecraft:item/chainmail_boots_amethyst_trim"},"when":"minecraft:amethyst"},{"model":{"type":"minecraft:model","model":"minecraft:item/chainmail_boots_resin_trim"},"when":"minecraft:resin"}],"fallback":{"type":"minecraft:model","model":"minecraft:item/chainmail_boots"},"property":"minecraft:trim_material"},"threshold":0.0},{"threshold":1000.0,"model":{"model":"minecraft:8313f580-4e06-4928-80db-5e775ffac8a1","type":"minecraft:model"}}]}}