{"model":{"type":"minecraft:range_dispatch","property":"minecraft:custom_model_data","entries":[{"threshold":1.0,"model":{"model":"minecraft:common_bracelet","type":"minecraft:model"}},{"threshold":2.0,"model":{"model":"minecraft:uncommon_bracelet","type":"minecraft:model"}},{"threshold":3.0,"model":{"model":"minecraft:rare_bracelet","type":"minecraft:model"}},{"threshold":4.0,"model":{"model":"minecraft:epic_bracelet","type":"minecraft:model"}},{"threshold":5.0,"model":{"model":"minecraft:legendary_bracelet","type":"minecraft:model"}},{"threshold":6.0,"model":{"model":"minecraft:mythic_bracelet","type":"minecraft:model"}}],"scale":1.0,"fallback":{"type":"minecraft:model","model":"item/chain"}}}