{"model":{"type":"range_dispatch","property":"custom_model_data","entries":[{"threshold":1.0,"model":{"type":"model","model":"15a0e3eb-3894-44af-a225-76cbdc0abcae","tints":[]}},{"threshold":2.0,"model":{"type":"model","model":"97a77e7a-fad5-447a-b66a-06d64093876f","tints":[]}},{"threshold":3.0,"model":{"type":"model","model":"e8b22430-a202-4cdc-99d7-b4b5e958d2e3","tints":[]}},{"threshold":4.0,"model":{"type":"model","model":"401895db-3e1b-45db-a723-9a06fe12ed9c","tints":[]}},{"threshold":5.0,"model":{"type":"model","model":"4b93a85f-9912-460a-bd62-4f9e64c05712","tints":[]}},{"threshold":6.0,"model":{"type":"model","model":"78054504-ee33-4206-87d9-bae9c22cfcd8","tints":[]}}],"fallback":{"type":"model","model":"item/chain","tints":[]}}}