{"model":{"type":"range_dispatch","property":"custom_model_data","entries":[{"threshold":50000.0,"model":{"type":"model","model":"customfishing:227c1101-2ba4-469f-bd91-4f13a9b28bae","tints":[]}},{"threshold":50001.0,"model":{"type":"model","model":"customfishing:6ab5e2dc-d027-47e1-9580-524729ca303e","tints":[]}},{"threshold":50002.0,"model":{"type":"model","model":"customfishing:f2b6b817-f9fc-44e8-8547-cfbf0acd5b4e","tints":[]}},{"threshold":50003.0,"model":{"type":"model","model":"customfishing:3d2b076a-a1b0-4e89-8bef-4cf6332d038a","tints":[]}},{"threshold":50004.0,"model":{"type":"model","model":"customfishing:ff6db22a-ad8a-4479-bb1b-d53fc78648b6","tints":[]}},{"threshold":50005.0,"model":{"type":"model","model":"customfishing:d0f73f9c-535f-43be-9179-e495cb12a274","tints":[]}},{"threshold":50006.0,"model":{"type":"model","model":"customfishing:e18cfa3a-8c6f-4d0f-8ea3-d22a2f6e5e38","tints":[]}},{"threshold":50007.0,"model":{"type":"model","model":"customfishing:c34da956-997f-489d-a3f4-4ae2a9783df8","tints":[]}},{"threshold":50008.0,"model":{"type":"model","model":"customfishing:aa459808-a678-4d45-bf85-0032345ac782","tints":[]}},{"threshold":50009.0,"model":{"type":"model","model":"customfishing:67e75a69-87fc-4807-80b2-1967744f9205","tints":[]}},{"threshold":50010.0,"model":{"type":"model","model":"customfishing:060b1d47-a3d4-4394-987b-5c608a09ff5f","tints":[]}},{"threshold":50011.0,"model":{"type":"model","model":"customfishing:101776ae-820c-4790-b16b-baa97bc68457","tints":[]}},{"threshold":50012.0,"model":{"type":"model","model":"customfishing:3cb5d4e1-ce98-402f-8b2d-335ac2ad48bd","tints":[]}},{"threshold":50013.0,"model":{"type":"model","model":"customfishing:a0135cc6-fa51-42cc-b01c-87bb36e7913d","tints":[]}},{"threshold":50014.0,"model":{"type":"model","model":"customfishing:286207b5-8ed8-436d-92d5-f4e397bd1fb8","tints":[]}},{"threshold":50015.0,"model":{"type":"model","model":"customfishing:70ebbdbb-3b22-488d-97f9-137c82c3fc14","tints":[]}},{"threshold":50016.0,"model":{"type":"model","model":"customfishing:cf80ab4c-69b9-49eb-8bcd-abf0c0842053","tints":[]}},{"threshold":50017.0,"model":{"type":"model","model":"customfishing:1629d6b2-ba02-479a-9ade-8af3b60f8760","tints":[]}},{"threshold":50018.0,"model":{"type":"model","model":"customfishing:1867529e-d054-4124-9f24-fab21635288b","tints":[]}},{"threshold":50019.0,"model":{"type":"model","model":"customfishing:eb11c522-532b-4469-ae1f-6e55b63bb604","tints":[]}},{"threshold":50020.0,"model":{"type":"model","model":"customfishing:1159a98d-76b3-4269-851d-ea323e581072","tints":[]}},{"threshold":50021.0,"model":{"type":"model","model":"customfishing:9a6ed562-42ed-429c-b428-a0dfcf132dc8","tints":[]}},{"threshold":50022.0,"model":{"type":"model","model":"customfishing:19287739-9d0e-4ed5-93f8-5b6615e918f4","tints":[]}},{"threshold":50023.0,"model":{"type":"model","model":"customfishing:7f952af2-93b6-4cfb-b930-c26aaf7b20b8","tints":[]}},{"threshold":50024.0,"model":{"type":"model","model":"customfishing:1c417316-aba4-440f-b73f-cbf9d0e73294","tints":[]}},{"threshold":50025.0,"model":{"type":"model","model":"customfishing:547dd4f9-60c5-4aff-aab6-0dec868464f5","tints":[]}},{"threshold":50026.0,"model":{"type":"model","model":"customfishing:411c5437-5118-4ef7-93d3-7c5a36d05c11","tints":[]}},{"threshold":50027.0,"model":{"type":"model","model":"customfishing:56206b6e-75ef-423c-9913-cdd1ca7ed278","tints":[]}},{"threshold":50028.0,"model":{"type":"model","model":"customfishing:af68f8c2-60dc-4faa-a09e-32da9fa59eda","tints":[]}},{"threshold":50029.0,"model":{"type":"model","model":"customfishing:61a90f52-b520-45f6-a2a0-cd730c4d2bcd","tints":[]}},{"threshold":50030.0,"model":{"type":"model","model":"customfishing:a29ecec6-2bf9-4e54-ad57-7498c8a5d59f","tints":[]}},{"threshold":50031.0,"model":{"type":"model","model":"customfishing:932e5479-12e8-4b46-b495-4a601f3dba0f","tints":[]}},{"threshold":50032.0,"model":{"type":"model","model":"customfishing:d8aec1ba-6128-4ad2-82d3-2b5d2491bf66","tints":[]}},{"threshold":50033.0,"model":{"type":"model","model":"customfishing:59066f3f-b75d-49b0-833b-3c1eab3e3de0","tints":[]}},{"threshold":50034.0,"model":{"type":"model","model":"customfishing:48d53757-3bda-4a8e-9db5-ffc4b43984bd","tints":[]}},{"threshold":50035.0,"model":{"type":"model","model":"customfishing:c6286124-3059-4016-8836-255cd1460d6c","tints":[]}},{"threshold":50036.0,"model":{"type":"model","model":"customfishing:8b4c4e98-df52-4afa-a7fd-70e718a1d598","tints":[]}},{"threshold":50037.0,"model":{"type":"model","model":"customfishing:13b1828b-b145-4896-8e23-6a3522ae3a03","tints":[]}},{"threshold":50038.0,"model":{"type":"model","model":"customfishing:1909b497-0313-47b8-9910-df24af950b39","tints":[]}},{"threshold":50039.0,"model":{"type":"model","model":"customfishing:24c470a8-070d-4ad3-be41-608ac7a038d8","tints":[]}},{"threshold":50040.0,"model":{"type":"model","model":"customfishing:e8aae19b-78c9-4490-b7e6-a1229c9b3f58","tints":[]}},{"threshold":50041.0,"model":{"type":"model","model":"customfishing:ead7c6e7-2646-457d-816f-62fc8dec7a07","tints":[]}},{"threshold":50042.0,"model":{"type":"model","model":"customfishing:9583c022-4077-4a04-a228-439d44ac0b1b","tints":[]}},{"threshold":50043.0,"model":{"type":"model","model":"customfishing:27b58910-dd7e-454d-8eb2-e2f72ba4c42c","tints":[]}},{"threshold":50044.0,"model":{"type":"model","model":"customfishing:54fe5797-b2bf-48d4-997d-3efc15fb85be","tints":[]}},{"threshold":50045.0,"model":{"type":"model","model":"customfishing:c6ebe1b0-e23c-4136-89d4-c7c6f5805b7a","tints":[]}},{"threshold":50046.0,"model":{"type":"model","model":"customfishing:b5961653-99c6-4504-8996-cf31d4fed862","tints":[]}},{"threshold":50047.0,"model":{"type":"model","model":"customfishing:e0780a8e-cdde-4b12-95e3-4fad896e5d7f","tints":[]}},{"threshold":50048.0,"model":{"type":"model","model":"customfishing:2e32d127-dfbc-45b2-9e1c-9667bb50b961","tints":[]}},{"threshold":50100.0,"model":{"type":"model","model":"customfishing:ec1dbd6e-2a93-4f09-adce-f9c68038067a","tints":[]}}],"fallback":{"type":"model","model":"item/cod","tints":[]}}}