{"model":{"type":"range_dispatch","property":"custom_model_data","entries":[{"threshold":50000.0,"model":{"type":"model","model":"customfishing:3962bba7-f119-406b-ab6f-9bfaa272920e","tints":[]}},{"threshold":50001.0,"model":{"type":"model","model":"customfishing:e2d8df9c-1a00-4f84-8d8d-dee98bfd1153","tints":[]}},{"threshold":50002.0,"model":{"type":"model","model":"customfishing:7c8b0fe8-f799-4505-98f6-2c9b613e7d98","tints":[]}},{"threshold":50003.0,"model":{"type":"model","model":"customfishing:28633905-62a9-47e2-b3e7-1d31fb7c1aa2","tints":[]}},{"threshold":50004.0,"model":{"type":"model","model":"customfishing:4b364a4c-0ff9-4261-9c32-9085eb64d186","tints":[]}},{"threshold":50005.0,"model":{"type":"model","model":"customfishing:38dea373-1d0a-4604-86f7-fca57771468f","tints":[]}},{"threshold":50006.0,"model":{"type":"model","model":"customfishing:54c0a1b0-8a22-4dca-8f06-99d23f328c57","tints":[]}},{"threshold":50007.0,"model":{"type":"model","model":"customfishing:756be0af-ffa0-4eb8-9f4f-9d91f11ff168","tints":[]}},{"threshold":50008.0,"model":{"type":"model","model":"customfishing:ce89eb03-2c7c-43c8-a269-9763f0fdc1c0","tints":[]}},{"threshold":50009.0,"model":{"type":"model","model":"customfishing:35e29c5e-fce3-4d42-83cf-32e2638feb4a","tints":[]}},{"threshold":50010.0,"model":{"type":"model","model":"customfishing:b831c9ce-32d9-4ef8-859c-93bab75fb0e6","tints":[]}},{"threshold":50011.0,"model":{"type":"model","model":"customfishing:9f92a6a1-ad06-4d4c-af05-4f36e2621105","tints":[]}},{"threshold":50012.0,"model":{"type":"model","model":"customfishing:6260dfb8-d569-4edc-90e4-81d5cc752848","tints":[]}},{"threshold":50013.0,"model":{"type":"model","model":"customfishing:956c36fa-c7fb-44c9-809c-376882e73609","tints":[]}},{"threshold":50014.0,"model":{"type":"model","model":"customfishing:347f528f-6deb-490f-86eb-62600e3dc49c","tints":[]}},{"threshold":50015.0,"model":{"type":"model","model":"customfishing:0c2c35e6-1a20-42af-b500-fe96b21b0a13","tints":[]}},{"threshold":50016.0,"model":{"type":"model","model":"customfishing:dc7e60e9-42fd-4422-a6f0-1185fd05880d","tints":[]}},{"threshold":50017.0,"model":{"type":"model","model":"customfishing:9c560696-7eab-43b6-9674-b5c00fabcea3","tints":[]}},{"threshold":50018.0,"model":{"type":"model","model":"customfishing:cf0edb34-b671-4397-bf14-a786c2101ecd","tints":[]}},{"threshold":50019.0,"model":{"type":"model","model":"customfishing:5c5b0cee-b380-4a9f-a4e4-f09b35c173da","tints":[]}},{"threshold":50020.0,"model":{"type":"model","model":"customfishing:a70640fc-e88c-4f4d-bb78-4a88b307524e","tints":[]}},{"threshold":50021.0,"model":{"type":"model","model":"customfishing:5076a646-33e2-4a0a-b6e6-738d94bb96f6","tints":[]}},{"threshold":50022.0,"model":{"type":"model","model":"customfishing:50ef4528-a1b3-4bef-a651-5962915f7ac5","tints":[]}},{"threshold":50023.0,"model":{"type":"model","model":"customfishing:de235b69-72f5-4af4-bde2-25506501c06a","tints":[]}},{"threshold":50024.0,"model":{"type":"model","model":"customfishing:6accceeb-8c8d-4094-8171-3cfaa3597535","tints":[]}},{"threshold":50025.0,"model":{"type":"model","model":"customfishing:a9533c71-7e28-458f-a467-64605618cc6e","tints":[]}},{"threshold":50026.0,"model":{"type":"model","model":"customfishing:a5a32cc9-d1d2-4144-a3c3-260c1ab4bb45","tints":[]}},{"threshold":50027.0,"model":{"type":"model","model":"customfishing:2c7463d3-efc7-48a7-9f2c-bc5f80d05402","tints":[]}},{"threshold":50028.0,"model":{"type":"model","model":"customfishing:f7f064a2-86bc-43ed-94c8-e9741af94c32","tints":[]}},{"threshold":50029.0,"model":{"type":"model","model":"customfishing:6ca020da-987e-4c7d-ac2e-e4da3fe1aaf5","tints":[]}},{"threshold":50030.0,"model":{"type":"model","model":"customfishing:0c0c7de1-dd19-4b0b-9518-312721bb1a7e","tints":[]}},{"threshold":50031.0,"model":{"type":"model","model":"customfishing:26dd9bdb-1885-4a5a-a7f8-b0d765b9ecea","tints":[]}},{"threshold":50032.0,"model":{"type":"model","model":"customfishing:0d4efe83-1b40-496f-ac0e-4977d6d66198","tints":[]}},{"threshold":50033.0,"model":{"type":"model","model":"customfishing:f4979d86-2391-408e-a581-22aeb48f2799","tints":[]}},{"threshold":50034.0,"model":{"type":"model","model":"customfishing:492ac915-ffd2-4aab-88d0-163489571242","tints":[]}},{"threshold":50035.0,"model":{"type":"model","model":"customfishing:201e5f34-3e55-409d-959f-07d49d92472d","tints":[]}},{"threshold":50036.0,"model":{"type":"model","model":"customfishing:b5bcf134-f3bd-4969-bef2-ba49271c457c","tints":[]}},{"threshold":50037.0,"model":{"type":"model","model":"customfishing:b795aff9-bad3-44bd-a4ef-8fb4e6eea6d5","tints":[]}},{"threshold":50038.0,"model":{"type":"model","model":"customfishing:398e19d3-927e-481f-8b52-6bc9f66dbe9c","tints":[]}},{"threshold":50039.0,"model":{"type":"model","model":"customfishing:8bd96dc6-6eba-4e64-b930-d297ef1fdef9","tints":[]}},{"threshold":50040.0,"model":{"type":"model","model":"customfishing:2a77115b-f6d5-48ae-ae0d-90aa92fb91c8","tints":[]}},{"threshold":50041.0,"model":{"type":"model","model":"customfishing:9c7e5732-376d-4057-b350-1ea7e3f35e6c","tints":[]}},{"threshold":50042.0,"model":{"type":"model","model":"customfishing:821d5d58-aea9-4fbb-baf1-a4d4475ba978","tints":[]}},{"threshold":50043.0,"model":{"type":"model","model":"customfishing:2d0ae4dc-2c0e-4786-80e9-8373bc4eb946","tints":[]}},{"threshold":50044.0,"model":{"type":"model","model":"customfishing:dcf3ff99-f024-455b-8c88-135b11abaa61","tints":[]}},{"threshold":50045.0,"model":{"type":"model","model":"customfishing:6f73d788-a80b-452b-991e-bd5f17ec3aa5","tints":[]}},{"threshold":50046.0,"model":{"type":"model","model":"customfishing:2be39ca1-f8c6-4779-abda-b2b0f4fce0bd","tints":[]}},{"threshold":50047.0,"model":{"type":"model","model":"customfishing:b0677121-1239-4c27-9ee7-a75bd9a8dd83","tints":[]}},{"threshold":50048.0,"model":{"type":"model","model":"customfishing:e0db38c9-3e70-43e4-a240-8c9f5e728d90","tints":[]}},{"threshold":50100.0,"model":{"type":"model","model":"customfishing:ca91907c-bb3d-4880-afe4-e4c56fa63824","tints":[]}}],"fallback":{"type":"model","model":"item/cod","tints":[]}}}