{"model":{"type":"range_dispatch","property":"custom_model_data","entries":[{"threshold":50000.0,"model":{"type":"model","model":"customfishing:5e865eef-4c13-408a-9d51-2ce0c9490e04","tints":[]}},{"threshold":50001.0,"model":{"type":"model","model":"customfishing:34db04e0-6182-45aa-be2d-0d39274c6461","tints":[]}},{"threshold":50002.0,"model":{"type":"model","model":"customfishing:2ae697a3-f01c-4a23-8d49-9b1f0d3b5b2c","tints":[]}},{"threshold":50003.0,"model":{"type":"model","model":"customfishing:ced2cdec-ac1b-4e8b-9f55-98225cced52b","tints":[]}},{"threshold":50004.0,"model":{"type":"model","model":"customfishing:da85793b-d87c-4e6b-8958-47b6201e7152","tints":[]}},{"threshold":50005.0,"model":{"type":"model","model":"customfishing:7b0f8335-dcea-423c-93bb-1e8c9dc085f7","tints":[]}},{"threshold":50006.0,"model":{"type":"model","model":"customfishing:ca1542d7-b05e-48d6-9e3c-e4e950e141a1","tints":[]}},{"threshold":50007.0,"model":{"type":"model","model":"customfishing:0982cb0a-b96f-409f-9e29-6209db18d759","tints":[]}},{"threshold":50008.0,"model":{"type":"model","model":"customfishing:5cab5f06-6cc3-474f-b290-223b3b70b7ef","tints":[]}},{"threshold":50009.0,"model":{"type":"model","model":"customfishing:055346f0-5cfc-430d-a370-9a56a65e0d2a","tints":[]}},{"threshold":50010.0,"model":{"type":"model","model":"customfishing:2d98d85f-2980-446e-93ef-1413ee72710b","tints":[]}},{"threshold":50011.0,"model":{"type":"model","model":"customfishing:e58b9d62-880e-47c2-a8a6-285f33a2898f","tints":[]}},{"threshold":50012.0,"model":{"type":"model","model":"customfishing:902d7d32-3c65-4e50-b9c7-5ff9b7c41442","tints":[]}},{"threshold":50013.0,"model":{"type":"model","model":"customfishing:270d0138-661c-45a8-b69d-a065b0ea9086","tints":[]}},{"threshold":50014.0,"model":{"type":"model","model":"customfishing:107a8c92-0fed-418f-a10a-74918bc67d8a","tints":[]}},{"threshold":50015.0,"model":{"type":"model","model":"customfishing:374b6e40-b1c1-4ab5-9136-55a77dd1a38b","tints":[]}},{"threshold":50016.0,"model":{"type":"model","model":"customfishing:7c99b3b5-393a-4ec2-9f37-b7aeb3e16cca","tints":[]}},{"threshold":50017.0,"model":{"type":"model","model":"customfishing:92971ba2-7241-4e8f-9f3b-5b5291956455","tints":[]}},{"threshold":50018.0,"model":{"type":"model","model":"customfishing:66ee38b4-8486-447b-bc1e-691d213858ae","tints":[]}},{"threshold":50019.0,"model":{"type":"model","model":"customfishing:2a7d732a-38a6-4a3b-a1f6-1d208f4d69ac","tints":[]}},{"threshold":50020.0,"model":{"type":"model","model":"customfishing:3663d780-5fd9-45e0-905c-1fce86ce07bd","tints":[]}},{"threshold":50021.0,"model":{"type":"model","model":"customfishing:c1622a83-4578-43c9-8a22-caf0b1e97537","tints":[]}},{"threshold":50022.0,"model":{"type":"model","model":"customfishing:037c2999-ee02-42c9-bf0f-d6468f44d344","tints":[]}},{"threshold":50023.0,"model":{"type":"model","model":"customfishing:8ce559b9-9077-4c95-9c70-bab7f01d8adc","tints":[]}},{"threshold":50024.0,"model":{"type":"model","model":"customfishing:ac694d05-081e-4826-8cf3-3f31880d3efd","tints":[]}},{"threshold":50025.0,"model":{"type":"model","model":"customfishing:0e6ed05d-18f6-4727-aac3-716df6d97341","tints":[]}},{"threshold":50026.0,"model":{"type":"model","model":"customfishing:b19e964f-f56f-4fa8-8a72-7d1a1172854c","tints":[]}},{"threshold":50027.0,"model":{"type":"model","model":"customfishing:4ed3981b-1bfb-4063-b1d1-512ac76c8aa6","tints":[]}},{"threshold":50028.0,"model":{"type":"model","model":"customfishing:5aefabe4-d5e9-42d7-aaae-93cac31c449d","tints":[]}},{"threshold":50029.0,"model":{"type":"model","model":"customfishing:b565d01b-0767-4dd5-b60d-739ddf0b62e9","tints":[]}},{"threshold":50030.0,"model":{"type":"model","model":"customfishing:07a81bba-0fa9-4a82-a706-8934384fcba0","tints":[]}},{"threshold":50031.0,"model":{"type":"model","model":"customfishing:8bb938ec-f2f6-482a-a7fe-021b1599e327","tints":[]}},{"threshold":50032.0,"model":{"type":"model","model":"customfishing:4518c942-e97b-43fa-b4b9-5851e46086b3","tints":[]}},{"threshold":50033.0,"model":{"type":"model","model":"customfishing:8e6e4d86-532e-4a50-8316-609a3a7346eb","tints":[]}},{"threshold":50034.0,"model":{"type":"model","model":"customfishing:6548bc1c-74d7-4897-85d7-81d52eb641fe","tints":[]}},{"threshold":50035.0,"model":{"type":"model","model":"customfishing:b3efcbf3-3f1e-42e3-8af3-2b17def417b5","tints":[]}},{"threshold":50036.0,"model":{"type":"model","model":"customfishing:c67e1f82-0017-4368-8de3-1751af0a5b45","tints":[]}},{"threshold":50037.0,"model":{"type":"model","model":"customfishing:ae8618e4-de32-44d4-9039-4929f0eb7857","tints":[]}},{"threshold":50038.0,"model":{"type":"model","model":"customfishing:962ad01b-ef33-45f5-b972-6b6101b1b66c","tints":[]}},{"threshold":50039.0,"model":{"type":"model","model":"customfishing:866538a5-5d7d-4bf9-82c9-04590f6d07ca","tints":[]}},{"threshold":50040.0,"model":{"type":"model","model":"customfishing:e8362456-73f5-47c2-85f9-32f9cc92c32b","tints":[]}},{"threshold":50041.0,"model":{"type":"model","model":"customfishing:ff3252c3-445c-4a41-a22e-b62c88428431","tints":[]}},{"threshold":50042.0,"model":{"type":"model","model":"customfishing:bd0bc000-42a5-44ce-b2ee-01c95606b542","tints":[]}},{"threshold":50043.0,"model":{"type":"model","model":"customfishing:4c91df55-6193-441a-af90-990077312ab8","tints":[]}},{"threshold":50044.0,"model":{"type":"model","model":"customfishing:f91035ea-0104-4033-9f52-e96049955396","tints":[]}},{"threshold":50045.0,"model":{"type":"model","model":"customfishing:48690a20-64b4-4c6c-9696-a042e0acd4a7","tints":[]}},{"threshold":50046.0,"model":{"type":"model","model":"customfishing:1d6c2677-4fe3-4f6c-b13d-923eb326e710","tints":[]}},{"threshold":50047.0,"model":{"type":"model","model":"customfishing:f81cc5dd-5c29-465f-a69b-e04631734b18","tints":[]}},{"threshold":50048.0,"model":{"type":"model","model":"customfishing:e12d5942-ccb3-46f9-96a3-37842ab793ca","tints":[]}},{"threshold":50100.0,"model":{"type":"model","model":"customfishing:b4962d07-4beb-4019-8a03-4f5c7c433f51","tints":[]}}],"fallback":{"type":"model","model":"item/cod","tints":[]}}}