{"model":{"type":"minecraft:range_dispatch","property":"minecraft:custom_model_data","entries":[{"threshold":50000.0,"model":{"model":"customfishing:1206b0cc-a449-4a60-a3c0-0980a25d22a1","type":"minecraft:model"}},{"threshold":50001.0,"model":{"model":"customfishing:67ac2147-dd17-4ffe-9c39-3c643ee054ab","type":"minecraft:model"}},{"threshold":50002.0,"model":{"model":"customfishing:4edeb594-0dd1-4bcd-af80-f150536768d7","type":"minecraft:model"}},{"threshold":50003.0,"model":{"model":"customfishing:4a5b4463-178f-4178-afe2-97acdc09a688","type":"minecraft:model"}},{"threshold":50004.0,"model":{"model":"customfishing:a04a4731-6496-4cdc-b29e-cfb0da3fd983","type":"minecraft:model"}},{"threshold":50005.0,"model":{"model":"customfishing:6d91a695-3405-4266-a069-5f235c32ea17","type":"minecraft:model"}},{"threshold":50006.0,"model":{"model":"customfishing:5bbb0038-3980-4a36-ad56-5dce11827ec0","type":"minecraft:model"}},{"threshold":50007.0,"model":{"model":"customfishing:ce09a5b1-c040-4b33-abfa-6050c94d9a59","type":"minecraft:model"}},{"threshold":50008.0,"model":{"model":"customfishing:8f52082b-0b0d-49cc-afca-7363003b09ba","type":"minecraft:model"}},{"threshold":50009.0,"model":{"model":"customfishing:594c7afd-8a09-44f7-9a66-f032e2542a79","type":"minecraft:model"}},{"threshold":50010.0,"model":{"model":"customfishing:d9e60c27-a3c4-4e27-a494-3ade3a0d7028","type":"minecraft:model"}},{"threshold":50011.0,"model":{"model":"customfishing:dd7b6269-52f1-4dd1-8e60-d6e140c0ec70","type":"minecraft:model"}},{"threshold":50012.0,"model":{"model":"customfishing:7e8ebc6c-200f-417e-b495-43a85181031f","type":"minecraft:model"}},{"threshold":50013.0,"model":{"model":"customfishing:e408f3ef-4f83-480d-8afe-b286046473e5","type":"minecraft:model"}},{"threshold":50014.0,"model":{"model":"customfishing:1d5c6dea-19c1-45f3-8d79-6591bb1071a2","type":"minecraft:model"}},{"threshold":50015.0,"model":{"model":"customfishing:c8d44850-0cee-441c-9b9c-211d6e116ee7","type":"minecraft:model"}},{"threshold":50016.0,"model":{"model":"customfishing:4c5998e5-b66c-44aa-9722-568aae993862","type":"minecraft:model"}},{"threshold":50017.0,"model":{"model":"customfishing:64075241-864d-43c8-848f-40ebbd882c60","type":"minecraft:model"}},{"threshold":50018.0,"model":{"model":"customfishing:0be84580-a067-4e53-96b6-cd00a78e791f","type":"minecraft:model"}},{"threshold":50019.0,"model":{"model":"customfishing:b4d3f842-accd-467f-92f3-17d4cca1eab0","type":"minecraft:model"}},{"threshold":50020.0,"model":{"model":"customfishing:9295ce99-b9d2-4bbb-b0c6-11d78f36972d","type":"minecraft:model"}},{"threshold":50021.0,"model":{"model":"customfishing:f2a02982-6df2-4497-a922-99eaad411d0b","type":"minecraft:model"}},{"threshold":50022.0,"model":{"model":"customfishing:5eaf01b1-7709-40a9-b599-5db0c2b6136e","type":"minecraft:model"}},{"threshold":50023.0,"model":{"model":"customfishing:4c473643-f1ad-4e18-9264-0671636b54b4","type":"minecraft:model"}},{"threshold":50024.0,"model":{"model":"customfishing:78cb35ab-d3d1-4a3a-98c4-a8c693f38adc","type":"minecraft:model"}},{"threshold":50025.0,"model":{"model":"customfishing:cf3fdcaa-6efb-4192-83a3-9354b12eff9d","type":"minecraft:model"}},{"threshold":50026.0,"model":{"model":"customfishing:c5e963f4-0360-4aaa-96e1-0aed64768eb4","type":"minecraft:model"}},{"threshold":50027.0,"model":{"model":"customfishing:0a2e0210-fc90-494d-a13f-015c27716cea","type":"minecraft:model"}},{"threshold":50028.0,"model":{"model":"customfishing:e050f86b-24f7-4a38-87d1-7bd0ed193643","type":"minecraft:model"}},{"threshold":50029.0,"model":{"model":"customfishing:b8ee16b3-8e72-4e27-bb6d-d5e4f0b60eba","type":"minecraft:model"}},{"threshold":50030.0,"model":{"model":"customfishing:905ccb0e-5f49-47b1-a89f-d8d99504bb45","type":"minecraft:model"}},{"threshold":50031.0,"model":{"model":"customfishing:0aaa4e48-4895-4559-bb5e-50288638590a","type":"minecraft:model"}},{"threshold":50032.0,"model":{"model":"customfishing:1e402725-6ead-47ca-8b17-151fffb1ecb9","type":"minecraft:model"}},{"threshold":50033.0,"model":{"model":"customfishing:45569ff9-d4aa-48b0-adc3-09160e59f697","type":"minecraft:model"}},{"threshold":50034.0,"model":{"model":"customfishing:423cc3a4-0013-4909-8fde-4c7c5d9c8edf","type":"minecraft:model"}},{"threshold":50035.0,"model":{"model":"customfishing:d648d812-5872-4919-b0ea-12d8b7ea0d8e","type":"minecraft:model"}},{"threshold":50036.0,"model":{"model":"customfishing:de7586a9-c52d-49d7-aeb4-309d36afca78","type":"minecraft:model"}},{"threshold":50037.0,"model":{"model":"customfishing:93895cf4-4a14-4314-9f48-a4657c62de46","type":"minecraft:model"}},{"threshold":50038.0,"model":{"model":"customfishing:fc289458-e283-4201-8f9c-341ab572b47e","type":"minecraft:model"}},{"threshold":50039.0,"model":{"model":"customfishing:4b58408c-4121-4e4d-83eb-4a3932cfb4ca","type":"minecraft:model"}},{"threshold":50040.0,"model":{"model":"customfishing:463fc467-841f-459d-8baf-af4ccb962867","type":"minecraft:model"}},{"threshold":50041.0,"model":{"model":"customfishing:57f5ba42-e51f-4b91-b51d-8b6199acf27d","type":"minecraft:model"}},{"threshold":50042.0,"model":{"model":"customfishing:93d6a226-d1ca-4e96-a558-1ec09c3b634b","type":"minecraft:model"}},{"threshold":50043.0,"model":{"model":"customfishing:a824d19e-b838-431d-a2d6-fc437723fabc","type":"minecraft:model"}},{"threshold":50044.0,"model":{"model":"customfishing:063c9e7a-5508-4000-95b5-c1f7d5ffae83","type":"minecraft:model"}},{"threshold":50045.0,"model":{"model":"customfishing:457dd073-55f6-4946-84b5-e1fac648a7bc","type":"minecraft:model"}},{"threshold":50046.0,"model":{"model":"customfishing:e4366f2a-49a0-4c29-a302-789ec3980e51","type":"minecraft:model"}},{"threshold":50047.0,"model":{"model":"customfishing:0f79ee5f-b673-4cd0-91d2-64c37c00b94d","type":"minecraft:model"}},{"threshold":50048.0,"model":{"model":"customfishing:8d0d5d4a-8d88-4da8-8bda-8c6b539e7af0","type":"minecraft:model"}},{"threshold":50100.0,"model":{"model":"customfishing:f7401599-9de4-47be-84cc-f1f51ae16fb9","type":"minecraft:model"}}],"scale":1.0,"fallback":{"type":"minecraft:model","model":"item/cod"}}}