{"model":{"type":"range_dispatch","property":"custom_model_data","entries":[{"threshold":1.0,"model":{"type":"model","model":"433c2fbe-00c7-4ead-ae28-92c39f50e88f","tints":[]}},{"threshold":2.0,"model":{"type":"model","model":"f5ad302d-145f-43a9-a49a-e7892822059c","tints":[]}},{"threshold":3.0,"model":{"type":"model","model":"f6004e92-c74f-4595-9f0f-358eae246037","tints":[]}},{"threshold":4.0,"model":{"type":"model","model":"20fae4a7-ff1f-4c2c-8942-efe58ec2e2f3","tints":[]}},{"threshold":5.0,"model":{"type":"model","model":"f181235b-ed28-4fbc-bbe6-869d1511e22e","tints":[]}},{"threshold":6.0,"model":{"type":"model","model":"946c5c58-6fc4-4c92-bc73-a9384d6eff2e","tints":[]}},{"threshold":7.0,"model":{"type":"model","model":"af0acdb7-1cb7-45d1-89f8-d1d59733953b","tints":[]}},{"threshold":8.0,"model":{"type":"model","model":"f3de813e-bbc4-4693-8f35-6eb6acbb5cd2","tints":[]}},{"threshold":9.0,"model":{"type":"model","model":"e88a9a90-f992-493a-bdfe-0f2ac3343117","tints":[]}},{"threshold":10.0,"model":{"type":"model","model":"a0b5bbdc-2263-448d-866c-c5f522e96931","tints":[]}},{"threshold":11.0,"model":{"type":"model","model":"511ade80-b96b-41fd-9cfb-f8afc8013aa2","tints":[]}},{"threshold":12.0,"model":{"type":"model","model":"b6e85ff5-7ce6-4de0-a523-3c2d4ea56c51","tints":[]}},{"threshold":13.0,"model":{"type":"model","model":"701ce613-2605-48b8-b343-3062b57a9c9b","tints":[]}},{"threshold":14.0,"model":{"type":"model","model":"6b5b38dc-1572-4e40-a8f4-f61f85dd49a2","tints":[]}},{"threshold":15.0,"model":{"type":"model","model":"c6464dc0-4472-40aa-8ad3-04b9c602ad05","tints":[]}}],"fallback":{"type":"model","model":"item/diamond_hoe","tints":[]}}}