{"model":{"type":"range_dispatch","property":"custom_model_data","entries":[{"threshold":1.0,"model":{"type":"model","model":"4e1b48a0-aa7c-4d36-8380-cae0928daaee","tints":[]}},{"threshold":2.0,"model":{"type":"model","model":"97f6d140-6999-4318-b4c7-82b3cf1cad19","tints":[]}},{"threshold":3.0,"model":{"type":"model","model":"d8d334bb-d298-4b54-8e3b-4d91e1287a19","tints":[]}},{"threshold":4.0,"model":{"type":"model","model":"516e4152-9baf-49f0-a563-c4a053147491","tints":[]}},{"threshold":5.0,"model":{"type":"model","model":"a02a15ee-ba78-4a6d-ba04-83d83f6f3b61","tints":[]}},{"threshold":6.0,"model":{"type":"model","model":"b1f9b33d-27b7-4a4c-9546-24625db48c24","tints":[]}},{"threshold":7.0,"model":{"type":"model","model":"9e30cfda-3d83-485e-8ae0-eb72b5cf9fb9","tints":[]}},{"threshold":8.0,"model":{"type":"model","model":"6645c9c0-6f39-46ae-94ce-8d5085be14c3","tints":[]}},{"threshold":9.0,"model":{"type":"model","model":"ab18943d-05eb-449d-9a16-beec0ef527a4","tints":[]}},{"threshold":10.0,"model":{"type":"model","model":"1ea7f2df-c48d-4ebf-a8cb-a448933a57bc","tints":[]}},{"threshold":11.0,"model":{"type":"model","model":"f9741144-d161-4112-a834-eefd1dd4bd9a","tints":[]}},{"threshold":12.0,"model":{"type":"model","model":"fae2de4c-f814-4941-8a01-429bb04ea35e","tints":[]}},{"threshold":13.0,"model":{"type":"model","model":"f89777d1-d3de-427e-a266-1b67f0906277","tints":[]}},{"threshold":14.0,"model":{"type":"model","model":"3ae69e69-5572-425b-9719-d6f71f4deda1","tints":[]}},{"threshold":15.0,"model":{"type":"model","model":"7e28eb15-def2-406e-89b3-76298b6da5bc","tints":[]}}],"fallback":{"type":"model","model":"item/diamond_hoe","tints":[]}}}