{"model":{"type":"range_dispatch","property":"custom_model_data","entries":[{"threshold":1.0,"model":{"type":"model","model":"6134ffd0-9e11-444a-a7a4-7cc301a41c34","tints":[]}},{"threshold":2.0,"model":{"type":"model","model":"49db34d6-81db-49d9-a0e3-13c5921642a1","tints":[]}},{"threshold":3.0,"model":{"type":"model","model":"cadcdd76-0264-442f-a4f8-88b5f07ed483","tints":[]}},{"threshold":4.0,"model":{"type":"model","model":"67125891-e0f3-4b34-83d4-7d32f5830033","tints":[]}},{"threshold":5.0,"model":{"type":"model","model":"2b68dbb8-ffd6-405f-a200-4a8706b41872","tints":[]}},{"threshold":6.0,"model":{"type":"model","model":"2b9aebf5-695e-4f67-b0c1-1786b34559fe","tints":[]}}],"fallback":{"type":"model","model":"item/echo_shard","tints":[]}}}