{"model":{"type":"range_dispatch","property":"custom_model_data","entries":[{"threshold":1.0,"model":{"type":"model","model":"815ac5f6-821f-46af-aa84-15faa6622123","tints":[]}},{"threshold":2.0,"model":{"type":"model","model":"482de9cd-d954-4a8e-8fc5-8a644eb22ff4","tints":[]}},{"threshold":3.0,"model":{"type":"model","model":"f30e74a2-cf83-4505-8eb9-ec987d2d4d1d","tints":[]}},{"threshold":4.0,"model":{"type":"model","model":"e029413b-c532-4207-b3e3-7444a02983e4","tints":[]}},{"threshold":5.0,"model":{"type":"model","model":"ac365174-443c-4b54-a60f-982eeeb23c3c","tints":[]}},{"threshold":6.0,"model":{"type":"model","model":"9d9079d9-5a0e-493f-8c78-5647e8560961","tints":[]}}],"fallback":{"type":"model","model":"item/echo_shard","tints":[]}}}