{"model":{"type":"range_dispatch","property":"custom_model_data","entries":[{"threshold":1.0,"model":{"type":"model","model":"a3f60b53-5940-4a54-af4a-dd8f430f68a6","tints":[]}},{"threshold":2.0,"model":{"type":"model","model":"be758d2a-98da-4ba4-ab7f-dd287e3f3c18","tints":[]}},{"threshold":3.0,"model":{"type":"model","model":"df0c7e61-8e0b-4341-a3d2-4707ebf066dc","tints":[]}},{"threshold":4.0,"model":{"type":"model","model":"fa168f23-cc56-482a-9df8-7d99c4102dec","tints":[]}},{"threshold":5.0,"model":{"type":"model","model":"36c2133d-7906-40be-b4f4-016c571be5ac","tints":[]}},{"threshold":6.0,"model":{"type":"model","model":"4a70c9f1-8bec-443b-a4b9-9fd07a02a0fe","tints":[]}}],"fallback":{"type":"model","model":"item/echo_shard","tints":[]}}}