{"model":{"type":"condition","property":"fishing_rod/cast","on_true":{"type":"range_dispatch","property":"custom_model_data","entries":[{"threshold":1.0,"model":{"type":"model","model":"0a2878bf-2154-4fad-8aea-4c5f041351f1","tints":[]}},{"threshold":2.0,"model":{"type":"model","model":"0492c160-c0f9-4932-a949-1f74173d07d2","tints":[]}},{"threshold":3.0,"model":{"type":"model","model":"8b9bd7a9-f65c-473d-81b4-933e49500603","tints":[]}},{"threshold":4.0,"model":{"type":"model","model":"98cbd2e1-a467-40d5-aa83-58f46f0bb2d3","tints":[]}},{"threshold":5.0,"model":{"type":"model","model":"dcd222c9-0205-4cdb-9250-5657f669af4f","tints":[]}},{"threshold":6.0,"model":{"type":"model","model":"a1cb41da-3d90-41b1-ad3d-0bfe0269c2e2","tints":[]}},{"threshold":7.0,"model":{"type":"model","model":"f2a3b380-3e81-4d09-a239-6de93e0315e8","tints":[]}},{"threshold":8.0,"model":{"type":"model","model":"3f23a51f-e16b-41d6-8735-a1b29a2066a3","tints":[]}},{"threshold":9.0,"model":{"type":"model","model":"ee260089-bd0a-4d15-b713-c2e9e8792111","tints":[]}},{"threshold":10.0,"model":{"type":"model","model":"3642cfba-b2fc-41b6-a8d6-cc9ea15585a5","tints":[]}},{"threshold":111.0,"model":{"type":"model","model":"7b7f1f1e-9d0a-48b5-861e-3ddb7be12a3f","tints":[]}},{"threshold":50001.0,"model":{"type":"model","model":"customfishing:75377118-215d-459a-a697-1d73da04bfed","tints":[]}},{"threshold":50002.0,"model":{"type":"model","model":"customfishing:93d77804-6621-46cd-b668-bf3f2dd7380e","tints":[]}},{"threshold":50003.0,"model":{"type":"model","model":"customfishing:e59874c7-b7cc-4ca3-9d3d-79556fa511f9","tints":[]}},{"threshold":50004.0,"model":{"type":"model","model":"customfishing:cc845580-74ed-40e1-b719-d45cfc3946d3","tints":[]}},{"threshold":50005.0,"model":{"type":"model","model":"customfishing:15799241-b1ff-4659-8f10-40941c3fa75f","tints":[]}},{"threshold":50006.0,"model":{"type":"model","model":"customfishing:11995c11-af53-457d-a9e4-733d61345752","tints":[]}},{"threshold":50007.0,"model":{"type":"model","model":"customfishing:358dcfe5-a369-4447-bd7c-608da352a9c3","tints":[]}}],"fallback":{"type":"model","model":"item/fishing_rod_cast","tints":[]}},"on_false":{"type":"range_dispatch","property":"custom_model_data","entries":[{"threshold":1.0,"model":{"type":"model","model":"674519b4-024a-4b1f-b63d-78eef7554b1c","tints":[]}},{"threshold":2.0,"model":{"type":"model","model":"bb15c42b-e396-4baa-90e6-180ab25a8d0d","tints":[]}},{"threshold":3.0,"model":{"type":"model","model":"cfa3e742-de57-405f-8216-fae8195c90fe","tints":[]}},{"threshold":4.0,"model":{"type":"model","model":"6cd43af4-d385-4332-9018-7ba1e5287721","tints":[]}},{"threshold":5.0,"model":{"type":"model","model":"6c90d5f2-fae3-45bb-a03b-371ad7c76a4d","tints":[]}},{"threshold":6.0,"model":{"type":"model","model":"item/bone_rods/uncommon_bone_rod","tints":[]}},{"threshold":7.0,"model":{"type":"model","model":"item/bone_rods/rare_bone_rod","tints":[]}},{"threshold":8.0,"model":{"type":"model","model":"item/bone_rods/epic_bone_rod","tints":[]}},{"threshold":9.0,"model":{"type":"model","model":"item/bone_rods/legendary_bone_rod","tints":[]}},{"threshold":10.0,"model":{"type":"model","model":"item/bone_rods/mythic_bone_rod","tints":[]}},{"threshold":111.0,"model":{"type":"model","model":"eed8739f-83c9-412a-945a-adf8f983f41c","tints":[]}},{"threshold":50001.0,"model":{"type":"model","model":"customfishing:964406e0-c888-4ee4-9c41-f1a98f35bc7d","tints":[]}},{"threshold":50002.0,"model":{"type":"model","model":"customfishing:6acdbcc6-12d3-4045-b3ee-4c01be328e57","tints":[]}},{"threshold":50003.0,"model":{"type":"model","model":"customfishing:9d28529d-a678-4f0f-929f-732b2bfdd908","tints":[]}},{"threshold":50004.0,"model":{"type":"model","model":"customfishing:1a0750fa-341c-41af-a189-c59ce7770a39","tints":[]}},{"threshold":50005.0,"model":{"type":"model","model":"customfishing:b9cb76d7-744e-44e7-bc60-1aef1b83bb01","tints":[]}},{"threshold":50006.0,"model":{"type":"model","model":"customfishing:df104a15-94a8-44ec-b965-9e6537bc6185","tints":[]}},{"threshold":50007.0,"model":{"type":"model","model":"customfishing:040d7571-00ac-4351-94ee-8bcd53eee800","tints":[]}}],"fallback":{"type":"model","model":"item/fishing_rod","tints":[]}}}}