{"model":{"type":"range_dispatch","property":"custom_model_data","entries":[{"threshold":1.0,"model":{"type":"model","model":"260e9681-3e38-4270-989c-463ee1943921","tints":[]}},{"threshold":2.0,"model":{"type":"model","model":"b72e77ef-c68c-4c4d-a3a0-cbca0c3c50ed","tints":[]}},{"threshold":3.0,"model":{"type":"model","model":"3fe6eba6-4ca7-47dd-8cb5-d7a0d18505e2","tints":[]}},{"threshold":4.0,"model":{"type":"model","model":"7b79374b-9bd9-430a-8007-3bee83ca1e6f","tints":[]}},{"threshold":5.0,"model":{"type":"model","model":"77182b2a-e05c-4c7d-8828-573aa4e0e177","tints":[]}},{"threshold":6.0,"model":{"type":"model","model":"bdc523ee-8bcf-4071-89bf-e4a251b3c60b","tints":[]}},{"threshold":7.0,"model":{"type":"model","model":"e2641700-7057-4e04-a69b-00e394507444","tints":[]}}],"fallback":{"type":"model","model":"item/heart_of_the_sea","tints":[]}}}