{"model":{"type":"range_dispatch","property":"custom_model_data","entries":[{"threshold":1.0,"model":{"type":"model","model":"50349df8-ef99-4fd5-bb37-a1f1bd3ddc05","tints":[]}},{"threshold":2.0,"model":{"type":"model","model":"ce713225-92fb-4274-aee3-df487e20617a","tints":[]}},{"threshold":3.0,"model":{"type":"model","model":"8d8139ed-598e-4e13-aedd-1de4a05f2cdd","tints":[]}},{"threshold":4.0,"model":{"type":"model","model":"58349c91-70b8-4e3e-aa8f-61248a358e6f","tints":[]}},{"threshold":5.0,"model":{"type":"model","model":"551ccb9c-52e1-485e-9ea7-42a32a209a1c","tints":[]}},{"threshold":6.0,"model":{"type":"model","model":"dbbcdcea-9729-42ae-aa15-c008561b6889","tints":[]}},{"threshold":7.0,"model":{"type":"model","model":"821d60da-1fa8-4746-9b0c-f1982ffffe76","tints":[]}}],"fallback":{"type":"model","model":"item/heart_of_the_sea","tints":[]}}}