{"model":{"type":"range_dispatch","property":"custom_model_data","entries":[{"threshold":1.0,"model":{"type":"model","model":"81471273-b585-4e68-89d3-79639971b124","tints":[]}},{"threshold":2.0,"model":{"type":"model","model":"c7acca8e-f4c3-45e6-a36f-b62d2507b430","tints":[]}},{"threshold":3.0,"model":{"type":"model","model":"603d891a-2d4a-4103-a921-b3921761dcb0","tints":[]}},{"threshold":4.0,"model":{"type":"model","model":"e549d686-bd03-4d29-a1e5-2e750699c185","tints":[]}},{"threshold":5.0,"model":{"type":"model","model":"6035a135-45d2-4356-b87e-7a7cb52c65a7","tints":[]}},{"threshold":6.0,"model":{"type":"model","model":"b35a83df-2983-4c5a-8699-5e953155d75a","tints":[]}},{"threshold":7.0,"model":{"type":"model","model":"28764b79-0051-4d4c-bcde-2076a6e33c4c","tints":[]}}],"fallback":{"type":"model","model":"item/heart_of_the_sea","tints":[]}}}