{"model":{"type":"range_dispatch","property":"custom_model_data","entries":[{"threshold":1.0,"model":{"type":"model","model":"e1c0eb6c-6b51-4194-9ab5-7b4fd9c1ef1c","tints":[]}},{"threshold":2.0,"model":{"type":"model","model":"0d63d9bb-8791-4499-b98f-04fb51abcc0d","tints":[]}},{"threshold":3.0,"model":{"type":"model","model":"2c1a69ce-0209-4122-8b9f-bc29908d1f8e","tints":[]}},{"threshold":4.0,"model":{"type":"model","model":"2715e947-4a2e-4acb-be04-e083f2a2f47a","tints":[]}},{"threshold":5.0,"model":{"type":"model","model":"d12c4072-b60d-4044-aca7-fd5b4f33f48d","tints":[]}},{"threshold":6.0,"model":{"type":"model","model":"0cd7b758-27f0-4b79-86f3-8f0c5a4058eb","tints":[]}},{"threshold":7.0,"model":{"type":"model","model":"a0b9834b-f06f-4ef2-a460-65065aafcb37","tints":[]}}],"fallback":{"type":"model","model":"item/light_gray_dye","tints":[]}}}