{"model":{"type":"range_dispatch","property":"custom_model_data","entries":[{"threshold":1.0,"model":{"type":"model","model":"d86dac07-b7af-4fff-ab71-ff07892c9158","tints":[]}},{"threshold":2.0,"model":{"type":"model","model":"55ea7dd9-5276-4799-bc73-36005791e503","tints":[]}},{"threshold":3.0,"model":{"type":"model","model":"03cedcc8-6b1b-4c95-90f4-a93f73ce4fd3","tints":[]}},{"threshold":4.0,"model":{"type":"model","model":"8ad3b5a7-4f9b-481a-8350-6175e66e5c7b","tints":[]}},{"threshold":5.0,"model":{"type":"model","model":"58d63dbf-b6b8-442b-8916-3ef615a936c4","tints":[]}},{"threshold":6.0,"model":{"type":"model","model":"6cd56d2b-82b6-4c2d-81c2-9e0e4b51d20d","tints":[]}},{"threshold":7.0,"model":{"type":"model","model":"d6f7ce8e-9c6b-47b9-a702-404dd0482cb7","tints":[]}}],"fallback":{"type":"model","model":"item/light_gray_dye","tints":[]}}}