{"model":{"type":"range_dispatch","property":"custom_model_data","entries":[{"threshold":1.0,"model":{"type":"model","model":"14ee4500-e40e-496d-ba4c-8e1cc2dd9371","tints":[]}},{"threshold":2.0,"model":{"type":"model","model":"54120741-c7d0-4f00-a051-e6e3951f88f2","tints":[]}},{"threshold":3.0,"model":{"type":"model","model":"d325ed41-035e-423a-890d-aa36a6f5f567","tints":[]}},{"threshold":4.0,"model":{"type":"model","model":"c033b923-17f1-478c-8c21-c4b26e9ed6e9","tints":[]}},{"threshold":5.0,"model":{"type":"model","model":"af85ba68-d776-48ed-b481-40a54da82eb5","tints":[]}},{"threshold":6.0,"model":{"type":"model","model":"b025a5fc-d1c9-4595-9106-a6fc74bcf027","tints":[]}},{"threshold":7.0,"model":{"type":"model","model":"d3ad2726-c878-4c7f-9437-1a8598ee523c","tints":[]}}],"fallback":{"type":"model","model":"item/light_gray_dye","tints":[]}}}