{"model":{"type":"range_dispatch","property":"custom_model_data","entries":[{"threshold":1.0,"model":{"type":"model","model":"464f4df3-b402-4046-8946-ac49c39beb73","tints":[]}},{"threshold":2.0,"model":{"type":"model","model":"c222f934-40d3-47dd-8d8f-494834f21f96","tints":[]}},{"threshold":3.0,"model":{"type":"model","model":"4ba50749-ec42-4ebf-a192-f1d1f1bad47e","tints":[]}},{"threshold":4.0,"model":{"type":"model","model":"6de541a2-2826-4c9f-8362-3a4a0cf98098","tints":[]}},{"threshold":5.0,"model":{"type":"model","model":"d67f9b37-6089-41e7-837a-9a8769bb8e4d","tints":[]}},{"threshold":6.0,"model":{"type":"model","model":"7be18ba9-2dde-41c0-b693-4a7df169337a","tints":[]}}],"fallback":{"type":"model","model":"block/mangrove_button_inventory","tints":[]}}}