{"model":{"type":"range_dispatch","property":"custom_model_data","entries":[{"threshold":1.0,"model":{"type":"model","model":"5824e741-95f3-46b9-9056-34721572e78f","tints":[]}},{"threshold":2.0,"model":{"type":"model","model":"61b45cb6-efa6-4490-921b-96a6df8cf95b","tints":[]}},{"threshold":3.0,"model":{"type":"model","model":"b83b4fba-9a51-485a-be83-78ccfab3f8c7","tints":[]}},{"threshold":4.0,"model":{"type":"model","model":"6f06198c-d5ad-45d5-b647-d7ed05261b33","tints":[]}},{"threshold":5.0,"model":{"type":"model","model":"a7b3d992-4fa5-4372-b148-ffb9e2a699a5","tints":[]}},{"threshold":6.0,"model":{"type":"model","model":"c368ef44-84c3-42bb-8851-e9fce63ab6ad","tints":[]}}],"fallback":{"type":"model","model":"block/mangrove_button_inventory","tints":[]}}}