{"model":{"type":"range_dispatch","property":"custom_model_data","entries":[{"threshold":1.0,"model":{"type":"model","model":"19ddcc4a-3925-4c46-8dcd-0f36ab0869ed","tints":[]}},{"threshold":2.0,"model":{"type":"model","model":"ff07163a-02f6-4923-ba70-cf1335a5f8ec","tints":[]}},{"threshold":3.0,"model":{"type":"model","model":"694d828d-a7a3-4e64-8d5d-e7d37061881b","tints":[]}},{"threshold":4.0,"model":{"type":"model","model":"16c553d4-cbad-4f5e-bd77-278bcf597662","tints":[]}},{"threshold":5.0,"model":{"type":"model","model":"8d04a48a-d8b8-4035-abb7-bd3edfa88557","tints":[]}},{"threshold":6.0,"model":{"type":"model","model":"741fe21f-2bae-478f-9b4e-91a3ebef7a3c","tints":[]}}],"fallback":{"type":"model","model":"block/mangrove_button_inventory","tints":[]}}}