{"model":{"type":"range_dispatch","property":"custom_model_data","entries":[{"threshold":2.0,"model":{"type":"model","model":"c8c928a3-1ac1-4f75-aa5e-8e53a11c5d8d","tints":[]}},{"threshold":3.0,"model":{"type":"model","model":"0cde152d-d9eb-4dab-9940-4f2536c4751b","tints":[]}},{"threshold":4.0,"model":{"type":"model","model":"f04d3590-3676-48f0-b9a1-7591558de252","tints":[]}},{"threshold":5.0,"model":{"type":"model","model":"9fa85149-5c90-49af-8a48-81dffe457a27","tints":[]}},{"threshold":6.0,"model":{"type":"model","model":"453a2e4b-db57-47cb-b016-bc5627df66fe","tints":[]}},{"threshold":7.0,"model":{"type":"model","model":"00430538-9024-45e7-8e67-a5288253864f","tints":[]}},{"threshold":8.0,"model":{"type":"model","model":"6127ecaf-fa3b-4e76-aacf-449b1deb9c80","tints":[]}},{"threshold":9.0,"model":{"type":"model","model":"12ba75ef-ab20-404a-aee4-ff25dec98149","tints":[]}},{"threshold":10.0,"model":{"type":"model","model":"bee19c07-d3a1-4b76-bd47-476c8ec13416","tints":[]}},{"threshold":11.0,"model":{"type":"model","model":"83e5b391-129c-42ef-b686-9d1026e0eec6","tints":[]}},{"threshold":12.0,"model":{"type":"model","model":"d6e406be-43af-453a-be90-7a7d738c4e1a","tints":[]}},{"threshold":13.0,"model":{"type":"model","model":"ac109737-8b0e-4d67-828a-47e8be548b73","tints":[]}},{"threshold":14.0,"model":{"type":"model","model":"279fab45-2577-4962-85b2-5fd9c8e030cb","tints":[]}},{"threshold":15.0,"model":{"type":"model","model":"f51a9cae-eff1-460d-8b60-759231b33bd8","tints":[]}},{"threshold":16.0,"model":{"type":"model","model":"645b6309-29bf-4b33-aca7-8481f07d028f","tints":[]}},{"threshold":17.0,"model":{"type":"model","model":"37286b05-37d7-48bf-8d09-2fa6ef2115f4","tints":[]}},{"threshold":1000.0,"model":{"type":"model","model":"nexo:fd877147-b4ce-4a2e-a034-448ded15dd93","tints":[]}}],"fallback":{"type":"model","model":"item/netherite_pickaxe","tints":[]}}}