{"model":{"type":"range_dispatch","property":"custom_model_data","entries":[{"threshold":2.0,"model":{"type":"model","model":"710d7937-052b-4065-a857-8b9468b8d4f8","tints":[]}},{"threshold":3.0,"model":{"type":"model","model":"81b6ca49-6304-4694-af23-6a7a7ace466d","tints":[]}},{"threshold":4.0,"model":{"type":"model","model":"1f9d33cc-2623-477a-8c0b-f542e970305d","tints":[]}},{"threshold":5.0,"model":{"type":"model","model":"4c7792cd-bdf6-4b72-ad66-0c80c98ad69e","tints":[]}},{"threshold":6.0,"model":{"type":"model","model":"7701144d-f490-448d-9e57-e17240f3a388","tints":[]}},{"threshold":7.0,"model":{"type":"model","model":"48a21719-2271-4b4e-99de-3b5cd8c2f4ea","tints":[]}},{"threshold":8.0,"model":{"type":"model","model":"091ae694-4bf5-4310-bff7-ce7e4c75f965","tints":[]}},{"threshold":9.0,"model":{"type":"model","model":"8eb14e91-3c73-4867-b46b-4adf265449d3","tints":[]}},{"threshold":10.0,"model":{"type":"model","model":"a80cbb2b-7e60-4b4b-8841-898e188fff54","tints":[]}},{"threshold":11.0,"model":{"type":"model","model":"30f92f2c-a7e0-419c-b55c-a2688a3beab4","tints":[]}},{"threshold":12.0,"model":{"type":"model","model":"7b8567a5-a79a-4e3e-a72d-fdd74abf1017","tints":[]}},{"threshold":13.0,"model":{"type":"model","model":"716e285d-ad29-48b3-96ab-a446814bfb52","tints":[]}},{"threshold":14.0,"model":{"type":"model","model":"f791aae7-f9ac-47e2-af83-4e56d493bd9a","tints":[]}},{"threshold":15.0,"model":{"type":"model","model":"8267f508-e42f-43d8-a061-93de5503ef64","tints":[]}},{"threshold":16.0,"model":{"type":"model","model":"83027ef6-af60-411d-9e4f-ee45948000d6","tints":[]}},{"threshold":17.0,"model":{"type":"model","model":"71b275c7-4528-4f48-a4cf-4accf8ab4b35","tints":[]}},{"threshold":1000.0,"model":{"type":"model","model":"nexo:e4ea12e9-0815-42c7-9a01-dfa66ed6b22f","tints":[]}}],"fallback":{"type":"model","model":"item/netherite_pickaxe","tints":[]}}}