{"model":{"type":"range_dispatch","property":"custom_model_data","entries":[{"threshold":2.0,"model":{"type":"model","model":"e6b19a68-1886-4ff5-bee3-a26197d81006","tints":[]}},{"threshold":3.0,"model":{"type":"model","model":"1300d39a-abd8-4a9b-bebb-69eaec8fb675","tints":[]}},{"threshold":4.0,"model":{"type":"model","model":"6a7005b3-0e5d-4faf-a9a1-5c782ad2b586","tints":[]}},{"threshold":5.0,"model":{"type":"model","model":"41a4bcd5-e6ce-4592-a1d4-ee9110ad1318","tints":[]}},{"threshold":6.0,"model":{"type":"model","model":"afe7429f-ba81-4a64-a767-ee9942f954a7","tints":[]}},{"threshold":7.0,"model":{"type":"model","model":"4d52d3fa-1d32-4219-9db5-db45c0433c9d","tints":[]}},{"threshold":8.0,"model":{"type":"model","model":"9afe2a62-44ca-4fcf-95c5-bafc4ecd6985","tints":[]}},{"threshold":9.0,"model":{"type":"model","model":"3290f360-dffb-452b-9c8e-333d09c88cd1","tints":[]}},{"threshold":10.0,"model":{"type":"model","model":"98bc5323-29ea-43dd-a466-5459731d6f53","tints":[]}},{"threshold":11.0,"model":{"type":"model","model":"ade75c71-3270-4b9d-bb19-b58101c99323","tints":[]}},{"threshold":12.0,"model":{"type":"model","model":"a79886c1-c5ec-4ed7-a031-c6c2e49b579d","tints":[]}},{"threshold":13.0,"model":{"type":"model","model":"07bb98e6-882f-4aff-a1bb-abc89deaa3f1","tints":[]}},{"threshold":14.0,"model":{"type":"model","model":"a8383c15-dfa8-4bf0-8775-8aaa986bc24a","tints":[]}},{"threshold":15.0,"model":{"type":"model","model":"a557ffe0-8883-46f7-9f3a-cf15f9acd495","tints":[]}},{"threshold":16.0,"model":{"type":"model","model":"4139e0bc-c864-4d73-8413-457b0f47fbad","tints":[]}},{"threshold":17.0,"model":{"type":"model","model":"1b3ec4cd-e4a3-4adb-8a75-1eced89cd058","tints":[]}},{"threshold":1000.0,"model":{"type":"model","model":"nexo:5a8a4043-f74f-4add-8ab9-91b9422a2a1d","tints":[]}}],"fallback":{"type":"model","model":"item/netherite_pickaxe","tints":[]}}}