{"model":{"type":"range_dispatch","property":"custom_model_data","entries":[{"threshold":1.0,"model":{"type":"model","model":"e2f41185-5327-478c-be15-0118b0826b03","tints":[]}},{"threshold":2.0,"model":{"type":"model","model":"4ff00656-6ae9-4a6a-b1cf-9910e214d2ad","tints":[]}},{"threshold":3.0,"model":{"type":"model","model":"23797f27-4b95-4ba1-8829-05584a4c4eaf","tints":[]}},{"threshold":4.0,"model":{"type":"model","model":"9fbf624e-041f-40fe-976b-6ae0f2fee9ee","tints":[]}},{"threshold":5.0,"model":{"type":"model","model":"b63c2da3-3887-468c-b2c8-4ed782c1f66e","tints":[]}},{"threshold":6.0,"model":{"type":"model","model":"20fb1522-33a1-4fdf-bdf6-1f666ff5fd98","tints":[]}},{"threshold":7.0,"model":{"type":"model","model":"e9cdcbc1-7e3e-41dd-a156-1d4abfa8202d","tints":[]}},{"threshold":8.0,"model":{"type":"model","model":"02cb49f2-88f3-48b0-909b-be6511c0b7fc","tints":[]}},{"threshold":9.0,"model":{"type":"model","model":"93994943-cfd4-40f3-ad7f-de37c3d84036","tints":[]}},{"threshold":10.0,"model":{"type":"model","model":"4afdf9c3-e4f8-4086-bd23-7f1a9ea51fc2","tints":[]}},{"threshold":11.0,"model":{"type":"model","model":"0e406cf6-92a7-4284-b100-d9a8ca54691e","tints":[]}},{"threshold":12.0,"model":{"type":"model","model":"3678d0da-db4f-4867-ae1f-1242f75d0a1e","tints":[]}},{"threshold":13.0,"model":{"type":"model","model":"2833dc9b-3698-40b6-a924-0c118fcc046b","tints":[]}},{"threshold":14.0,"model":{"type":"model","model":"e3a280c0-f7bc-4ed8-91d0-adc3986cf7b7","tints":[]}},{"threshold":15.0,"model":{"type":"model","model":"000ca3c3-7116-4bf4-bc82-be0790459243","tints":[]}},{"threshold":16.0,"model":{"type":"model","model":"31000e22-cd91-42dd-a49c-367ab2d022ae","tints":[]}},{"threshold":17.0,"model":{"type":"model","model":"2384195c-11db-4b09-932b-489287b77db2","tints":[]}},{"threshold":18.0,"model":{"type":"model","model":"490896f5-24d2-49c2-ab73-c80283697412","tints":[]}},{"threshold":19.0,"model":{"type":"model","model":"8eed4d98-5e0b-487d-9ed4-2f2a70ae2535","tints":[]}},{"threshold":20.0,"model":{"type":"model","model":"ac24b766-c965-4028-8cc2-fced6c2bf233","tints":[]}},{"threshold":21.0,"model":{"type":"model","model":"00582c7b-a411-4b53-a6ab-1c2ed20d3a03","tints":[]}},{"threshold":22.0,"model":{"type":"model","model":"5615d489-414b-487d-bfa0-adf229f14bb5","tints":[]}},{"threshold":23.0,"model":{"type":"model","model":"aa48bd8f-71a8-4445-a006-d2ba6982cba8","tints":[]}},{"threshold":24.0,"model":{"type":"model","model":"73867122-e7e0-4194-b465-de4076229ae5","tints":[]}},{"threshold":25.0,"model":{"type":"model","model":"33918f4e-157a-4b4c-b1a6-fee74cd7f0df","tints":[]}},{"threshold":26.0,"model":{"type":"model","model":"6efb4a70-b4c5-46ad-be95-d40821b61342","tints":[]}},{"threshold":27.0,"model":{"type":"model","model":"c5c93ec6-a71c-4a51-9158-2d8af9f7af09","tints":[]}},{"threshold":28.0,"model":{"type":"model","model":"397742b9-8d93-4dcd-a831-9675a6831609","tints":[]}},{"threshold":29.0,"model":{"type":"model","model":"24ba37ca-e6d9-4c7e-bf29-7db0e40c838c","tints":[]}},{"threshold":30.0,"model":{"type":"model","model":"5819fc4f-9658-4940-8e9e-1e4786092039","tints":[]}},{"threshold":31.0,"model":{"type":"model","model":"2998f7e3-4e95-489b-ba4c-ea368b1a3093","tints":[]}},{"threshold":32.0,"model":{"type":"model","model":"cb186acf-53a3-4afd-9ab1-3ab69ded1552","tints":[]}},{"threshold":33.0,"model":{"type":"model","model":"1eeb426c-f0dc-44f7-90c8-2640512714d1","tints":[]}},{"threshold":34.0,"model":{"type":"model","model":"3a2141f2-7995-4c97-91c3-44d2b9a7ad84","tints":[]}},{"threshold":35.0,"model":{"type":"model","model":"d3d3ee6f-c393-4083-a96b-e053df7e35ba","tints":[]}},{"threshold":36.0,"model":{"type":"model","model":"1a4b7810-15a6-421f-93f7-a14abb3966ba","tints":[]}},{"threshold":37.0,"model":{"type":"model","model":"2407067c-5cf6-4752-a21f-f6c2f2ae078c","tints":[]}},{"threshold":38.0,"model":{"type":"model","model":"3f2cc346-84c4-4bb0-9fec-9abecf871710","tints":[]}},{"threshold":39.0,"model":{"type":"model","model":"7a4a366c-e890-4d69-b120-dc483b57a29c","tints":[]}},{"threshold":40.0,"model":{"type":"model","model":"3844a801-f99e-407d-b99c-ee52d9ac9ee0","tints":[]}},{"threshold":41.0,"model":{"type":"model","model":"27f88439-c0f2-4cf3-96b7-7fc145eacb85","tints":[]}},{"threshold":42.0,"model":{"type":"model","model":"58bc05ac-efd3-4c47-970b-4d6dc999379d","tints":[]}},{"threshold":43.0,"model":{"type":"model","model":"06685660-f9d9-4c28-af71-a2b54c8f6d45","tints":[]}},{"threshold":44.0,"model":{"type":"model","model":"310ba6e5-a549-4b81-b1f3-38e777447b5c","tints":[]}},{"threshold":45.0,"model":{"type":"model","model":"a95bd5c0-a5a7-473d-93b5-c34640f73aa6","tints":[]}},{"threshold":46.0,"model":{"type":"model","model":"3b79d31e-3ddd-4d5c-8267-e1970d82dec7","tints":[]}},{"threshold":47.0,"model":{"type":"model","model":"5cdb362c-55fb-42c2-a177-71ff95d0e6b9","tints":[]}},{"threshold":48.0,"model":{"type":"model","model":"be89697a-a69b-4227-8d41-414c3568fd37","tints":[]}},{"threshold":49.0,"model":{"type":"model","model":"792e55f2-22d1-4a5a-9740-5b29a3c3de5f","tints":[]}},{"threshold":50.0,"model":{"type":"model","model":"1893061d-5aac-41f6-b405-83ce5fc23745","tints":[]}},{"threshold":51.0,"model":{"type":"model","model":"f14c89f0-cc50-493b-946a-9134c1d17f10","tints":[]}},{"threshold":52.0,"model":{"type":"model","model":"015a4e00-0a35-43a0-a914-4652317b51f8","tints":[]}},{"threshold":53.0,"model":{"type":"model","model":"def2290f-3ec7-40e0-a3fd-25f70763a079","tints":[]}},{"threshold":54.0,"model":{"type":"model","model":"5dca690f-e380-4c6c-9621-bd64a4d35543","tints":[]}},{"threshold":55.0,"model":{"type":"model","model":"12901adc-d5d6-43bb-a4d9-9f31205858cb","tints":[]}},{"threshold":56.0,"model":{"type":"model","model":"b6127d79-8084-4f6b-8318-f9c623dc0632","tints":[]}},{"threshold":100.0,"model":{"type":"model","model":"5c700b5c-2a2f-4eab-819c-e578d365a9d8","tints":[]}},{"threshold":101.0,"model":{"type":"model","model":"dcabcd58-be24-4350-aa3e-021893184943","tints":[]}},{"threshold":102.0,"model":{"type":"model","model":"a5db3adc-fb02-4fd9-9921-c4882cd8b138","tints":[]}},{"threshold":1000.0,"model":{"type":"model","model":"nexo:8239f1fd-f45b-4c89-bb5b-17c8ccdb5a1b","tints":[]}},{"threshold":1001.0,"model":{"type":"model","model":"nexo:eb8233a0-8612-47f1-b9cd-6c659be6c900","tints":[]}},{"threshold":1002.0,"model":{"type":"model","model":"nexo:50b2d92c-125c-47d6-a819-5f73a23067d9","tints":[]}},{"threshold":1003.0,"model":{"type":"model","model":"nexo:ec6875d6-4ab3-4577-a857-72ddb98f5472","tints":[]}},{"threshold":1004.0,"model":{"type":"model","model":"nexo:fc49005c-db7b-4423-b89e-51c01f7e698f","tints":[]}},{"threshold":1005.0,"model":{"type":"model","model":"nexo:f5d175d2-5b08-4757-9f06-c46db27c1694","tints":[]}},{"threshold":1006.0,"model":{"type":"model","model":"0640497b-0254-4c1f-b25e-294493b28f9e","tints":[]}},{"threshold":1007.0,"model":{"type":"model","model":"c7cf11cb-92fa-48e6-a634-0087971b0215","tints":[]}},{"threshold":1008.0,"model":{"type":"model","model":"d27aac0e-f688-4711-bbd9-ed1a160e0c5f","tints":[]}},{"threshold":49998.0,"model":{"type":"model","model":"customfishing:ee655e50-cbaf-4028-a6ec-d85f56958b01","tints":[]}},{"threshold":49999.0,"model":{"type":"model","model":"customfishing:c8c8cf75-ba36-48fa-b5fd-9ab473992db4","tints":[]}},{"threshold":50000.0,"model":{"type":"model","model":"customfishing:8d3471a1-bcd5-4530-9310-472583a73a30","tints":[]}},{"threshold":50001.0,"model":{"type":"model","model":"customfishing:14c71d20-73b1-4e48-89d0-23977ac700f6","tints":[]}},{"threshold":50002.0,"model":{"type":"model","model":"customfishing:b3189c00-5a78-4e3b-bb5a-c31516ddd0aa","tints":[]}},{"threshold":50003.0,"model":{"type":"model","model":"customfishing:cd962255-c47c-43fa-bab3-6bc44d253f27","tints":[]}}],"fallback":{"type":"model","model":"item/paper","tints":[]}}}