{"model":{"type":"range_dispatch","property":"custom_model_data","entries":[{"threshold":1.0,"model":{"type":"model","model":"f81ca501-87ef-4912-befb-96500c0015ff","tints":[]}},{"threshold":2.0,"model":{"type":"model","model":"9cc15de0-951d-48f7-b21a-855d1974a246","tints":[]}},{"threshold":3.0,"model":{"type":"model","model":"f3dbc1af-27b5-480c-94da-9b3cfe7d25f7","tints":[]}},{"threshold":4.0,"model":{"type":"model","model":"2009d239-1dd2-4656-be01-596be1db6377","tints":[]}},{"threshold":5.0,"model":{"type":"model","model":"31a91a4f-580e-46b1-b91f-e1350e1ce301","tints":[]}},{"threshold":6.0,"model":{"type":"model","model":"212ad3bb-fc14-484a-93bc-36a0c3e331da","tints":[]}},{"threshold":7.0,"model":{"type":"model","model":"9446453a-f375-4d6b-a059-7c0dff90e950","tints":[]}},{"threshold":8.0,"model":{"type":"model","model":"93a92938-d053-43a2-94dc-ff4cb45364e4","tints":[]}},{"threshold":9.0,"model":{"type":"model","model":"2ab5d139-687b-47f3-bf8f-6388aef74285","tints":[]}},{"threshold":10.0,"model":{"type":"model","model":"547f7b10-3b5d-419f-b828-7565d6818ce7","tints":[]}},{"threshold":11.0,"model":{"type":"model","model":"29a4e96c-92e4-4aee-a1fc-fae4d5b95214","tints":[]}},{"threshold":12.0,"model":{"type":"model","model":"3bd4c30c-a493-416f-8bc1-6536d9ac260c","tints":[]}},{"threshold":13.0,"model":{"type":"model","model":"1f560d01-dcfd-400a-873a-172718e1e921","tints":[]}},{"threshold":14.0,"model":{"type":"model","model":"4f0bdc4d-1621-43ab-9ada-db20c3150f82","tints":[]}},{"threshold":15.0,"model":{"type":"model","model":"ea7d6a06-5d84-48c8-8aa9-cf4ad5b08dc0","tints":[]}},{"threshold":16.0,"model":{"type":"model","model":"07b064e4-5457-4e40-bf8e-2e4387fad3d2","tints":[]}},{"threshold":17.0,"model":{"type":"model","model":"3025330c-4c66-4d57-a532-083588ba11bc","tints":[]}},{"threshold":18.0,"model":{"type":"model","model":"c7c39f78-cec5-46b1-a6b7-89baa633c41c","tints":[]}},{"threshold":19.0,"model":{"type":"model","model":"93017497-06ea-4eec-9ab3-71f5c7798b90","tints":[]}},{"threshold":20.0,"model":{"type":"model","model":"04bda733-c71b-4725-a65a-1aa1fae06018","tints":[]}},{"threshold":21.0,"model":{"type":"model","model":"7b50f367-4520-48c1-8cfa-b777f195fdb0","tints":[]}},{"threshold":22.0,"model":{"type":"model","model":"9d92a819-a8ff-4388-a9c5-a8c859c133c4","tints":[]}},{"threshold":23.0,"model":{"type":"model","model":"4b85fbff-d044-4aa5-a844-2feaadb68964","tints":[]}},{"threshold":24.0,"model":{"type":"model","model":"8fd6cf9b-337c-4725-8e9b-3f1a7145c291","tints":[]}},{"threshold":25.0,"model":{"type":"model","model":"da43f732-fd15-46a4-85db-d4d9abd7609c","tints":[]}},{"threshold":26.0,"model":{"type":"model","model":"5bc0468a-30a7-4793-a9b2-45238d2a8018","tints":[]}},{"threshold":27.0,"model":{"type":"model","model":"d59136b5-c85d-4edb-a654-87c44b9bacbf","tints":[]}},{"threshold":28.0,"model":{"type":"model","model":"7896d700-3a59-4143-8d9a-1268a75c7879","tints":[]}},{"threshold":29.0,"model":{"type":"model","model":"69d5e272-3735-4e86-85d4-f80b7f4ca66d","tints":[]}},{"threshold":30.0,"model":{"type":"model","model":"bb97d678-4f92-4b60-ac98-814e731e63d1","tints":[]}},{"threshold":31.0,"model":{"type":"model","model":"04427919-887d-436a-9fae-0247dea7b7af","tints":[]}},{"threshold":32.0,"model":{"type":"model","model":"0bdebe70-73d9-4d21-89f1-854029400050","tints":[]}},{"threshold":33.0,"model":{"type":"model","model":"30a735b3-c940-49d5-a59f-cd8002935365","tints":[]}},{"threshold":34.0,"model":{"type":"model","model":"6d96566d-772f-4838-8ab3-64bc9e444b48","tints":[]}},{"threshold":35.0,"model":{"type":"model","model":"4eee51dc-c3cf-46fb-8c0d-58a7d611789f","tints":[]}},{"threshold":36.0,"model":{"type":"model","model":"91346a56-90d8-4a77-a4a9-6cd70a3077fa","tints":[]}},{"threshold":37.0,"model":{"type":"model","model":"e14cf049-1357-4b1a-928b-dea6bf0cb847","tints":[]}},{"threshold":38.0,"model":{"type":"model","model":"7ab7df43-e214-464f-b833-c0e193ec4bd5","tints":[]}},{"threshold":39.0,"model":{"type":"model","model":"3e2c2262-0520-491a-904e-6ae7c6a272c7","tints":[]}},{"threshold":40.0,"model":{"type":"model","model":"e6102614-c07a-4d0b-83fd-ddddbd7a1c54","tints":[]}},{"threshold":41.0,"model":{"type":"model","model":"a78e723b-ff1f-489d-bafb-8ebd27ccc019","tints":[]}},{"threshold":42.0,"model":{"type":"model","model":"69299691-cb65-4aa8-b949-ee77d6daa665","tints":[]}},{"threshold":43.0,"model":{"type":"model","model":"1ea9ee50-8487-44ef-9066-10eaeb0369f2","tints":[]}},{"threshold":44.0,"model":{"type":"model","model":"1dba3be3-3e43-4a11-8fa2-d160bacdf080","tints":[]}},{"threshold":45.0,"model":{"type":"model","model":"53316bce-d0ad-4c35-9165-153ed42120fa","tints":[]}},{"threshold":46.0,"model":{"type":"model","model":"ae83caf5-9dc7-4839-a0a6-0c0aa7504dee","tints":[]}},{"threshold":47.0,"model":{"type":"model","model":"00028bda-c867-4042-937f-2285efc68018","tints":[]}},{"threshold":48.0,"model":{"type":"model","model":"f13d91cd-8f4c-495a-9166-835c7b922b0a","tints":[]}},{"threshold":49.0,"model":{"type":"model","model":"6406e280-2de2-484d-9f71-f3f9016ef976","tints":[]}},{"threshold":50.0,"model":{"type":"model","model":"43a7d17a-1c82-4ce0-9bf4-eb77368abc0a","tints":[]}},{"threshold":51.0,"model":{"type":"model","model":"237d20fc-fbc3-4f25-a4c8-a826c6861c79","tints":[]}},{"threshold":52.0,"model":{"type":"model","model":"bf55232e-0283-4cfa-b4b0-d9adcd787dce","tints":[]}},{"threshold":53.0,"model":{"type":"model","model":"24ccd23b-d7d7-4e9f-80d4-a30e97001530","tints":[]}},{"threshold":54.0,"model":{"type":"model","model":"e8e7b303-e355-4d9b-a997-387d65e8fbc3","tints":[]}},{"threshold":55.0,"model":{"type":"model","model":"a1aa3284-2f3c-495a-89a2-ab1eeec00259","tints":[]}},{"threshold":56.0,"model":{"type":"model","model":"c7efe37a-fdbb-488d-bba6-7314b57a3f72","tints":[]}},{"threshold":100.0,"model":{"type":"model","model":"73e2f2b5-453f-471d-94a3-1f93ce16f340","tints":[]}},{"threshold":101.0,"model":{"type":"model","model":"4ebbed74-edc8-45f3-b728-ab60bbdc879c","tints":[]}},{"threshold":102.0,"model":{"type":"model","model":"89a68ad3-3ff9-4f6f-92f4-f04a4d49a86d","tints":[]}},{"threshold":1000.0,"model":{"type":"model","model":"nexo:a041a42d-b113-4713-852b-9c83dedb3048","tints":[]}},{"threshold":1001.0,"model":{"type":"model","model":"nexo:79630064-4ca6-4fe6-85a7-2d4fdae9b60b","tints":[]}},{"threshold":1002.0,"model":{"type":"model","model":"nexo:fe0e7061-c850-4cf1-9a0c-4f30730c93b2","tints":[]}},{"threshold":1003.0,"model":{"type":"model","model":"nexo:8e22077d-7bda-4acb-b3f3-9472746b0018","tints":[]}},{"threshold":1004.0,"model":{"type":"model","model":"nexo:cd31942a-e8b9-4d1c-9aa9-de9fb95694bb","tints":[]}},{"threshold":1005.0,"model":{"type":"model","model":"nexo:e11acf99-d782-4fbb-ba49-adbe2305716c","tints":[]}},{"threshold":1006.0,"model":{"type":"model","model":"299aa3a6-685b-46de-b63a-fdc5e43aab2a","tints":[]}},{"threshold":1007.0,"model":{"type":"model","model":"ce94ca76-5b19-42a1-80e7-12548377d52d","tints":[]}},{"threshold":1008.0,"model":{"type":"model","model":"fb554865-d7d1-4bbf-ab39-63f681c3f7f3","tints":[]}},{"threshold":49998.0,"model":{"type":"model","model":"customfishing:e8ca0ebf-8c8b-48cd-b0a1-ebe6a5fd3c60","tints":[]}},{"threshold":49999.0,"model":{"type":"model","model":"customfishing:f1c2e8f7-f3a3-408c-a5ec-2c0ff6d8299f","tints":[]}},{"threshold":50000.0,"model":{"type":"model","model":"customfishing:653137bb-2328-424d-b8ae-4122935bb0b2","tints":[]}},{"threshold":50001.0,"model":{"type":"model","model":"customfishing:e5b232df-4504-414c-8e59-70ce8f30a635","tints":[]}},{"threshold":50002.0,"model":{"type":"model","model":"customfishing:9123cc3e-a731-422f-bc29-b4a0e8d8ae0c","tints":[]}},{"threshold":50003.0,"model":{"type":"model","model":"customfishing:b87620db-cfaf-4b7a-8a20-d4caee5fa948","tints":[]}}],"fallback":{"type":"model","model":"item/paper","tints":[]}}}