{"model":{"type":"range_dispatch","property":"custom_model_data","entries":[{"threshold":1.0,"model":{"type":"model","model":"e1a5ce26-3ec2-41c1-bf13-5753f01540a5","tints":[]}},{"threshold":2.0,"model":{"type":"model","model":"e208615c-7a4a-47d8-a471-6010af39907b","tints":[]}},{"threshold":3.0,"model":{"type":"model","model":"8fe5466d-2fd9-4a6d-9c17-015b0c928de3","tints":[]}},{"threshold":4.0,"model":{"type":"model","model":"ae846769-b003-437c-b633-255efac94d6e","tints":[]}},{"threshold":5.0,"model":{"type":"model","model":"988dbbcf-4e0d-4674-ada2-aec0ad46f0bf","tints":[]}},{"threshold":6.0,"model":{"type":"model","model":"f519a50b-f60d-4a6d-8e33-bf5540f5b643","tints":[]}}],"fallback":{"type":"model","model":"item/rabbit_foot","tints":[]}}}