{"model":{"type":"range_dispatch","property":"custom_model_data","entries":[{"threshold":1.0,"model":{"type":"model","model":"9ea62d74-389c-4ea1-b64c-e9cc63105b47","tints":[]}},{"threshold":2.0,"model":{"type":"model","model":"86110d16-7336-4756-861e-c5966ca62a61","tints":[]}},{"threshold":3.0,"model":{"type":"model","model":"26d01806-999d-4386-9596-73caabe769b7","tints":[]}},{"threshold":4.0,"model":{"type":"model","model":"f7b03afe-bd9d-4d8a-8c38-0afacbd58d18","tints":[]}},{"threshold":5.0,"model":{"type":"model","model":"44645304-7593-465d-9606-dae459361c76","tints":[]}},{"threshold":6.0,"model":{"type":"model","model":"2c5c0ef7-0097-4ea0-a2af-0d6fb3462f32","tints":[]}}],"fallback":{"type":"model","model":"item/rabbit_foot","tints":[]}}}