{"model":{"type":"range_dispatch","property":"custom_model_data","entries":[{"threshold":1.0,"model":{"type":"model","model":"2393f237-c3dc-4c48-948c-046d252e69ae","tints":[]}},{"threshold":2.0,"model":{"type":"model","model":"e9093a43-02a2-4c67-80cd-a071e641b035","tints":[]}},{"threshold":3.0,"model":{"type":"model","model":"b77a987f-c5ff-4d2b-b045-98cd6d82f588","tints":[]}},{"threshold":4.0,"model":{"type":"model","model":"67cd317d-e06e-4a10-97be-2f7abb3dc85c","tints":[]}},{"threshold":5.0,"model":{"type":"model","model":"f30f8c83-ec04-49b2-b897-ff8ffcda92ba","tints":[]}},{"threshold":6.0,"model":{"type":"model","model":"a3c5bac7-6172-4768-87a6-203a243fb543","tints":[]}}],"fallback":{"type":"model","model":"item/rabbit_foot","tints":[]}}}