{"model":{"type":"condition","property":"using_item","on_true":{"type":"range_dispatch","property":"custom_model_data","entries":[{"threshold":1000.0,"model":{"type":"model","model":"nexo:e91d64a2-32aa-47db-9a5f-44724002d8d0","tints":[]}}],"fallback":{"type":"special","model":{"type":"shield"},"base":"item/shield_blocking"}},"on_false":{"type":"range_dispatch","property":"custom_model_data","entries":[{"threshold":1000.0,"model":{"type":"model","model":"nexo:309384d0-6d64-4363-b590-182f7bf51256","tints":[]}}],"fallback":{"type":"special","model":{"type":"shield"},"base":"item/shield"}}}}