{"model":{"type":"condition","property":"using_item","on_true":{"type":"range_dispatch","property":"custom_model_data","entries":[{"threshold":1000.0,"model":{"type":"model","model":"nexo:c207254a-450e-411f-a4d2-41a5e38b90bd","tints":[]}}],"fallback":{"type":"special","model":{"type":"shield"},"base":"item/shield_blocking"}},"on_false":{"type":"range_dispatch","property":"custom_model_data","entries":[{"threshold":1000.0,"model":{"type":"model","model":"nexo:64454f3b-87c3-4843-b5b4-aba1d247672c","tints":[]}}],"fallback":{"type":"special","model":{"type":"shield"},"base":"item/shield"}}}}