{"model":{"type":"range_dispatch","property":"custom_model_data","entries":[{"threshold":1.0,"model":{"type":"model","model":"f282a70d-a225-4fc8-bbcc-4e654effe4ce","tints":[]}},{"threshold":2.0,"model":{"type":"model","model":"5f5b81e8-c868-4a02-a032-fe9ba078fcac","tints":[]}},{"threshold":3.0,"model":{"type":"model","model":"988f32d3-3eb8-4e21-b15c-55e212ff44ff","tints":[]}},{"threshold":4.0,"model":{"type":"model","model":"5703ae82-6898-404b-aa6b-628e40cb42ac","tints":[]}},{"threshold":5.0,"model":{"type":"model","model":"973a2af4-cc6d-484b-b0aa-731e972ac254","tints":[]}},{"threshold":6.0,"model":{"type":"model","model":"319f80cf-0e1a-47fe-9963-ecda971bcb5e","tints":[]}},{"threshold":7.0,"model":{"type":"model","model":"c077ab3c-330c-4d09-acbf-37f066fe8b4c","tints":[]}},{"threshold":8.0,"model":{"type":"model","model":"3f4f556a-efda-426a-8e41-51fdc78119c5","tints":[]}},{"threshold":9.0,"model":{"type":"model","model":"4b85632c-b3f7-46d7-87e1-e3364a88ec2f","tints":[]}},{"threshold":10.0,"model":{"type":"model","model":"d2adad6a-a459-4c5b-a42a-a2dedeca485a","tints":[]}},{"threshold":11.0,"model":{"type":"model","model":"f941870c-2815-468d-99a6-5b8e33121387","tints":[]}},{"threshold":12.0,"model":{"type":"model","model":"78a64519-9338-40f8-9500-11f006ab28bb","tints":[]}},{"threshold":13.0,"model":{"type":"model","model":"7c3c5554-7733-44f7-92ec-87ae7066a009","tints":[]}},{"threshold":14.0,"model":{"type":"model","model":"3cc17a59-0d5f-4bf4-9748-0e096d2a4b1c","tints":[]}}],"fallback":{"type":"model","model":"item/sunflower","tints":[]}}}