{"model":{"type":"range_dispatch","property":"custom_model_data","entries":[{"threshold":1.0,"model":{"type":"model","model":"8c6031e1-fc42-40be-ab1b-cf64af0530e0","tints":[]}},{"threshold":2.0,"model":{"type":"model","model":"7137b0a1-bf95-4c37-88cf-4d674f743915","tints":[]}},{"threshold":3.0,"model":{"type":"model","model":"31e2591c-2ebd-4fa0-bfda-16db59b266c2","tints":[]}},{"threshold":4.0,"model":{"type":"model","model":"5b027e2f-b857-4b30-81aa-3bf863054c4e","tints":[]}},{"threshold":5.0,"model":{"type":"model","model":"319ab0ba-7257-417f-997d-304b950f6876","tints":[]}},{"threshold":6.0,"model":{"type":"model","model":"08e35006-a6bf-48a6-947f-01368b993036","tints":[]}},{"threshold":7.0,"model":{"type":"model","model":"671de862-78f8-46a0-b4a8-c6dd43b0eb59","tints":[]}},{"threshold":8.0,"model":{"type":"model","model":"8deda676-3313-4556-ab15-a1a08832a0db","tints":[]}},{"threshold":9.0,"model":{"type":"model","model":"898cf649-b582-4404-84e1-a81a6193d013","tints":[]}},{"threshold":10.0,"model":{"type":"model","model":"0eab0e81-d675-4d48-b4b7-7b6fb8b144a2","tints":[]}},{"threshold":11.0,"model":{"type":"model","model":"b811618a-0be9-4223-beba-8f9c16a5aa63","tints":[]}},{"threshold":12.0,"model":{"type":"model","model":"dd4451cd-82b9-43fc-9e78-8d6c68bdf0c4","tints":[]}},{"threshold":13.0,"model":{"type":"model","model":"bc91e0ee-170f-4b1c-8b0e-98d4d6d91d4d","tints":[]}},{"threshold":14.0,"model":{"type":"model","model":"e51a4acd-6bbe-4240-a679-a649268fa845","tints":[]}}],"fallback":{"type":"model","model":"item/sunflower","tints":[]}}}