{"model":{"type":"range_dispatch","property":"custom_model_data","entries":[{"threshold":1.0,"model":{"type":"model","model":"6bd548bf-aed9-460d-b4d0-52b048426f71","tints":[]}},{"threshold":2.0,"model":{"type":"model","model":"266ba900-60a0-461d-a401-dfeba0b8fd7b","tints":[]}},{"threshold":3.0,"model":{"type":"model","model":"4877a2fa-8ec2-4cbe-8de5-5d80f9b1d7b0","tints":[]}},{"threshold":4.0,"model":{"type":"model","model":"e8580c92-7b45-4339-93c1-9160fcf54eab","tints":[]}},{"threshold":5.0,"model":{"type":"model","model":"5cd35fea-da59-441f-a640-86eb7c6aaa93","tints":[]}},{"threshold":6.0,"model":{"type":"model","model":"e62d3d4e-c8c7-4800-aee1-2add8d06b475","tints":[]}},{"threshold":7.0,"model":{"type":"model","model":"c6cee96e-9be9-4e4e-ad0d-d93deb9fb117","tints":[]}},{"threshold":8.0,"model":{"type":"model","model":"3d496ebb-e167-450c-97cf-85cd3a3024f8","tints":[]}},{"threshold":9.0,"model":{"type":"model","model":"49f43913-f90b-4329-bed8-0ededf26d4c0","tints":[]}},{"threshold":10.0,"model":{"type":"model","model":"aa901a47-0b8a-49e5-8777-2cc12357b5c5","tints":[]}},{"threshold":11.0,"model":{"type":"model","model":"8662caef-41b2-437f-8017-f4fbbb7f9856","tints":[]}},{"threshold":12.0,"model":{"type":"model","model":"2d19e172-bec3-42b4-a90c-30918b8becc8","tints":[]}},{"threshold":13.0,"model":{"type":"model","model":"fc30292f-a2fb-4343-bb61-22a054b5324a","tints":[]}},{"threshold":14.0,"model":{"type":"model","model":"f1c58323-9cef-427c-b914-485ac5e42ed6","tints":[]}}],"fallback":{"type":"model","model":"item/sunflower","tints":[]}}}