{"model":{"type":"range_dispatch","property":"custom_model_data","entries":[{"threshold":1000.0,"model":{"type":"model","model":"nexo:ae51f02c-ea2a-42e6-9d01-d23b772ca7db","tints":[{"type":"potion","default":-13083194}]}},{"threshold":1001.0,"model":{"type":"model","model":"nexo:9434ec33-e59b-4208-ab20-79dd3429abe6","tints":[{"type":"potion","default":-13083194}]}},{"threshold":1002.0,"model":{"type":"model","model":"nexo:3568e142-f0ad-4594-91e7-a6be04040aa9","tints":[{"type":"potion","default":-13083194}]}},{"threshold":1003.0,"model":{"type":"model","model":"nexo:c79904a8-8b0b-4f1a-a139-ee4832d4e3a2","tints":[{"type":"potion","default":-13083194}]}}],"fallback":{"type":"model","model":"item/tipped_arrow","tints":[{"type":"potion","default":-13083194}]}}}