{"model":{"type":"range_dispatch","property":"custom_model_data","entries":[{"threshold":1000.0,"model":{"type":"model","model":"nexo:c2c8aa8b-ee65-469b-a9a3-906b71a30602","tints":[{"type":"potion","default":-13083194}]}},{"threshold":1001.0,"model":{"type":"model","model":"nexo:76271ad1-9fae-4b47-8a7d-3ed53ddbd14a","tints":[{"type":"potion","default":-13083194}]}},{"threshold":1002.0,"model":{"type":"model","model":"nexo:aae99d7c-2872-45df-8d3b-0db5563383e6","tints":[{"type":"potion","default":-13083194}]}},{"threshold":1003.0,"model":{"type":"model","model":"nexo:0d5397a7-4afd-499f-91e7-9861265f66d6","tints":[{"type":"potion","default":-13083194}]}}],"fallback":{"type":"model","model":"item/tipped_arrow","tints":[{"type":"potion","default":-13083194}]}}}