{"model":{"type":"range_dispatch","property":"custom_model_data","entries":[{"threshold":1000.0,"model":{"type":"model","model":"nexo:6e6f8837-1af5-4f52-a438-37a187557b02","tints":[{"type":"potion","default":-13083194}]}},{"threshold":1001.0,"model":{"type":"model","model":"nexo:172d9625-c189-4298-af3d-c2dfb4e0cb64","tints":[{"type":"potion","default":-13083194}]}},{"threshold":1002.0,"model":{"type":"model","model":"nexo:dfb506c2-19a5-4e0b-90ab-9d5f43d8b559","tints":[{"type":"potion","default":-13083194}]}},{"threshold":1003.0,"model":{"type":"model","model":"nexo:8fa6ea22-5616-4565-9860-518c14493c69","tints":[{"type":"potion","default":-13083194}]}}],"fallback":{"type":"model","model":"item/tipped_arrow","tints":[{"type":"potion","default":-13083194}]}}}