{
  "parent": "item/generated",
  "textures": {
    "layer0": "item/angler_pottery_sherd"
  },
  "overrides": [
    {
      "predicate": {
        "custom_model_data": 1
      },
      "model": "2113a2d8-a16c-45c4-9967-1603e1058040"
    },
    {
      "predicate": {
        "custom_model_data": 2
      },
      "model": "86cb74b3-a98d-48f3-84c8-a1c04b3a0a30"
    },
    {
      "predicate": {
        "custom_model_data": 3
      },
      "model": "b49be744-85cc-4ce0-a482-6323c0aebf89"
    },
    {
      "predicate": {
        "custom_model_data": 4
      },
      "model": "297a7087-a105-43ea-98dc-b50fb8238025"
    },
    {
      "predicate": {
        "custom_model_data": 5
      },
      "model": "e972b257-09d1-49e2-960d-b6919e0b4603"
    },
    {
      "predicate": {
        "custom_model_data": 6
      },
      "model": "fa5335ca-cc39-4f44-a8d7-66f3ef3c2261"
    }
  ]
}