{"parent":"item/generated","textures":{"layer0":"item/angler_pottery_sherd"},"overrides":[{"predicate":{"custom_model_data":1},"model":"5b938a17-910a-4e15-92d0-6707e9016f43"},{"predicate":{"custom_model_data":2},"model":"4c05d4bf-df57-44ae-9531-1ebc6d18d327"},{"predicate":{"custom_model_data":3},"model":"5fa7b5c9-5abb-4d81-8129-9894385e2472"},{"predicate":{"custom_model_data":4},"model":"77890ce7-e2aa-4e59-a30e-fca54dca2c09"},{"predicate":{"custom_model_data":5},"model":"2af4ba35-9624-4278-95b4-8c3091097a9d"},{"predicate":{"custom_model_data":6},"model":"cdda1d94-9aa4-4091-b4d9-bbfe18599045"}]}