{"parent":"item/generated","textures":{"layer0":"item/angler_pottery_sherd"},"overrides":[{"predicate":{"custom_model_data":1},"model":"6cc8e59a-ed83-4bb4-a60c-41bf8315b6e5"},{"predicate":{"custom_model_data":2},"model":"2d2665c5-e0b6-4fbb-8086-d815a9c1b49a"},{"predicate":{"custom_model_data":3},"model":"26bd2b73-72fb-4e25-a73d-20c21c48b333"},{"predicate":{"custom_model_data":4},"model":"4746b9e1-f2b6-453c-846b-0194b018408a"},{"predicate":{"custom_model_data":5},"model":"66a48af5-b612-4925-b4bd-38581cbe0cc0"},{"predicate":{"custom_model_data":6},"model":"dcc2e4f1-299c-4c8c-867c-cbefd43b42e3"}]}