{"parent":"item/generated","textures":{"layer0":"item/angler_pottery_sherd"},"overrides":[{"predicate":{"custom_model_data":1},"model":"d7ef30a9-d959-42d9-9d5c-62821109332e"},{"predicate":{"custom_model_data":2},"model":"a9b516ee-b330-4a94-aa71-5daacfd3f796"},{"predicate":{"custom_model_data":3},"model":"11b15a56-2fce-42a3-9d1c-60f7e1279dc5"},{"predicate":{"custom_model_data":4},"model":"30cdffc7-e69e-4fec-9f8d-0779016fe9ec"},{"predicate":{"custom_model_data":5},"model":"5608aebc-ae89-4284-8885-42cc1562c03a"},{"predicate":{"custom_model_data":6},"model":"61c69110-d81b-4fe2-a4ce-dc4799469e46"}]}