{
  "parent": "item/generated",
  "textures": {
    "layer0": "item/angler_pottery_sherd"
  },
  "overrides": [
    {
      "predicate": {
        "custom_model_data": 1
      },
      "model": "8e6eea04-c374-4f84-b271-8e98dd401b6b"
    },
    {
      "predicate": {
        "custom_model_data": 2
      },
      "model": "d34da65c-f387-4e81-b4fb-3ddd15ec4be7"
    },
    {
      "predicate": {
        "custom_model_data": 3
      },
      "model": "601c674a-65dc-4c95-9655-53c3a0fb84a7"
    },
    {
      "predicate": {
        "custom_model_data": 4
      },
      "model": "e8b07c12-d52c-44b7-bfeb-ec0b1c894d0b"
    },
    {
      "predicate": {
        "custom_model_data": 5
      },
      "model": "75e76785-e624-4517-b49a-ef70ac7aa42c"
    },
    {
      "predicate": {
        "custom_model_data": 6
      },
      "model": "64cf5647-cd77-45ef-8c5a-a400e425db16"
    }
  ]
}