{
  "parent": "item/generated",
  "textures": {
    "layer0": "item/angler_pottery_sherd"
  },
  "overrides": [
    {
      "predicate": {
        "custom_model_data": 1
      },
      "model": "common_artifact"
    },
    {
      "predicate": {
        "custom_model_data": 2
      },
      "model": "uncommon_artifact"
    },
    {
      "predicate": {
        "custom_model_data": 3
      },
      "model": "rare_artifact"
    },
    {
      "predicate": {
        "custom_model_data": 4
      },
      "model": "epic_artifact"
    },
    {
      "predicate": {
        "custom_model_data": 5
      },
      "model": "legendary_artifact"
    },
    {
      "predicate": {
        "custom_model_data": 6
      },
      "model": "mythic_artifact"
    }
  ]
}