{
  "parent": "item/generated",
  "textures": {
    "layer0": "item/angler_pottery_sherd"
  },
  "overrides": [
    {
      "predicate": {
        "custom_model_data": 1
      },
      "model": "be046fcd-3cb0-43e4-9c40-d00653b0e028"
    },
    {
      "predicate": {
        "custom_model_data": 2
      },
      "model": "565d92d6-0a02-4666-9a2d-dab96a2e7fee"
    },
    {
      "predicate": {
        "custom_model_data": 3
      },
      "model": "aa69418e-63b1-45ef-b8c7-d172040e7785"
    },
    {
      "predicate": {
        "custom_model_data": 4
      },
      "model": "e7449864-ac84-4554-a737-3a3e20d5300f"
    },
    {
      "predicate": {
        "custom_model_data": 5
      },
      "model": "cdfacfa4-82d0-4568-a96b-18cb8d254d07"
    },
    {
      "predicate": {
        "custom_model_data": 6
      },
      "model": "91a8700f-fa4f-4348-bddb-005f49e9eae4"
    }
  ]
}