{
  "parent": "item/generated",
  "textures": {
    "layer0": "item/chain"
  },
  "overrides": [
    {
      "predicate": {
        "custom_model_data": 1
      },
      "model": "20f3219a-056f-4551-a5a8-2d97ada7fcec"
    },
    {
      "predicate": {
        "custom_model_data": 2
      },
      "model": "27d35ea1-bf34-4cd8-984f-07739391ebaa"
    },
    {
      "predicate": {
        "custom_model_data": 3
      },
      "model": "b501222d-1aac-4a08-bd16-1444dc3f3810"
    },
    {
      "predicate": {
        "custom_model_data": 4
      },
      "model": "29935a0c-711c-411c-85f7-b38c9254e8dd"
    },
    {
      "predicate": {
        "custom_model_data": 5
      },
      "model": "79eedc55-d683-4913-8f0d-fcdc093bfce0"
    },
    {
      "predicate": {
        "custom_model_data": 6
      },
      "model": "c397cb25-2f99-46ea-9fe2-06ed40551384"
    }
  ]
}