{"parent":"item/generated","textures":{"layer0":"item/chain"},"overrides":[{"predicate":{"custom_model_data":1},"model":"15a0e3eb-3894-44af-a225-76cbdc0abcae"},{"predicate":{"custom_model_data":2},"model":"97a77e7a-fad5-447a-b66a-06d64093876f"},{"predicate":{"custom_model_data":3},"model":"e8b22430-a202-4cdc-99d7-b4b5e958d2e3"},{"predicate":{"custom_model_data":4},"model":"401895db-3e1b-45db-a723-9a06fe12ed9c"},{"predicate":{"custom_model_data":5},"model":"4b93a85f-9912-460a-bd62-4f9e64c05712"},{"predicate":{"custom_model_data":6},"model":"78054504-ee33-4206-87d9-bae9c22cfcd8"}]}