{
  "parent": "item/generated",
  "textures": {
    "layer0": "item/chainmail_helmet"
  },
  "overrides": [
    {
      "predicate": {
        "trim_type": 0.1
      },
      "model": "item/chainmail_helmet_quartz_trim"
    },
    {
      "predicate": {
        "trim_type": 0.2
      },
      "model": "item/chainmail_helmet_iron_trim"
    },
    {
      "predicate": {
        "trim_type": 0.3
      },
      "model": "item/chainmail_helmet_netherite_trim"
    },
    {
      "predicate": {
        "trim_type": 0.4
      },
      "model": "item/chainmail_helmet_redstone_trim"
    },
    {
      "predicate": {
        "trim_type": 0.5
      },
      "model": "item/chainmail_helmet_copper_trim"
    },
    {
      "predicate": {
        "trim_type": 0.6
      },
      "model": "item/chainmail_helmet_gold_trim"
    },
    {
      "predicate": {
        "trim_type": 0.7
      },
      "model": "item/chainmail_helmet_emerald_trim"
    },
    {
      "predicate": {
        "trim_type": 0.8
      },
      "model": "item/chainmail_helmet_diamond_trim"
    },
    {
      "predicate": {
        "trim_type": 0.9
      },
      "model": "item/chainmail_helmet_lapis_trim"
    },
    {
      "predicate": {
        "trim_type": 1.0
      },
      "model": "item/chainmail_helmet_amethyst_trim"
    },
    {
      "predicate": {
        "custom_model_data": 1
      },
      "model": "c6508d52-4b91-4238-9025-1fda95207443"
    },
    {
      "predicate": {
        "custom_model_data": 1000
      },
      "model": "nexo:0fb19816-63f7-4849-ac96-53b2ba4ad009"
    }
  ]
}