{
  "parent": "item/generated",
  "textures": {
    "layer0": "item/chainmail_chestplate"
  },
  "overrides": [
    {
      "predicate": {
        "trim_type": 0.1
      },
      "model": "item/chainmail_chestplate_quartz_trim"
    },
    {
      "predicate": {
        "trim_type": 0.2
      },
      "model": "item/chainmail_chestplate_iron_trim"
    },
    {
      "predicate": {
        "trim_type": 0.3
      },
      "model": "item/chainmail_chestplate_netherite_trim"
    },
    {
      "predicate": {
        "trim_type": 0.4
      },
      "model": "item/chainmail_chestplate_redstone_trim"
    },
    {
      "predicate": {
        "trim_type": 0.5
      },
      "model": "item/chainmail_chestplate_copper_trim"
    },
    {
      "predicate": {
        "trim_type": 0.6
      },
      "model": "item/chainmail_chestplate_gold_trim"
    },
    {
      "predicate": {
        "trim_type": 0.7
      },
      "model": "item/chainmail_chestplate_emerald_trim"
    },
    {
      "predicate": {
        "trim_type": 0.8
      },
      "model": "item/chainmail_chestplate_diamond_trim"
    },
    {
      "predicate": {
        "trim_type": 0.9
      },
      "model": "item/chainmail_chestplate_lapis_trim"
    },
    {
      "predicate": {
        "trim_type": 1.0
      },
      "model": "item/chainmail_chestplate_amethyst_trim"
    },
    {
      "predicate": {
        "custom_model_data": 1000
      },
      "model": "d6baf329-f659-45d5-8fcf-82af831896c8"
    }
  ]
}