{
  "parent": "item/generated",
  "textures": {
    "layer0": "item/chain"
  },
  "overrides": [
    {
      "predicate": {
        "custom_model_data": 1
      },
      "model": "common_bracelet"
    },
    {
      "predicate": {
        "custom_model_data": 2
      },
      "model": "uncommon_bracelet"
    },
    {
      "predicate": {
        "custom_model_data": 3
      },
      "model": "rare_bracelet"
    },
    {
      "predicate": {
        "custom_model_data": 4
      },
      "model": "epic_bracelet"
    },
    {
      "predicate": {
        "custom_model_data": 5
      },
      "model": "legendary_bracelet"
    },
    {
      "predicate": {
        "custom_model_data": 6
      },
      "model": "mythic_bracelet"
    }
  ]
}