{
  "parent": "item/generated",
  "textures": {
    "layer0": "item/chain"
  },
  "overrides": [
    {
      "predicate": {
        "custom_model_data": 1
      },
      "model": "a3bc41ae-1170-4ad5-b408-774591f9246d"
    },
    {
      "predicate": {
        "custom_model_data": 2
      },
      "model": "571514a7-4dd7-4dd2-a554-34116e4bfde3"
    },
    {
      "predicate": {
        "custom_model_data": 3
      },
      "model": "07dc6d3b-7a8e-46f7-9840-ce000bf372c2"
    },
    {
      "predicate": {
        "custom_model_data": 4
      },
      "model": "bfe86fb8-b574-45cb-83ed-aafff2b0beca"
    },
    {
      "predicate": {
        "custom_model_data": 5
      },
      "model": "aa0cd989-97bb-4f7c-86e6-877a3d719d29"
    },
    {
      "predicate": {
        "custom_model_data": 6
      },
      "model": "a1e7a026-cebf-4014-ab88-4d377158266a"
    }
  ]
}