{
  "parent": "item/generated",
  "textures": {
    "layer0": "item/chain"
  },
  "overrides": [
    {
      "predicate": {
        "custom_model_data": 1
      },
      "model": "2e8ad8b7-bc97-4548-85bd-6a7400ed2bd0"
    },
    {
      "predicate": {
        "custom_model_data": 2
      },
      "model": "2bc4822e-c10c-471c-8f2d-ddabde782e60"
    },
    {
      "predicate": {
        "custom_model_data": 3
      },
      "model": "a8f7b4ee-ed18-4326-9460-5e69083804ca"
    },
    {
      "predicate": {
        "custom_model_data": 4
      },
      "model": "831a0380-6e20-48c4-8c44-0da122a50320"
    },
    {
      "predicate": {
        "custom_model_data": 5
      },
      "model": "8d7f9948-57d7-436a-933d-a74ccf356ad9"
    },
    {
      "predicate": {
        "custom_model_data": 6
      },
      "model": "8c6305e2-b4c3-444c-b5ab-2860c04c361f"
    }
  ]
}