{"parent":"item/generated","textures":{"layer0":"item/chain"},"overrides":[{"predicate":{"custom_model_data":1},"model":"7c5c951f-30bc-4ffd-8cef-d899d787a212"},{"predicate":{"custom_model_data":2},"model":"d6d0a0a1-6cd1-458c-b8ff-b91e5da0b592"},{"predicate":{"custom_model_data":3},"model":"aaf56f66-c3cd-48a2-aa2b-d6930772666d"},{"predicate":{"custom_model_data":4},"model":"a76bc43d-8a20-445e-9a82-07f73df9b09c"},{"predicate":{"custom_model_data":5},"model":"8b8bb3d7-539f-4686-b1e7-e5ff4d91f910"},{"predicate":{"custom_model_data":6},"model":"cb37b32b-b574-4e73-9a16-4141912eded0"}]}