{
  "parent": "item/generated",
  "display": {
    "head": {
      "rotation": [
        0.0,
        90.0,
        -60.0
      ],
      "translation": [
        -7.0,
        -4.0,
        -7.0
      ],
      "scale": [
        0.8,
        0.8,
        0.8
      ]
    }
  },
  "textures": {
    "layer0": "item/cod"
  },
  "overrides": [
    {
      "predicate": {
        "custom_model_data": 50000
      },
      "model": "customfishing:item/fish/radioactive_fish"
    },
    {
      "predicate": {
        "custom_model_data": 50001
      },
      "model": "customfishing:item/fish/tuna_fish"
    },
    {
      "predicate": {
        "custom_model_data": 50002
      },
      "model": "customfishing:item/fish/tuna_fish_silver_star"
    },
    {
      "predicate": {
        "custom_model_data": 50003
      },
      "model": "customfishing:item/fish/tuna_fish_golden_star"
    },
    {
      "predicate": {
        "custom_model_data": 50004
      },
      "model": "customfishing:item/fish/pike_fish"
    },
    {
      "predicate": {
        "custom_model_data": 50005
      },
      "model": "customfishing:item/fish/pike_fish_silver_star"
    },
    {
      "predicate": {
        "custom_model_data": 50006
      },
      "model": "customfishing:item/fish/pike_fish_golden_star"
    },
    {
      "predicate": {
        "custom_model_data": 50007
      },
      "model": "customfishing:item/fish/gold_fish"
    },
    {
      "predicate": {
        "custom_model_data": 50008
      },
      "model": "customfishing:item/fish/gold_fish_silver_star"
    },
    {
      "predicate": {
        "custom_model_data": 50009
      },
      "model": "customfishing:item/fish/gold_fish_golden_star"
    },
    {
      "predicate": {
        "custom_model_data": 50010
      },
      "model": "customfishing:item/fish/perch_fish"
    },
    {
      "predicate": {
        "custom_model_data": 50011
      },
      "model": "customfishing:item/fish/perch_fish_silver_star"
    },
    {
      "predicate": {
        "custom_model_data": 50012
      },
      "model": "customfishing:item/fish/perch_fish_golden_star"
    },
    {
      "predicate": {
        "custom_model_data": 50013
      },
      "model": "customfishing:item/fish/mullet_fish"
    },
    {
      "predicate": {
        "custom_model_data": 50014
      },
      "model": "customfishing:item/fish/mullet_fish_silver_star"
    },
    {
      "predicate": {
        "custom_model_data": 50015
      },
      "model": "customfishing:item/fish/mullet_fish_golden_star"
    },
    {
      "predicate": {
        "custom_model_data": 50016
      },
      "model": "customfishing:item/fish/sardine_fish"
    },
    {
      "predicate": {
        "custom_model_data": 50017
      },
      "model": "customfishing:item/fish/sardine_fish_silver_star"
    },
    {
      "predicate": {
        "custom_model_data": 50018
      },
      "model": "customfishing:item/fish/sardine_fish_golden_star"
    },
    {
      "predicate": {
        "custom_model_data": 50019
      },
      "model": "customfishing:item/fish/carp_fish"
    },
    {
      "predicate": {
        "custom_model_data": 50020
      },
      "model": "customfishing:item/fish/carp_fish_silver_star"
    },
    {
      "predicate": {
        "custom_model_data": 50021
      },
      "model": "customfishing:item/fish/carp_fish_golden_star"
    },
    {
      "predicate": {
        "custom_model_data": 50022
      },
      "model": "customfishing:item/fish/cat_fish"
    },
    {
      "predicate": {
        "custom_model_data": 50023
      },
      "model": "customfishing:item/fish/cat_fish_silver_star"
    },
    {
      "predicate": {
        "custom_model_data": 50024
      },
      "model": "customfishing:item/fish/cat_fish_golden_star"
    },
    {
      "predicate": {
        "custom_model_data": 50025
      },
      "model": "customfishing:item/fish/octopus_fish"
    },
    {
      "predicate": {
        "custom_model_data": 50026
      },
      "model": "customfishing:item/fish/octopus_fish_silver_star"
    },
    {
      "predicate": {
        "custom_model_data": 50027
      },
      "model": "customfishing:item/fish/octopus_fish_golden_star"
    },
    {
      "predicate": {
        "custom_model_data": 50028
      },
      "model": "customfishing:item/fish/sunfish_fish"
    },
    {
      "predicate": {
        "custom_model_data": 50029
      },
      "model": "customfishing:item/fish/sunfish_fish_silver_star"
    },
    {
      "predicate": {
        "custom_model_data": 50030
      },
      "model": "customfishing:item/fish/sunfish_fish_golden_star"
    },
    {
      "predicate": {
        "custom_model_data": 50031
      },
      "model": "customfishing:item/fish/red_spnapper_fish"
    },
    {
      "predicate": {
        "custom_model_data": 50032
      },
      "model": "customfishing:item/fish/red_spnapper_silver_star"
    },
    {
      "predicate": {
        "custom_model_data": 50033
      },
      "model": "customfishing:item/fish/red_spnapper_fish_golden_star"
    },
    {
      "predicate": {
        "custom_model_data": 50034
      },
      "model": "customfishing:item/fish/salmon_void_fish"
    },
    {
      "predicate": {
        "custom_model_data": 50035
      },
      "model": "customfishing:item/fish/salmon_void_silver_star"
    },
    {
      "predicate": {
        "custom_model_data": 50036
      },
      "model": "customfishing:item/fish/salmon_void_fish_golden_star"
    },
    {
      "predicate": {
        "custom_model_data": 50037
      },
      "model": "customfishing:item/fish/woodskip_fish"
    },
    {
      "predicate": {
        "custom_model_data": 50038
      },
      "model": "customfishing:item/fish/woodskip_silver_star"
    },
    {
      "predicate": {
        "custom_model_data": 50039
      },
      "model": "customfishing:item/fish/woodskip_fish_golden_star"
    },
    {
      "predicate": {
        "custom_model_data": 50040
      },
      "model": "customfishing:item/fish/sturgeon_fish"
    },
    {
      "predicate": {
        "custom_model_data": 50041
      },
      "model": "customfishing:item/fish/sturgeon_silver_star"
    },
    {
      "predicate": {
        "custom_model_data": 50042
      },
      "model": "customfishing:item/fish/sturgeon_fish_golden_star"
    },
    {
      "predicate": {
        "custom_model_data": 50043
      },
      "model": "customfishing:item/fish/blue_jellyfish"
    },
    {
      "predicate": {
        "custom_model_data": 50044
      },
      "model": "customfishing:item/fish/blue_jellyfish_silver_star"
    },
    {
      "predicate": {
        "custom_model_data": 50045
      },
      "model": "customfishing:item/fish/blue_jellyfish_golden_star"
    },
    {
      "predicate": {
        "custom_model_data": 50046
      },
      "model": "customfishing:item/fish/pink_jellyfish"
    },
    {
      "predicate": {
        "custom_model_data": 50047
      },
      "model": "customfishing:item/fish/pink_jellyfish_silver_star"
    },
    {
      "predicate": {
        "custom_model_data": 50048
      },
      "model": "customfishing:item/fish/pink_jellyfish_golden_star"
    },
    {
      "predicate": {
        "custom_model_data": 50100
      },
      "model": "customfishing:item/fish/rainbow_fish"
    }
  ]
}