{
  "parent": "item/generated",
  "display": {
    "head": {
      "rotation": [
        0.0,
        90.0,
        -60.0
      ],
      "translation": [
        -7.0,
        -4.0,
        -7.0
      ],
      "scale": [
        0.8,
        0.8,
        0.8
      ]
    }
  },
  "textures": {
    "layer0": "item/cod"
  },
  "overrides": [
    {
      "predicate": {
        "custom_model_data": 50000
      },
      "model": "customfishing:1206b0cc-a449-4a60-a3c0-0980a25d22a1"
    },
    {
      "predicate": {
        "custom_model_data": 50001
      },
      "model": "customfishing:67ac2147-dd17-4ffe-9c39-3c643ee054ab"
    },
    {
      "predicate": {
        "custom_model_data": 50002
      },
      "model": "customfishing:4edeb594-0dd1-4bcd-af80-f150536768d7"
    },
    {
      "predicate": {
        "custom_model_data": 50003
      },
      "model": "customfishing:4a5b4463-178f-4178-afe2-97acdc09a688"
    },
    {
      "predicate": {
        "custom_model_data": 50004
      },
      "model": "customfishing:a04a4731-6496-4cdc-b29e-cfb0da3fd983"
    },
    {
      "predicate": {
        "custom_model_data": 50005
      },
      "model": "customfishing:6d91a695-3405-4266-a069-5f235c32ea17"
    },
    {
      "predicate": {
        "custom_model_data": 50006
      },
      "model": "customfishing:5bbb0038-3980-4a36-ad56-5dce11827ec0"
    },
    {
      "predicate": {
        "custom_model_data": 50007
      },
      "model": "customfishing:ce09a5b1-c040-4b33-abfa-6050c94d9a59"
    },
    {
      "predicate": {
        "custom_model_data": 50008
      },
      "model": "customfishing:8f52082b-0b0d-49cc-afca-7363003b09ba"
    },
    {
      "predicate": {
        "custom_model_data": 50009
      },
      "model": "customfishing:594c7afd-8a09-44f7-9a66-f032e2542a79"
    },
    {
      "predicate": {
        "custom_model_data": 50010
      },
      "model": "customfishing:d9e60c27-a3c4-4e27-a494-3ade3a0d7028"
    },
    {
      "predicate": {
        "custom_model_data": 50011
      },
      "model": "customfishing:dd7b6269-52f1-4dd1-8e60-d6e140c0ec70"
    },
    {
      "predicate": {
        "custom_model_data": 50012
      },
      "model": "customfishing:7e8ebc6c-200f-417e-b495-43a85181031f"
    },
    {
      "predicate": {
        "custom_model_data": 50013
      },
      "model": "customfishing:e408f3ef-4f83-480d-8afe-b286046473e5"
    },
    {
      "predicate": {
        "custom_model_data": 50014
      },
      "model": "customfishing:1d5c6dea-19c1-45f3-8d79-6591bb1071a2"
    },
    {
      "predicate": {
        "custom_model_data": 50015
      },
      "model": "customfishing:c8d44850-0cee-441c-9b9c-211d6e116ee7"
    },
    {
      "predicate": {
        "custom_model_data": 50016
      },
      "model": "customfishing:4c5998e5-b66c-44aa-9722-568aae993862"
    },
    {
      "predicate": {
        "custom_model_data": 50017
      },
      "model": "customfishing:64075241-864d-43c8-848f-40ebbd882c60"
    },
    {
      "predicate": {
        "custom_model_data": 50018
      },
      "model": "customfishing:0be84580-a067-4e53-96b6-cd00a78e791f"
    },
    {
      "predicate": {
        "custom_model_data": 50019
      },
      "model": "customfishing:b4d3f842-accd-467f-92f3-17d4cca1eab0"
    },
    {
      "predicate": {
        "custom_model_data": 50020
      },
      "model": "customfishing:9295ce99-b9d2-4bbb-b0c6-11d78f36972d"
    },
    {
      "predicate": {
        "custom_model_data": 50021
      },
      "model": "customfishing:f2a02982-6df2-4497-a922-99eaad411d0b"
    },
    {
      "predicate": {
        "custom_model_data": 50022
      },
      "model": "customfishing:5eaf01b1-7709-40a9-b599-5db0c2b6136e"
    },
    {
      "predicate": {
        "custom_model_data": 50023
      },
      "model": "customfishing:4c473643-f1ad-4e18-9264-0671636b54b4"
    },
    {
      "predicate": {
        "custom_model_data": 50024
      },
      "model": "customfishing:78cb35ab-d3d1-4a3a-98c4-a8c693f38adc"
    },
    {
      "predicate": {
        "custom_model_data": 50025
      },
      "model": "customfishing:cf3fdcaa-6efb-4192-83a3-9354b12eff9d"
    },
    {
      "predicate": {
        "custom_model_data": 50026
      },
      "model": "customfishing:c5e963f4-0360-4aaa-96e1-0aed64768eb4"
    },
    {
      "predicate": {
        "custom_model_data": 50027
      },
      "model": "customfishing:0a2e0210-fc90-494d-a13f-015c27716cea"
    },
    {
      "predicate": {
        "custom_model_data": 50028
      },
      "model": "customfishing:e050f86b-24f7-4a38-87d1-7bd0ed193643"
    },
    {
      "predicate": {
        "custom_model_data": 50029
      },
      "model": "customfishing:b8ee16b3-8e72-4e27-bb6d-d5e4f0b60eba"
    },
    {
      "predicate": {
        "custom_model_data": 50030
      },
      "model": "customfishing:905ccb0e-5f49-47b1-a89f-d8d99504bb45"
    },
    {
      "predicate": {
        "custom_model_data": 50031
      },
      "model": "customfishing:0aaa4e48-4895-4559-bb5e-50288638590a"
    },
    {
      "predicate": {
        "custom_model_data": 50032
      },
      "model": "customfishing:1e402725-6ead-47ca-8b17-151fffb1ecb9"
    },
    {
      "predicate": {
        "custom_model_data": 50033
      },
      "model": "customfishing:45569ff9-d4aa-48b0-adc3-09160e59f697"
    },
    {
      "predicate": {
        "custom_model_data": 50034
      },
      "model": "customfishing:423cc3a4-0013-4909-8fde-4c7c5d9c8edf"
    },
    {
      "predicate": {
        "custom_model_data": 50035
      },
      "model": "customfishing:d648d812-5872-4919-b0ea-12d8b7ea0d8e"
    },
    {
      "predicate": {
        "custom_model_data": 50036
      },
      "model": "customfishing:de7586a9-c52d-49d7-aeb4-309d36afca78"
    },
    {
      "predicate": {
        "custom_model_data": 50037
      },
      "model": "customfishing:93895cf4-4a14-4314-9f48-a4657c62de46"
    },
    {
      "predicate": {
        "custom_model_data": 50038
      },
      "model": "customfishing:fc289458-e283-4201-8f9c-341ab572b47e"
    },
    {
      "predicate": {
        "custom_model_data": 50039
      },
      "model": "customfishing:4b58408c-4121-4e4d-83eb-4a3932cfb4ca"
    },
    {
      "predicate": {
        "custom_model_data": 50040
      },
      "model": "customfishing:463fc467-841f-459d-8baf-af4ccb962867"
    },
    {
      "predicate": {
        "custom_model_data": 50041
      },
      "model": "customfishing:57f5ba42-e51f-4b91-b51d-8b6199acf27d"
    },
    {
      "predicate": {
        "custom_model_data": 50042
      },
      "model": "customfishing:93d6a226-d1ca-4e96-a558-1ec09c3b634b"
    },
    {
      "predicate": {
        "custom_model_data": 50043
      },
      "model": "customfishing:a824d19e-b838-431d-a2d6-fc437723fabc"
    },
    {
      "predicate": {
        "custom_model_data": 50044
      },
      "model": "customfishing:063c9e7a-5508-4000-95b5-c1f7d5ffae83"
    },
    {
      "predicate": {
        "custom_model_data": 50045
      },
      "model": "customfishing:457dd073-55f6-4946-84b5-e1fac648a7bc"
    },
    {
      "predicate": {
        "custom_model_data": 50046
      },
      "model": "customfishing:e4366f2a-49a0-4c29-a302-789ec3980e51"
    },
    {
      "predicate": {
        "custom_model_data": 50047
      },
      "model": "customfishing:0f79ee5f-b673-4cd0-91d2-64c37c00b94d"
    },
    {
      "predicate": {
        "custom_model_data": 50048
      },
      "model": "customfishing:8d0d5d4a-8d88-4da8-8bda-8c6b539e7af0"
    },
    {
      "predicate": {
        "custom_model_data": 50100
      },
      "model": "customfishing:f7401599-9de4-47be-84cc-f1f51ae16fb9"
    }
  ]
}