{
  "parent": "item/generated",
  "display": {
    "head": {
      "rotation": [
        0.0,
        90.0,
        -60.0
      ],
      "translation": [
        -7.0,
        -4.0,
        -7.0
      ],
      "scale": [
        0.8,
        0.8,
        0.8
      ]
    }
  },
  "textures": {
    "layer0": "item/cod"
  },
  "overrides": [
    {
      "predicate": {
        "custom_model_data": 50000
      },
      "model": "customfishing:eecb4eff-ed03-43bf-b07a-a84a75f51c2e"
    },
    {
      "predicate": {
        "custom_model_data": 50001
      },
      "model": "customfishing:996c6ef5-5b12-4679-88f8-61bc6e9da78a"
    },
    {
      "predicate": {
        "custom_model_data": 50002
      },
      "model": "customfishing:dd81e565-e22e-4cb2-b67e-ea899493d815"
    },
    {
      "predicate": {
        "custom_model_data": 50003
      },
      "model": "customfishing:2d7f0df8-e005-4b15-8496-071fccda6bd3"
    },
    {
      "predicate": {
        "custom_model_data": 50004
      },
      "model": "customfishing:3a5e463b-b030-4f1c-90a7-3780812905ee"
    },
    {
      "predicate": {
        "custom_model_data": 50005
      },
      "model": "customfishing:21bcd0c0-fc87-4b77-82b1-95fde044a413"
    },
    {
      "predicate": {
        "custom_model_data": 50006
      },
      "model": "customfishing:c2fc8360-8396-4187-9f63-d6cf83970d04"
    },
    {
      "predicate": {
        "custom_model_data": 50007
      },
      "model": "customfishing:58c4064f-17b8-44bc-98fd-4eb4fe22953a"
    },
    {
      "predicate": {
        "custom_model_data": 50008
      },
      "model": "customfishing:c7a6e791-90ee-4bb8-aa0d-09878cba69eb"
    },
    {
      "predicate": {
        "custom_model_data": 50009
      },
      "model": "customfishing:f243a4d8-7272-423f-b6f0-087b483c0e39"
    },
    {
      "predicate": {
        "custom_model_data": 50010
      },
      "model": "customfishing:9f1d9660-a812-430f-b3c0-2d0deea9d744"
    },
    {
      "predicate": {
        "custom_model_data": 50011
      },
      "model": "customfishing:b785f89d-f4b2-44d4-8ef3-5be034ccb565"
    },
    {
      "predicate": {
        "custom_model_data": 50012
      },
      "model": "customfishing:529e7cb1-1003-4a1b-a19e-5606f83b0d0a"
    },
    {
      "predicate": {
        "custom_model_data": 50013
      },
      "model": "customfishing:af0553fc-28b4-4779-9517-4b203433f61a"
    },
    {
      "predicate": {
        "custom_model_data": 50014
      },
      "model": "customfishing:b7a84bb1-683c-46d4-a72e-716409d3254d"
    },
    {
      "predicate": {
        "custom_model_data": 50015
      },
      "model": "customfishing:6727dd0e-0818-4be8-94df-90ca77bea007"
    },
    {
      "predicate": {
        "custom_model_data": 50016
      },
      "model": "customfishing:9f601486-8284-4025-89e4-102728c83c6d"
    },
    {
      "predicate": {
        "custom_model_data": 50017
      },
      "model": "customfishing:dfb6aa67-46b7-451e-b8e9-ada277621760"
    },
    {
      "predicate": {
        "custom_model_data": 50018
      },
      "model": "customfishing:f4407487-f7cf-4310-ab69-b2df39e7a058"
    },
    {
      "predicate": {
        "custom_model_data": 50019
      },
      "model": "customfishing:f6f796ca-488d-4bdf-a8ae-2afd06716948"
    },
    {
      "predicate": {
        "custom_model_data": 50020
      },
      "model": "customfishing:3888ef02-ff06-49a5-bbd8-9469e908c091"
    },
    {
      "predicate": {
        "custom_model_data": 50021
      },
      "model": "customfishing:b57bf7d1-6748-41bc-b846-673cb7317668"
    },
    {
      "predicate": {
        "custom_model_data": 50022
      },
      "model": "customfishing:68e08fed-af68-41c5-95b6-779af8a51138"
    },
    {
      "predicate": {
        "custom_model_data": 50023
      },
      "model": "customfishing:21ca499e-947a-4db7-ba89-0e1ca1a4f0a0"
    },
    {
      "predicate": {
        "custom_model_data": 50024
      },
      "model": "customfishing:6d2e6747-5156-4898-996c-2566f070aaf6"
    },
    {
      "predicate": {
        "custom_model_data": 50025
      },
      "model": "customfishing:7463b413-b7cc-4a37-9a1f-56f26c58c1bb"
    },
    {
      "predicate": {
        "custom_model_data": 50026
      },
      "model": "customfishing:f5b11c43-39ab-4965-8c85-55de2bdf2f03"
    },
    {
      "predicate": {
        "custom_model_data": 50027
      },
      "model": "customfishing:0d55141d-03b6-4560-b00d-9ded55e3cfac"
    },
    {
      "predicate": {
        "custom_model_data": 50028
      },
      "model": "customfishing:037d0ad1-c18a-4a90-af54-3f0398574f37"
    },
    {
      "predicate": {
        "custom_model_data": 50029
      },
      "model": "customfishing:0e3d28fc-f134-4552-941b-b8f73aaaef91"
    },
    {
      "predicate": {
        "custom_model_data": 50030
      },
      "model": "customfishing:01229c3d-f477-4eed-8922-ce0e5386f71d"
    },
    {
      "predicate": {
        "custom_model_data": 50031
      },
      "model": "customfishing:daffea8c-595d-4b12-85c9-e11174b74b15"
    },
    {
      "predicate": {
        "custom_model_data": 50032
      },
      "model": "customfishing:0e1b978a-5935-46c6-aa02-d4118d9c25e1"
    },
    {
      "predicate": {
        "custom_model_data": 50033
      },
      "model": "customfishing:12d28cb3-9fee-44d6-b5f9-8852270c4a11"
    },
    {
      "predicate": {
        "custom_model_data": 50034
      },
      "model": "customfishing:569f9ae4-e843-4c8e-8755-6edad50ee4c8"
    },
    {
      "predicate": {
        "custom_model_data": 50035
      },
      "model": "customfishing:41f49835-f47b-473f-abab-e640e98fdf49"
    },
    {
      "predicate": {
        "custom_model_data": 50036
      },
      "model": "customfishing:00024ea1-cb7c-46c6-8bbd-944e93ace907"
    },
    {
      "predicate": {
        "custom_model_data": 50037
      },
      "model": "customfishing:a374c8c7-ce7f-4114-904c-03158770a1f4"
    },
    {
      "predicate": {
        "custom_model_data": 50038
      },
      "model": "customfishing:42f12c9f-1e15-46ea-b9be-2e8dc5d5294c"
    },
    {
      "predicate": {
        "custom_model_data": 50039
      },
      "model": "customfishing:8f723078-affc-44aa-a90a-08f5279da808"
    },
    {
      "predicate": {
        "custom_model_data": 50040
      },
      "model": "customfishing:0358cf67-b660-4fdf-bcd5-a4865bfe1047"
    },
    {
      "predicate": {
        "custom_model_data": 50041
      },
      "model": "customfishing:e73410f0-5d60-424b-ba67-81b3c5fafaf1"
    },
    {
      "predicate": {
        "custom_model_data": 50042
      },
      "model": "customfishing:706d7f64-4c88-48ee-a390-1b46753d753f"
    },
    {
      "predicate": {
        "custom_model_data": 50043
      },
      "model": "customfishing:56b35d18-f680-434e-aa19-ba8f7e2bc692"
    },
    {
      "predicate": {
        "custom_model_data": 50044
      },
      "model": "customfishing:68218dac-308b-4aaa-bd03-2a9be7a796df"
    },
    {
      "predicate": {
        "custom_model_data": 50045
      },
      "model": "customfishing:dc7fe4e0-db6e-4dc6-a7a7-be467cf3cb91"
    },
    {
      "predicate": {
        "custom_model_data": 50046
      },
      "model": "customfishing:7554571c-ed5e-4835-be2a-8856bfd4a933"
    },
    {
      "predicate": {
        "custom_model_data": 50047
      },
      "model": "customfishing:f6d5929d-9adb-48cb-95a7-92b1d2ee3e52"
    },
    {
      "predicate": {
        "custom_model_data": 50048
      },
      "model": "customfishing:0e3f01e8-3421-4b83-8fe0-5066e8af1c33"
    },
    {
      "predicate": {
        "custom_model_data": 50100
      },
      "model": "customfishing:36555066-62ed-477e-9ca4-432ed262ff90"
    }
  ]
}