{
  "parent": "item/generated",
  "display": {
    "head": {
      "rotation": [
        0.0,
        90.0,
        -60.0
      ],
      "translation": [
        -7.0,
        -4.0,
        -7.0
      ],
      "scale": [
        0.8,
        0.8,
        0.8
      ]
    }
  },
  "textures": {
    "layer0": "item/cod"
  },
  "overrides": [
    {
      "predicate": {
        "custom_model_data": 50000
      },
      "model": "customfishing:77946392-85cb-46fd-99f6-4f9caa948338"
    },
    {
      "predicate": {
        "custom_model_data": 50001
      },
      "model": "customfishing:14d9caa4-ae20-4a04-9bd4-757580fceb75"
    },
    {
      "predicate": {
        "custom_model_data": 50002
      },
      "model": "customfishing:bb2f9985-c046-46ba-99cf-7737738a2479"
    },
    {
      "predicate": {
        "custom_model_data": 50003
      },
      "model": "customfishing:c7a1aae7-ca79-4869-ac52-a1d9c2961182"
    },
    {
      "predicate": {
        "custom_model_data": 50004
      },
      "model": "customfishing:1c7a0795-7458-4fbb-a6e0-fd0745c62c55"
    },
    {
      "predicate": {
        "custom_model_data": 50005
      },
      "model": "customfishing:5c98ddfa-6c86-481c-a38b-03c196e11cb8"
    },
    {
      "predicate": {
        "custom_model_data": 50006
      },
      "model": "customfishing:48f6f16a-88bd-4611-a181-0f7c3f00f96d"
    },
    {
      "predicate": {
        "custom_model_data": 50007
      },
      "model": "customfishing:eadb9b0b-5d0d-488e-bab4-f1ba1cf0aafe"
    },
    {
      "predicate": {
        "custom_model_data": 50008
      },
      "model": "customfishing:5e40154e-4e0e-4caf-93aa-074db84d4d4e"
    },
    {
      "predicate": {
        "custom_model_data": 50009
      },
      "model": "customfishing:eece61d3-abe1-414d-b126-45657b9f9649"
    },
    {
      "predicate": {
        "custom_model_data": 50010
      },
      "model": "customfishing:d852f1c6-ba2d-474f-95f4-047b999eee58"
    },
    {
      "predicate": {
        "custom_model_data": 50011
      },
      "model": "customfishing:2fa9a39a-9fbc-4ae1-8e36-c2707d686508"
    },
    {
      "predicate": {
        "custom_model_data": 50012
      },
      "model": "customfishing:4166befc-647b-4453-8647-d1e29ab2ba20"
    },
    {
      "predicate": {
        "custom_model_data": 50013
      },
      "model": "customfishing:597aeb25-3d49-41f0-8d8f-bf7ff77c305d"
    },
    {
      "predicate": {
        "custom_model_data": 50014
      },
      "model": "customfishing:7d729f0c-b13a-49ae-909a-62dcf8880254"
    },
    {
      "predicate": {
        "custom_model_data": 50015
      },
      "model": "customfishing:5f44dd4e-e505-46e4-9746-520852ef7d96"
    },
    {
      "predicate": {
        "custom_model_data": 50016
      },
      "model": "customfishing:8c0c6918-1e21-4df8-af2d-37a2d526f17c"
    },
    {
      "predicate": {
        "custom_model_data": 50017
      },
      "model": "customfishing:4d900410-1b4a-4011-9e68-fedd10bbc61d"
    },
    {
      "predicate": {
        "custom_model_data": 50018
      },
      "model": "customfishing:a6f27efa-8099-476f-b8ec-84bce9831a70"
    },
    {
      "predicate": {
        "custom_model_data": 50019
      },
      "model": "customfishing:cbad0e88-2ac9-4514-80dc-9a2667912eb4"
    },
    {
      "predicate": {
        "custom_model_data": 50020
      },
      "model": "customfishing:171b0b25-4568-443b-9639-452a3dc60167"
    },
    {
      "predicate": {
        "custom_model_data": 50021
      },
      "model": "customfishing:45d4f949-a3b4-448d-b5a9-65004c35c974"
    },
    {
      "predicate": {
        "custom_model_data": 50022
      },
      "model": "customfishing:6268c3ac-55d5-43d2-90ed-8e6c9c460554"
    },
    {
      "predicate": {
        "custom_model_data": 50023
      },
      "model": "customfishing:3bc96265-2153-4e13-98cc-0bbd22dc5b76"
    },
    {
      "predicate": {
        "custom_model_data": 50024
      },
      "model": "customfishing:49722fd7-111d-4a45-a42d-e40145b262b8"
    },
    {
      "predicate": {
        "custom_model_data": 50025
      },
      "model": "customfishing:721d4f6b-d62f-486d-91c4-6bec8876a919"
    },
    {
      "predicate": {
        "custom_model_data": 50026
      },
      "model": "customfishing:6ecfd1e0-bfd3-4339-8c49-adf6d5978a49"
    },
    {
      "predicate": {
        "custom_model_data": 50027
      },
      "model": "customfishing:4846cf6a-f512-44c9-996d-58f0c9a46c82"
    },
    {
      "predicate": {
        "custom_model_data": 50028
      },
      "model": "customfishing:bdccc2c2-fd58-4724-a1e7-02171b909570"
    },
    {
      "predicate": {
        "custom_model_data": 50029
      },
      "model": "customfishing:590aa94e-4f9d-4e1c-9cee-1e854870f262"
    },
    {
      "predicate": {
        "custom_model_data": 50030
      },
      "model": "customfishing:24b64193-02ae-4c73-9c5e-879a78ba456d"
    },
    {
      "predicate": {
        "custom_model_data": 50031
      },
      "model": "customfishing:55b5e393-c1ef-47cc-8281-db8e4780f732"
    },
    {
      "predicate": {
        "custom_model_data": 50032
      },
      "model": "customfishing:88d2179c-5b88-404b-96d7-a1fa522646ed"
    },
    {
      "predicate": {
        "custom_model_data": 50033
      },
      "model": "customfishing:f68a51bf-3397-4d30-97f2-dd30e6e5670d"
    },
    {
      "predicate": {
        "custom_model_data": 50034
      },
      "model": "customfishing:7c6073cf-faf8-4256-b38c-a859edd0994e"
    },
    {
      "predicate": {
        "custom_model_data": 50035
      },
      "model": "customfishing:c05eacb1-33ec-476f-bf66-a0de2a63f2c4"
    },
    {
      "predicate": {
        "custom_model_data": 50036
      },
      "model": "customfishing:dd70de7b-adf9-47ec-8650-af190ac50231"
    },
    {
      "predicate": {
        "custom_model_data": 50037
      },
      "model": "customfishing:9b8042b4-ca9f-4ce6-9da1-3fede2755165"
    },
    {
      "predicate": {
        "custom_model_data": 50038
      },
      "model": "customfishing:c3555bf8-cd6d-48bc-89c1-172fe60493c2"
    },
    {
      "predicate": {
        "custom_model_data": 50039
      },
      "model": "customfishing:6a15bffb-4b10-46b6-9d7b-9c63117cf5ed"
    },
    {
      "predicate": {
        "custom_model_data": 50040
      },
      "model": "customfishing:c780117b-c6af-489c-81ca-624550a877e0"
    },
    {
      "predicate": {
        "custom_model_data": 50041
      },
      "model": "customfishing:dd0595c0-738d-4b2e-88b2-04392ef59590"
    },
    {
      "predicate": {
        "custom_model_data": 50042
      },
      "model": "customfishing:e42aeb2c-031b-40f2-b342-9c5f67ec2fa1"
    },
    {
      "predicate": {
        "custom_model_data": 50043
      },
      "model": "customfishing:d9742979-40c0-4487-95c3-2cc5aaa697ed"
    },
    {
      "predicate": {
        "custom_model_data": 50044
      },
      "model": "customfishing:eb980b29-00b0-4e76-816e-80408d7684b4"
    },
    {
      "predicate": {
        "custom_model_data": 50045
      },
      "model": "customfishing:90145dfa-c3f1-49e2-a7d3-7865bba061be"
    },
    {
      "predicate": {
        "custom_model_data": 50046
      },
      "model": "customfishing:4a80e14c-8cba-4f11-bad5-5d1866ce3fe9"
    },
    {
      "predicate": {
        "custom_model_data": 50047
      },
      "model": "customfishing:6b2d3f07-358e-499b-af55-a4d2a725e9d4"
    },
    {
      "predicate": {
        "custom_model_data": 50048
      },
      "model": "customfishing:8e5c9dd1-22c0-4077-bc45-7e8c5dd00b6f"
    },
    {
      "predicate": {
        "custom_model_data": 50100
      },
      "model": "customfishing:c63e9887-136c-4f94-8058-32025eb0a165"
    }
  ]
}