{"parent":"item/generated","display":{"head":{"rotation":[0.0,90.0,-60.0],"translation":[-7.0,-4.0,-7.0],"scale":[0.8,0.8,0.8]}},"textures":{"layer0":"item/cod"},"overrides":[{"predicate":{"custom_model_data":50000},"model":"customfishing:5e865eef-4c13-408a-9d51-2ce0c9490e04"},{"predicate":{"custom_model_data":50001},"model":"customfishing:34db04e0-6182-45aa-be2d-0d39274c6461"},{"predicate":{"custom_model_data":50002},"model":"customfishing:2ae697a3-f01c-4a23-8d49-9b1f0d3b5b2c"},{"predicate":{"custom_model_data":50003},"model":"customfishing:ced2cdec-ac1b-4e8b-9f55-98225cced52b"},{"predicate":{"custom_model_data":50004},"model":"customfishing:da85793b-d87c-4e6b-8958-47b6201e7152"},{"predicate":{"custom_model_data":50005},"model":"customfishing:7b0f8335-dcea-423c-93bb-1e8c9dc085f7"},{"predicate":{"custom_model_data":50006},"model":"customfishing:ca1542d7-b05e-48d6-9e3c-e4e950e141a1"},{"predicate":{"custom_model_data":50007},"model":"customfishing:0982cb0a-b96f-409f-9e29-6209db18d759"},{"predicate":{"custom_model_data":50008},"model":"customfishing:5cab5f06-6cc3-474f-b290-223b3b70b7ef"},{"predicate":{"custom_model_data":50009},"model":"customfishing:055346f0-5cfc-430d-a370-9a56a65e0d2a"},{"predicate":{"custom_model_data":50010},"model":"customfishing:2d98d85f-2980-446e-93ef-1413ee72710b"},{"predicate":{"custom_model_data":50011},"model":"customfishing:e58b9d62-880e-47c2-a8a6-285f33a2898f"},{"predicate":{"custom_model_data":50012},"model":"customfishing:902d7d32-3c65-4e50-b9c7-5ff9b7c41442"},{"predicate":{"custom_model_data":50013},"model":"customfishing:270d0138-661c-45a8-b69d-a065b0ea9086"},{"predicate":{"custom_model_data":50014},"model":"customfishing:107a8c92-0fed-418f-a10a-74918bc67d8a"},{"predicate":{"custom_model_data":50015},"model":"customfishing:374b6e40-b1c1-4ab5-9136-55a77dd1a38b"},{"predicate":{"custom_model_data":50016},"model":"customfishing:7c99b3b5-393a-4ec2-9f37-b7aeb3e16cca"},{"predicate":{"custom_model_data":50017},"model":"customfishing:92971ba2-7241-4e8f-9f3b-5b5291956455"},{"predicate":{"custom_model_data":50018},"model":"customfishing:66ee38b4-8486-447b-bc1e-691d213858ae"},{"predicate":{"custom_model_data":50019},"model":"customfishing:2a7d732a-38a6-4a3b-a1f6-1d208f4d69ac"},{"predicate":{"custom_model_data":50020},"model":"customfishing:3663d780-5fd9-45e0-905c-1fce86ce07bd"},{"predicate":{"custom_model_data":50021},"model":"customfishing:c1622a83-4578-43c9-8a22-caf0b1e97537"},{"predicate":{"custom_model_data":50022},"model":"customfishing:037c2999-ee02-42c9-bf0f-d6468f44d344"},{"predicate":{"custom_model_data":50023},"model":"customfishing:8ce559b9-9077-4c95-9c70-bab7f01d8adc"},{"predicate":{"custom_model_data":50024},"model":"customfishing:ac694d05-081e-4826-8cf3-3f31880d3efd"},{"predicate":{"custom_model_data":50025},"model":"customfishing:0e6ed05d-18f6-4727-aac3-716df6d97341"},{"predicate":{"custom_model_data":50026},"model":"customfishing:b19e964f-f56f-4fa8-8a72-7d1a1172854c"},{"predicate":{"custom_model_data":50027},"model":"customfishing:4ed3981b-1bfb-4063-b1d1-512ac76c8aa6"},{"predicate":{"custom_model_data":50028},"model":"customfishing:5aefabe4-d5e9-42d7-aaae-93cac31c449d"},{"predicate":{"custom_model_data":50029},"model":"customfishing:b565d01b-0767-4dd5-b60d-739ddf0b62e9"},{"predicate":{"custom_model_data":50030},"model":"customfishing:07a81bba-0fa9-4a82-a706-8934384fcba0"},{"predicate":{"custom_model_data":50031},"model":"customfishing:8bb938ec-f2f6-482a-a7fe-021b1599e327"},{"predicate":{"custom_model_data":50032},"model":"customfishing:4518c942-e97b-43fa-b4b9-5851e46086b3"},{"predicate":{"custom_model_data":50033},"model":"customfishing:8e6e4d86-532e-4a50-8316-609a3a7346eb"},{"predicate":{"custom_model_data":50034},"model":"customfishing:6548bc1c-74d7-4897-85d7-81d52eb641fe"},{"predicate":{"custom_model_data":50035},"model":"customfishing:b3efcbf3-3f1e-42e3-8af3-2b17def417b5"},{"predicate":{"custom_model_data":50036},"model":"customfishing:c67e1f82-0017-4368-8de3-1751af0a5b45"},{"predicate":{"custom_model_data":50037},"model":"customfishing:ae8618e4-de32-44d4-9039-4929f0eb7857"},{"predicate":{"custom_model_data":50038},"model":"customfishing:962ad01b-ef33-45f5-b972-6b6101b1b66c"},{"predicate":{"custom_model_data":50039},"model":"customfishing:866538a5-5d7d-4bf9-82c9-04590f6d07ca"},{"predicate":{"custom_model_data":50040},"model":"customfishing:e8362456-73f5-47c2-85f9-32f9cc92c32b"},{"predicate":{"custom_model_data":50041},"model":"customfishing:ff3252c3-445c-4a41-a22e-b62c88428431"},{"predicate":{"custom_model_data":50042},"model":"customfishing:bd0bc000-42a5-44ce-b2ee-01c95606b542"},{"predicate":{"custom_model_data":50043},"model":"customfishing:4c91df55-6193-441a-af90-990077312ab8"},{"predicate":{"custom_model_data":50044},"model":"customfishing:f91035ea-0104-4033-9f52-e96049955396"},{"predicate":{"custom_model_data":50045},"model":"customfishing:48690a20-64b4-4c6c-9696-a042e0acd4a7"},{"predicate":{"custom_model_data":50046},"model":"customfishing:1d6c2677-4fe3-4f6c-b13d-923eb326e710"},{"predicate":{"custom_model_data":50047},"model":"customfishing:f81cc5dd-5c29-465f-a69b-e04631734b18"},{"predicate":{"custom_model_data":50048},"model":"customfishing:e12d5942-ccb3-46f9-96a3-37842ab793ca"},{"predicate":{"custom_model_data":50100},"model":"customfishing:b4962d07-4beb-4019-8a03-4f5c7c433f51"}]}