{"parent":"item/generated","display":{"head":{"rotation":[0.0,90.0,-60.0],"translation":[-7.0,-4.0,-7.0],"scale":[0.8,0.8,0.8]}},"textures":{"layer0":"item/cod"},"overrides":[{"predicate":{"custom_model_data":50000},"model":"customfishing:3962bba7-f119-406b-ab6f-9bfaa272920e"},{"predicate":{"custom_model_data":50001},"model":"customfishing:e2d8df9c-1a00-4f84-8d8d-dee98bfd1153"},{"predicate":{"custom_model_data":50002},"model":"customfishing:7c8b0fe8-f799-4505-98f6-2c9b613e7d98"},{"predicate":{"custom_model_data":50003},"model":"customfishing:28633905-62a9-47e2-b3e7-1d31fb7c1aa2"},{"predicate":{"custom_model_data":50004},"model":"customfishing:4b364a4c-0ff9-4261-9c32-9085eb64d186"},{"predicate":{"custom_model_data":50005},"model":"customfishing:38dea373-1d0a-4604-86f7-fca57771468f"},{"predicate":{"custom_model_data":50006},"model":"customfishing:54c0a1b0-8a22-4dca-8f06-99d23f328c57"},{"predicate":{"custom_model_data":50007},"model":"customfishing:756be0af-ffa0-4eb8-9f4f-9d91f11ff168"},{"predicate":{"custom_model_data":50008},"model":"customfishing:ce89eb03-2c7c-43c8-a269-9763f0fdc1c0"},{"predicate":{"custom_model_data":50009},"model":"customfishing:35e29c5e-fce3-4d42-83cf-32e2638feb4a"},{"predicate":{"custom_model_data":50010},"model":"customfishing:b831c9ce-32d9-4ef8-859c-93bab75fb0e6"},{"predicate":{"custom_model_data":50011},"model":"customfishing:9f92a6a1-ad06-4d4c-af05-4f36e2621105"},{"predicate":{"custom_model_data":50012},"model":"customfishing:6260dfb8-d569-4edc-90e4-81d5cc752848"},{"predicate":{"custom_model_data":50013},"model":"customfishing:956c36fa-c7fb-44c9-809c-376882e73609"},{"predicate":{"custom_model_data":50014},"model":"customfishing:347f528f-6deb-490f-86eb-62600e3dc49c"},{"predicate":{"custom_model_data":50015},"model":"customfishing:0c2c35e6-1a20-42af-b500-fe96b21b0a13"},{"predicate":{"custom_model_data":50016},"model":"customfishing:dc7e60e9-42fd-4422-a6f0-1185fd05880d"},{"predicate":{"custom_model_data":50017},"model":"customfishing:9c560696-7eab-43b6-9674-b5c00fabcea3"},{"predicate":{"custom_model_data":50018},"model":"customfishing:cf0edb34-b671-4397-bf14-a786c2101ecd"},{"predicate":{"custom_model_data":50019},"model":"customfishing:5c5b0cee-b380-4a9f-a4e4-f09b35c173da"},{"predicate":{"custom_model_data":50020},"model":"customfishing:a70640fc-e88c-4f4d-bb78-4a88b307524e"},{"predicate":{"custom_model_data":50021},"model":"customfishing:5076a646-33e2-4a0a-b6e6-738d94bb96f6"},{"predicate":{"custom_model_data":50022},"model":"customfishing:50ef4528-a1b3-4bef-a651-5962915f7ac5"},{"predicate":{"custom_model_data":50023},"model":"customfishing:de235b69-72f5-4af4-bde2-25506501c06a"},{"predicate":{"custom_model_data":50024},"model":"customfishing:6accceeb-8c8d-4094-8171-3cfaa3597535"},{"predicate":{"custom_model_data":50025},"model":"customfishing:a9533c71-7e28-458f-a467-64605618cc6e"},{"predicate":{"custom_model_data":50026},"model":"customfishing:a5a32cc9-d1d2-4144-a3c3-260c1ab4bb45"},{"predicate":{"custom_model_data":50027},"model":"customfishing:2c7463d3-efc7-48a7-9f2c-bc5f80d05402"},{"predicate":{"custom_model_data":50028},"model":"customfishing:f7f064a2-86bc-43ed-94c8-e9741af94c32"},{"predicate":{"custom_model_data":50029},"model":"customfishing:6ca020da-987e-4c7d-ac2e-e4da3fe1aaf5"},{"predicate":{"custom_model_data":50030},"model":"customfishing:0c0c7de1-dd19-4b0b-9518-312721bb1a7e"},{"predicate":{"custom_model_data":50031},"model":"customfishing:26dd9bdb-1885-4a5a-a7f8-b0d765b9ecea"},{"predicate":{"custom_model_data":50032},"model":"customfishing:0d4efe83-1b40-496f-ac0e-4977d6d66198"},{"predicate":{"custom_model_data":50033},"model":"customfishing:f4979d86-2391-408e-a581-22aeb48f2799"},{"predicate":{"custom_model_data":50034},"model":"customfishing:492ac915-ffd2-4aab-88d0-163489571242"},{"predicate":{"custom_model_data":50035},"model":"customfishing:201e5f34-3e55-409d-959f-07d49d92472d"},{"predicate":{"custom_model_data":50036},"model":"customfishing:b5bcf134-f3bd-4969-bef2-ba49271c457c"},{"predicate":{"custom_model_data":50037},"model":"customfishing:b795aff9-bad3-44bd-a4ef-8fb4e6eea6d5"},{"predicate":{"custom_model_data":50038},"model":"customfishing:398e19d3-927e-481f-8b52-6bc9f66dbe9c"},{"predicate":{"custom_model_data":50039},"model":"customfishing:8bd96dc6-6eba-4e64-b930-d297ef1fdef9"},{"predicate":{"custom_model_data":50040},"model":"customfishing:2a77115b-f6d5-48ae-ae0d-90aa92fb91c8"},{"predicate":{"custom_model_data":50041},"model":"customfishing:9c7e5732-376d-4057-b350-1ea7e3f35e6c"},{"predicate":{"custom_model_data":50042},"model":"customfishing:821d5d58-aea9-4fbb-baf1-a4d4475ba978"},{"predicate":{"custom_model_data":50043},"model":"customfishing:2d0ae4dc-2c0e-4786-80e9-8373bc4eb946"},{"predicate":{"custom_model_data":50044},"model":"customfishing:dcf3ff99-f024-455b-8c88-135b11abaa61"},{"predicate":{"custom_model_data":50045},"model":"customfishing:6f73d788-a80b-452b-991e-bd5f17ec3aa5"},{"predicate":{"custom_model_data":50046},"model":"customfishing:2be39ca1-f8c6-4779-abda-b2b0f4fce0bd"},{"predicate":{"custom_model_data":50047},"model":"customfishing:b0677121-1239-4c27-9ee7-a75bd9a8dd83"},{"predicate":{"custom_model_data":50048},"model":"customfishing:e0db38c9-3e70-43e4-a240-8c9f5e728d90"},{"predicate":{"custom_model_data":50100},"model":"customfishing:ca91907c-bb3d-4880-afe4-e4c56fa63824"}]}