{"parent":"item/generated","display":{"head":{"rotation":[0.0,90.0,-60.0],"translation":[-7.0,-4.0,-7.0],"scale":[0.8,0.8,0.8]}},"textures":{"layer0":"item/cod"},"overrides":[{"predicate":{"custom_model_data":50000},"model":"customfishing:227c1101-2ba4-469f-bd91-4f13a9b28bae"},{"predicate":{"custom_model_data":50001},"model":"customfishing:6ab5e2dc-d027-47e1-9580-524729ca303e"},{"predicate":{"custom_model_data":50002},"model":"customfishing:f2b6b817-f9fc-44e8-8547-cfbf0acd5b4e"},{"predicate":{"custom_model_data":50003},"model":"customfishing:3d2b076a-a1b0-4e89-8bef-4cf6332d038a"},{"predicate":{"custom_model_data":50004},"model":"customfishing:ff6db22a-ad8a-4479-bb1b-d53fc78648b6"},{"predicate":{"custom_model_data":50005},"model":"customfishing:d0f73f9c-535f-43be-9179-e495cb12a274"},{"predicate":{"custom_model_data":50006},"model":"customfishing:e18cfa3a-8c6f-4d0f-8ea3-d22a2f6e5e38"},{"predicate":{"custom_model_data":50007},"model":"customfishing:c34da956-997f-489d-a3f4-4ae2a9783df8"},{"predicate":{"custom_model_data":50008},"model":"customfishing:aa459808-a678-4d45-bf85-0032345ac782"},{"predicate":{"custom_model_data":50009},"model":"customfishing:67e75a69-87fc-4807-80b2-1967744f9205"},{"predicate":{"custom_model_data":50010},"model":"customfishing:060b1d47-a3d4-4394-987b-5c608a09ff5f"},{"predicate":{"custom_model_data":50011},"model":"customfishing:101776ae-820c-4790-b16b-baa97bc68457"},{"predicate":{"custom_model_data":50012},"model":"customfishing:3cb5d4e1-ce98-402f-8b2d-335ac2ad48bd"},{"predicate":{"custom_model_data":50013},"model":"customfishing:a0135cc6-fa51-42cc-b01c-87bb36e7913d"},{"predicate":{"custom_model_data":50014},"model":"customfishing:286207b5-8ed8-436d-92d5-f4e397bd1fb8"},{"predicate":{"custom_model_data":50015},"model":"customfishing:70ebbdbb-3b22-488d-97f9-137c82c3fc14"},{"predicate":{"custom_model_data":50016},"model":"customfishing:cf80ab4c-69b9-49eb-8bcd-abf0c0842053"},{"predicate":{"custom_model_data":50017},"model":"customfishing:1629d6b2-ba02-479a-9ade-8af3b60f8760"},{"predicate":{"custom_model_data":50018},"model":"customfishing:1867529e-d054-4124-9f24-fab21635288b"},{"predicate":{"custom_model_data":50019},"model":"customfishing:eb11c522-532b-4469-ae1f-6e55b63bb604"},{"predicate":{"custom_model_data":50020},"model":"customfishing:1159a98d-76b3-4269-851d-ea323e581072"},{"predicate":{"custom_model_data":50021},"model":"customfishing:9a6ed562-42ed-429c-b428-a0dfcf132dc8"},{"predicate":{"custom_model_data":50022},"model":"customfishing:19287739-9d0e-4ed5-93f8-5b6615e918f4"},{"predicate":{"custom_model_data":50023},"model":"customfishing:7f952af2-93b6-4cfb-b930-c26aaf7b20b8"},{"predicate":{"custom_model_data":50024},"model":"customfishing:1c417316-aba4-440f-b73f-cbf9d0e73294"},{"predicate":{"custom_model_data":50025},"model":"customfishing:547dd4f9-60c5-4aff-aab6-0dec868464f5"},{"predicate":{"custom_model_data":50026},"model":"customfishing:411c5437-5118-4ef7-93d3-7c5a36d05c11"},{"predicate":{"custom_model_data":50027},"model":"customfishing:56206b6e-75ef-423c-9913-cdd1ca7ed278"},{"predicate":{"custom_model_data":50028},"model":"customfishing:af68f8c2-60dc-4faa-a09e-32da9fa59eda"},{"predicate":{"custom_model_data":50029},"model":"customfishing:61a90f52-b520-45f6-a2a0-cd730c4d2bcd"},{"predicate":{"custom_model_data":50030},"model":"customfishing:a29ecec6-2bf9-4e54-ad57-7498c8a5d59f"},{"predicate":{"custom_model_data":50031},"model":"customfishing:932e5479-12e8-4b46-b495-4a601f3dba0f"},{"predicate":{"custom_model_data":50032},"model":"customfishing:d8aec1ba-6128-4ad2-82d3-2b5d2491bf66"},{"predicate":{"custom_model_data":50033},"model":"customfishing:59066f3f-b75d-49b0-833b-3c1eab3e3de0"},{"predicate":{"custom_model_data":50034},"model":"customfishing:48d53757-3bda-4a8e-9db5-ffc4b43984bd"},{"predicate":{"custom_model_data":50035},"model":"customfishing:c6286124-3059-4016-8836-255cd1460d6c"},{"predicate":{"custom_model_data":50036},"model":"customfishing:8b4c4e98-df52-4afa-a7fd-70e718a1d598"},{"predicate":{"custom_model_data":50037},"model":"customfishing:13b1828b-b145-4896-8e23-6a3522ae3a03"},{"predicate":{"custom_model_data":50038},"model":"customfishing:1909b497-0313-47b8-9910-df24af950b39"},{"predicate":{"custom_model_data":50039},"model":"customfishing:24c470a8-070d-4ad3-be41-608ac7a038d8"},{"predicate":{"custom_model_data":50040},"model":"customfishing:e8aae19b-78c9-4490-b7e6-a1229c9b3f58"},{"predicate":{"custom_model_data":50041},"model":"customfishing:ead7c6e7-2646-457d-816f-62fc8dec7a07"},{"predicate":{"custom_model_data":50042},"model":"customfishing:9583c022-4077-4a04-a228-439d44ac0b1b"},{"predicate":{"custom_model_data":50043},"model":"customfishing:27b58910-dd7e-454d-8eb2-e2f72ba4c42c"},{"predicate":{"custom_model_data":50044},"model":"customfishing:54fe5797-b2bf-48d4-997d-3efc15fb85be"},{"predicate":{"custom_model_data":50045},"model":"customfishing:c6ebe1b0-e23c-4136-89d4-c7c6f5805b7a"},{"predicate":{"custom_model_data":50046},"model":"customfishing:b5961653-99c6-4504-8996-cf31d4fed862"},{"predicate":{"custom_model_data":50047},"model":"customfishing:e0780a8e-cdde-4b12-95e3-4fad896e5d7f"},{"predicate":{"custom_model_data":50048},"model":"customfishing:2e32d127-dfbc-45b2-9e1c-9667bb50b961"},{"predicate":{"custom_model_data":50100},"model":"customfishing:ec1dbd6e-2a93-4f09-adce-f9c68038067a"}]}