{"parent":"item/handheld","textures":{"layer0":"item/diamond_hoe"},"overrides":[{"predicate":{"custom_model_data":1},"model":"65c7ead4-4138-4ab6-aa82-00e3e050e57a"},{"predicate":{"custom_model_data":2},"model":"a4e80b4e-9f36-48d7-8181-40f1375f349d"},{"predicate":{"custom_model_data":3},"model":"e19ccd66-ed50-412c-a82b-89ed45a0da98"},{"predicate":{"custom_model_data":4},"model":"348dcf50-c5d9-4605-abf1-5f889ab537f5"},{"predicate":{"custom_model_data":5},"model":"86b81cf1-f51e-4c2d-901b-ae76f156a284"},{"predicate":{"custom_model_data":6},"model":"14f36772-a31e-4488-90e2-89b0b8264478"},{"predicate":{"custom_model_data":7},"model":"e404a04b-69a3-4ac9-9ede-8d8ef65de6d0"},{"predicate":{"custom_model_data":8},"model":"8dddf6cb-5b51-4fbc-9589-3f47ef59418f"},{"predicate":{"custom_model_data":9},"model":"c4ed4df7-07f2-4a47-875a-a3d5dc199f1d"},{"predicate":{"custom_model_data":10},"model":"b16933a2-e8e7-4ad5-b828-687b2ee9ad3b"},{"predicate":{"custom_model_data":11},"model":"8c6bf8ab-5022-469c-9105-e0236e98009b"},{"predicate":{"custom_model_data":12},"model":"e4c0769d-87e4-402a-a317-a7bfe8ec31b3"},{"predicate":{"custom_model_data":13},"model":"92c2799f-92f0-45a6-89fc-9e2614184766"},{"predicate":{"custom_model_data":14},"model":"b23a0e40-cef8-4e48-9f7b-7a2cd19f1e82"},{"predicate":{"custom_model_data":15},"model":"286e0603-ff9f-4c3f-946a-200e40c862f3"}]}