{
  "parent": "item/handheld",
  "textures": {
    "layer0": "item/diamond_hoe"
  },
  "overrides": [
    {
      "predicate": {
        "custom_model_data": 1
      },
      "model": "dab7ff83-b18f-4373-95d9-234fcee720d5"
    },
    {
      "predicate": {
        "custom_model_data": 2
      },
      "model": "60c2ccc0-2bfd-4d9a-bf2b-9261220f307a"
    },
    {
      "predicate": {
        "custom_model_data": 3
      },
      "model": "808972a1-e50e-4742-927b-5a6d2b754fcf"
    },
    {
      "predicate": {
        "custom_model_data": 4
      },
      "model": "e65a1dad-0d5c-418c-8bd8-a522d07a4892"
    },
    {
      "predicate": {
        "custom_model_data": 5
      },
      "model": "62b34f9c-895d-4e16-95a3-15f645a957fc"
    },
    {
      "predicate": {
        "custom_model_data": 6
      },
      "model": "9c352989-a88d-4eea-979d-166db3c319cf"
    },
    {
      "predicate": {
        "custom_model_data": 7
      },
      "model": "6295b216-8638-45aa-95d5-cf78ef975cf4"
    },
    {
      "predicate": {
        "custom_model_data": 8
      },
      "model": "1372283a-d32f-4e50-ac0e-4257d8e30e31"
    },
    {
      "predicate": {
        "custom_model_data": 9
      },
      "model": "73677771-2834-4898-be15-52e3ccfa3a75"
    },
    {
      "predicate": {
        "custom_model_data": 10
      },
      "model": "8c11de72-8879-4c3f-b632-d5467fc61558"
    },
    {
      "predicate": {
        "custom_model_data": 11
      },
      "model": "ae13b310-782b-4d20-894c-0f5026054afb"
    },
    {
      "predicate": {
        "custom_model_data": 12
      },
      "model": "d76f8a3a-ee4f-4c51-9a5b-512761efefa5"
    },
    {
      "predicate": {
        "custom_model_data": 13
      },
      "model": "f9c1e8f2-fb02-47b8-b9f1-cc567fd1329e"
    },
    {
      "predicate": {
        "custom_model_data": 14
      },
      "model": "122bb6a4-a7b2-4005-8fc5-68f5f9639a7f"
    },
    {
      "predicate": {
        "custom_model_data": 15
      },
      "model": "0be242cb-a74f-4736-946a-e4ba94bcb604"
    }
  ]
}