{
  "parent": "item/handheld",
  "textures": {
    "layer0": "item/diamond_hoe"
  },
  "overrides": [
    {
      "predicate": {
        "custom_model_data": 1
      },
      "model": "397e58c3-00e2-4bad-aac7-4c7e72a4be07"
    },
    {
      "predicate": {
        "custom_model_data": 2
      },
      "model": "13a68138-e98c-445d-9a88-91c45300595c"
    },
    {
      "predicate": {
        "custom_model_data": 3
      },
      "model": "58ba1ded-e742-4942-bb28-818c9d61396c"
    },
    {
      "predicate": {
        "custom_model_data": 4
      },
      "model": "42315992-7c61-4d48-8825-6cc6be4ad670"
    },
    {
      "predicate": {
        "custom_model_data": 5
      },
      "model": "373f7221-0487-4aa3-ba47-5e981660c08a"
    },
    {
      "predicate": {
        "custom_model_data": 6
      },
      "model": "da6101b1-b632-4fb7-a21d-79057dae6261"
    },
    {
      "predicate": {
        "custom_model_data": 7
      },
      "model": "2c40a399-6a78-450f-bf70-741d06a8f5c8"
    },
    {
      "predicate": {
        "custom_model_data": 8
      },
      "model": "7a7f53dc-7b16-46e1-908d-4f74e50271bc"
    },
    {
      "predicate": {
        "custom_model_data": 9
      },
      "model": "9053670d-ec50-4216-b971-71c4778ff90e"
    },
    {
      "predicate": {
        "custom_model_data": 10
      },
      "model": "866edbc3-f0a6-4b5b-a44f-361dd199e67e"
    },
    {
      "predicate": {
        "custom_model_data": 11
      },
      "model": "9f72ea70-58a9-4c79-98b9-53401cb39aa3"
    },
    {
      "predicate": {
        "custom_model_data": 12
      },
      "model": "4ad6ff06-99f2-4a36-956e-ef7e1c261f6d"
    },
    {
      "predicate": {
        "custom_model_data": 13
      },
      "model": "7b5d54ef-5b4c-4564-beb9-25b9f464fe45"
    },
    {
      "predicate": {
        "custom_model_data": 14
      },
      "model": "a8a84745-a8b9-413d-9f3b-a505d52e4643"
    },
    {
      "predicate": {
        "custom_model_data": 15
      },
      "model": "faca5462-2fd1-47d2-ac56-d4f64a60d424"
    }
  ]
}