{"parent":"item/handheld","textures":{"layer0":"item/diamond_hoe"},"overrides":[{"predicate":{"custom_model_data":1},"model":"433c2fbe-00c7-4ead-ae28-92c39f50e88f"},{"predicate":{"custom_model_data":2},"model":"f5ad302d-145f-43a9-a49a-e7892822059c"},{"predicate":{"custom_model_data":3},"model":"f6004e92-c74f-4595-9f0f-358eae246037"},{"predicate":{"custom_model_data":4},"model":"20fae4a7-ff1f-4c2c-8942-efe58ec2e2f3"},{"predicate":{"custom_model_data":5},"model":"f181235b-ed28-4fbc-bbe6-869d1511e22e"},{"predicate":{"custom_model_data":6},"model":"946c5c58-6fc4-4c92-bc73-a9384d6eff2e"},{"predicate":{"custom_model_data":7},"model":"af0acdb7-1cb7-45d1-89f8-d1d59733953b"},{"predicate":{"custom_model_data":8},"model":"f3de813e-bbc4-4693-8f35-6eb6acbb5cd2"},{"predicate":{"custom_model_data":9},"model":"e88a9a90-f992-493a-bdfe-0f2ac3343117"},{"predicate":{"custom_model_data":10},"model":"a0b5bbdc-2263-448d-866c-c5f522e96931"},{"predicate":{"custom_model_data":11},"model":"511ade80-b96b-41fd-9cfb-f8afc8013aa2"},{"predicate":{"custom_model_data":12},"model":"b6e85ff5-7ce6-4de0-a523-3c2d4ea56c51"},{"predicate":{"custom_model_data":13},"model":"701ce613-2605-48b8-b343-3062b57a9c9b"},{"predicate":{"custom_model_data":14},"model":"6b5b38dc-1572-4e40-a8f4-f61f85dd49a2"},{"predicate":{"custom_model_data":15},"model":"c6464dc0-4472-40aa-8ad3-04b9c602ad05"}]}