{"parent":"item/handheld","textures":{"layer0":"item/diamond_hoe"},"overrides":[{"predicate":{"custom_model_data":1},"model":"4e1b48a0-aa7c-4d36-8380-cae0928daaee"},{"predicate":{"custom_model_data":2},"model":"97f6d140-6999-4318-b4c7-82b3cf1cad19"},{"predicate":{"custom_model_data":3},"model":"d8d334bb-d298-4b54-8e3b-4d91e1287a19"},{"predicate":{"custom_model_data":4},"model":"516e4152-9baf-49f0-a563-c4a053147491"},{"predicate":{"custom_model_data":5},"model":"a02a15ee-ba78-4a6d-ba04-83d83f6f3b61"},{"predicate":{"custom_model_data":6},"model":"b1f9b33d-27b7-4a4c-9546-24625db48c24"},{"predicate":{"custom_model_data":7},"model":"9e30cfda-3d83-485e-8ae0-eb72b5cf9fb9"},{"predicate":{"custom_model_data":8},"model":"6645c9c0-6f39-46ae-94ce-8d5085be14c3"},{"predicate":{"custom_model_data":9},"model":"ab18943d-05eb-449d-9a16-beec0ef527a4"},{"predicate":{"custom_model_data":10},"model":"1ea7f2df-c48d-4ebf-a8cb-a448933a57bc"},{"predicate":{"custom_model_data":11},"model":"f9741144-d161-4112-a834-eefd1dd4bd9a"},{"predicate":{"custom_model_data":12},"model":"fae2de4c-f814-4941-8a01-429bb04ea35e"},{"predicate":{"custom_model_data":13},"model":"f89777d1-d3de-427e-a266-1b67f0906277"},{"predicate":{"custom_model_data":14},"model":"3ae69e69-5572-425b-9719-d6f71f4deda1"},{"predicate":{"custom_model_data":15},"model":"7e28eb15-def2-406e-89b3-76298b6da5bc"}]}