{
  "parent": "item/handheld",
  "textures": {
    "layer0": "item/diamond_hoe"
  },
  "overrides": [
    {
      "predicate": {
        "custom_model_data": 1
      },
      "model": "59d86642-19c9-40d8-893f-7da619647c5d"
    },
    {
      "predicate": {
        "custom_model_data": 2
      },
      "model": "00cad81f-8ff2-44e7-87e0-03f0fccf0d19"
    },
    {
      "predicate": {
        "custom_model_data": 3
      },
      "model": "9fcf04a9-a81f-4421-868f-80624a2f30d2"
    },
    {
      "predicate": {
        "custom_model_data": 4
      },
      "model": "d4072974-43d1-42f9-bc29-b44d7bff8672"
    },
    {
      "predicate": {
        "custom_model_data": 5
      },
      "model": "1a89ae7a-2d4e-4da6-b255-db8b18295247"
    },
    {
      "predicate": {
        "custom_model_data": 6
      },
      "model": "928f3f6d-0d9c-4f0a-a63e-0634e0a688b4"
    },
    {
      "predicate": {
        "custom_model_data": 7
      },
      "model": "2e6eaaa1-b383-4a04-b7ad-ffd2f9120b73"
    },
    {
      "predicate": {
        "custom_model_data": 8
      },
      "model": "d01e7a5c-0f88-4563-adb8-896b6741dd87"
    },
    {
      "predicate": {
        "custom_model_data": 9
      },
      "model": "560502f4-7263-4491-9810-3bea0aaa0ccc"
    },
    {
      "predicate": {
        "custom_model_data": 10
      },
      "model": "7811bb62-2fff-42a7-9b99-7540c1ff813c"
    },
    {
      "predicate": {
        "custom_model_data": 11
      },
      "model": "35e2c802-eba4-4266-98ab-9b58fbfc1e19"
    },
    {
      "predicate": {
        "custom_model_data": 12
      },
      "model": "6f25000e-433c-49e7-b7c5-3a28c36c325e"
    },
    {
      "predicate": {
        "custom_model_data": 13
      },
      "model": "08210ca3-8ca9-4051-8409-b0277868ffbf"
    },
    {
      "predicate": {
        "custom_model_data": 14
      },
      "model": "b7b1d028-8b93-484a-8d2e-ea7d8f2f1092"
    },
    {
      "predicate": {
        "custom_model_data": 15
      },
      "model": "82a3adf8-abee-4079-8a6d-9dc3508e1256"
    }
  ]
}