{"parent":"item/generated","textures":{"layer0":"item/echo_shard"},"overrides":[{"predicate":{"custom_model_data":1},"model":"6134ffd0-9e11-444a-a7a4-7cc301a41c34"},{"predicate":{"custom_model_data":2},"model":"49db34d6-81db-49d9-a0e3-13c5921642a1"},{"predicate":{"custom_model_data":3},"model":"cadcdd76-0264-442f-a4f8-88b5f07ed483"},{"predicate":{"custom_model_data":4},"model":"67125891-e0f3-4b34-83d4-7d32f5830033"},{"predicate":{"custom_model_data":5},"model":"2b68dbb8-ffd6-405f-a200-4a8706b41872"},{"predicate":{"custom_model_data":6},"model":"2b9aebf5-695e-4f67-b0c1-1786b34559fe"}]}