{
  "parent": "item/generated",
  "textures": {
    "layer0": "item/echo_shard"
  },
  "overrides": [
    {
      "predicate": {
        "custom_model_data": 1
      },
      "model": "17bb9f5d-a4f7-452b-892f-e9ef71b6d99b"
    },
    {
      "predicate": {
        "custom_model_data": 2
      },
      "model": "97e2e583-fa6e-461b-b4fd-bfa3548539f8"
    },
    {
      "predicate": {
        "custom_model_data": 3
      },
      "model": "beec5cf6-78ae-4f39-b8e2-f5a619c59c79"
    },
    {
      "predicate": {
        "custom_model_data": 4
      },
      "model": "1f87405e-0555-4e5d-8581-544fdd58a927"
    },
    {
      "predicate": {
        "custom_model_data": 5
      },
      "model": "f2a6a5f4-14cd-48e0-9f2e-ae1175e347c9"
    },
    {
      "predicate": {
        "custom_model_data": 6
      },
      "model": "ecbc770c-24fe-4733-a6aa-9342d5d69bc0"
    }
  ]
}