{"parent":"item/generated","textures":{"layer0":"item/echo_shard"},"overrides":[{"predicate":{"custom_model_data":1},"model":"815ac5f6-821f-46af-aa84-15faa6622123"},{"predicate":{"custom_model_data":2},"model":"482de9cd-d954-4a8e-8fc5-8a644eb22ff4"},{"predicate":{"custom_model_data":3},"model":"f30e74a2-cf83-4505-8eb9-ec987d2d4d1d"},{"predicate":{"custom_model_data":4},"model":"e029413b-c532-4207-b3e3-7444a02983e4"},{"predicate":{"custom_model_data":5},"model":"ac365174-443c-4b54-a60f-982eeeb23c3c"},{"predicate":{"custom_model_data":6},"model":"9d9079d9-5a0e-493f-8c78-5647e8560961"}]}