{"parent":"item/generated","textures":{"layer0":"item/echo_shard"},"overrides":[{"predicate":{"custom_model_data":1},"model":"a3f60b53-5940-4a54-af4a-dd8f430f68a6"},{"predicate":{"custom_model_data":2},"model":"be758d2a-98da-4ba4-ab7f-dd287e3f3c18"},{"predicate":{"custom_model_data":3},"model":"df0c7e61-8e0b-4341-a3d2-4707ebf066dc"},{"predicate":{"custom_model_data":4},"model":"fa168f23-cc56-482a-9df8-7d99c4102dec"},{"predicate":{"custom_model_data":5},"model":"36c2133d-7906-40be-b4f4-016c571be5ac"},{"predicate":{"custom_model_data":6},"model":"4a70c9f1-8bec-443b-a4b9-9fd07a02a0fe"}]}