{
  "parent": "item/generated",
  "textures": {
    "layer0": "item/echo_shard"
  },
  "overrides": [
    {
      "predicate": {
        "custom_model_data": 1
      },
      "model": "8a0aade8-7504-483b-8cba-926391e1f875"
    },
    {
      "predicate": {
        "custom_model_data": 2
      },
      "model": "7d9747dc-aef5-434c-9df6-c258e755ad7b"
    },
    {
      "predicate": {
        "custom_model_data": 3
      },
      "model": "4b6263ec-6d98-4123-9a1e-3653dfea2f95"
    },
    {
      "predicate": {
        "custom_model_data": 4
      },
      "model": "6b0fe758-17be-482b-8aa3-2818afb2fa87"
    },
    {
      "predicate": {
        "custom_model_data": 5
      },
      "model": "d2cbc660-de9b-4740-b7bb-b5c567f67f0d"
    },
    {
      "predicate": {
        "custom_model_data": 6
      },
      "model": "8b40a89d-2434-49a5-9c03-6940daacc6ee"
    }
  ]
}