{
  "parent": "item/generated",
  "textures": {
    "layer0": "item/echo_shard"
  },
  "overrides": [
    {
      "predicate": {
        "custom_model_data": 1
      },
      "model": "common_amulet"
    },
    {
      "predicate": {
        "custom_model_data": 2
      },
      "model": "uncommon_amulet"
    },
    {
      "predicate": {
        "custom_model_data": 3
      },
      "model": "rare_amulet"
    },
    {
      "predicate": {
        "custom_model_data": 4
      },
      "model": "epic_amulet"
    },
    {
      "predicate": {
        "custom_model_data": 5
      },
      "model": "legendary_amulet"
    },
    {
      "predicate": {
        "custom_model_data": 6
      },
      "model": "mythic_amulet"
    }
  ]
}