{
  "parent": "item/generated",
  "textures": {
    "layer0": "item/echo_shard"
  },
  "overrides": [
    {
      "predicate": {
        "custom_model_data": 1
      },
      "model": "2dc1089a-68bb-496b-afaf-5f50ccea18bf"
    },
    {
      "predicate": {
        "custom_model_data": 2
      },
      "model": "aedf54b5-79c1-43ca-b086-e3d6513c6ec0"
    },
    {
      "predicate": {
        "custom_model_data": 3
      },
      "model": "ac1325d3-47f7-4ff8-87fd-a13f8447afe7"
    },
    {
      "predicate": {
        "custom_model_data": 4
      },
      "model": "d963c8aa-e1a1-4b73-8957-7094d4019d68"
    },
    {
      "predicate": {
        "custom_model_data": 5
      },
      "model": "305f418c-a862-4f95-bb44-371ee6b752af"
    },
    {
      "predicate": {
        "custom_model_data": 6
      },
      "model": "588b9df4-6699-4691-8922-e03ad45d8d73"
    }
  ]
}