{
  "parent": "item/handheld_rod",
  "textures": {
    "layer0": "item/fishing_rod"
  },
  "overrides": [
    {
      "predicate": {
        "cast": 1
      },
      "model": "item/fishing_rod_cast"
    },
    {
      "predicate": {
        "custom_model_data": 1
      },
      "model": "5c19d69b-e71a-4e06-9397-81329be734d7"
    },
    {
      "predicate": {
        "cast": 1.0,
        "custom_model_data": 1
      },
      "model": "b45647c3-225c-47e1-9b0e-4a7f35bd2046"
    },
    {
      "predicate": {
        "custom_model_data": 2
      },
      "model": "2af7b343-30cb-434e-95e7-32f99963c31a"
    },
    {
      "predicate": {
        "cast": 1.0,
        "custom_model_data": 2
      },
      "model": "32c42967-49b5-4c5a-afae-e0cf1c6f61c5"
    },
    {
      "predicate": {
        "custom_model_data": 3
      },
      "model": "aeb00c63-29ff-4570-9c21-c8c1482d172e"
    },
    {
      "predicate": {
        "cast": 1.0,
        "custom_model_data": 3
      },
      "model": "972fe7e0-e42f-4281-99c4-ea53c09bc196"
    },
    {
      "predicate": {
        "custom_model_data": 4
      },
      "model": "84cca51d-d675-40ea-9222-a74543aad7df"
    },
    {
      "predicate": {
        "cast": 1.0,
        "custom_model_data": 4
      },
      "model": "1b3351fb-d430-4e68-8e33-3e1f7f170a0a"
    },
    {
      "predicate": {
        "custom_model_data": 5
      },
      "model": "61de7827-7ec4-4933-8610-0588f4334d35"
    },
    {
      "predicate": {
        "cast": 1.0,
        "custom_model_data": 5
      },
      "model": "b340749a-bc4e-4fa5-804d-c767197bd682"
    },
    {
      "predicate": {
        "custom_model_data": 50001
      },
      "model": "customfishing:8e827b89-a909-46a7-8409-f35c99d4b936"
    },
    {
      "predicate": {
        "cast": 1.0,
        "custom_model_data": 50001
      },
      "model": "customfishing:9890059f-1bf7-4db7-9c7c-50fd07b237fd"
    },
    {
      "predicate": {
        "custom_model_data": 50002
      },
      "model": "customfishing:63e13d8e-50ed-4632-a59c-30a99ca9e9bd"
    },
    {
      "predicate": {
        "cast": 1.0,
        "custom_model_data": 50002
      },
      "model": "customfishing:0d78cbe3-a329-45fb-8622-5b92798f6c2c"
    },
    {
      "predicate": {
        "custom_model_data": 50003
      },
      "model": "customfishing:d1bd5e4c-4df3-4838-bf01-ac186ca9e42f"
    },
    {
      "predicate": {
        "cast": 1.0,
        "custom_model_data": 50003
      },
      "model": "customfishing:5c16c128-f3af-4de9-8ac1-c5bb60cfe426"
    },
    {
      "predicate": {
        "custom_model_data": 50004
      },
      "model": "customfishing:52e8aa86-dcf3-4023-869c-23564fc490ef"
    },
    {
      "predicate": {
        "cast": 1.0,
        "custom_model_data": 50004
      },
      "model": "customfishing:9c45e386-2667-43b6-84d5-54c11b5a2de6"
    },
    {
      "predicate": {
        "custom_model_data": 50005
      },
      "model": "customfishing:8623d54c-cb1e-4922-a192-eda27289892e"
    },
    {
      "predicate": {
        "cast": 1.0,
        "custom_model_data": 50005
      },
      "model": "customfishing:02a29182-5ef3-4a5a-9dc3-aed4d734c001"
    },
    {
      "predicate": {
        "custom_model_data": 50006
      },
      "model": "customfishing:504f6b55-0b8b-4a1a-93f1-bbca48a32f08"
    },
    {
      "predicate": {
        "cast": 1.0,
        "custom_model_data": 50006
      },
      "model": "customfishing:624a1de7-e735-42c8-bf88-5ed81186a952"
    },
    {
      "predicate": {
        "custom_model_data": 50007
      },
      "model": "customfishing:0e3e4fe6-70ff-42db-ba2f-5a78f160474d"
    },
    {
      "predicate": {
        "cast": 1.0,
        "custom_model_data": 50007
      },
      "model": "customfishing:82b123f3-3996-4f2a-a152-7f16b8da47a3"
    }
  ]
}