{
  "parent": "item/handheld_rod",
  "textures": {
    "layer0": "item/fishing_rod"
  },
  "overrides": [
    {
      "predicate": {
        "cast": 1
      },
      "model": "item/fishing_rod_cast"
    },
    {
      "predicate": {
        "custom_model_data": 1
      },
      "model": "item/void_rod_json/void_fishing_rod_tier_1"
    },
    {
      "predicate": {
        "cast": 1.0,
        "custom_model_data": 1
      },
      "model": "item/void_rod_json/void_fishing_rod_tier_1_cast"
    },
    {
      "predicate": {
        "custom_model_data": 2
      },
      "model": "item/void_rod_json/void_fishing_rod_tier_2"
    },
    {
      "predicate": {
        "cast": 1.0,
        "custom_model_data": 2
      },
      "model": "item/void_rod_json/void_fishing_rod_tier_2_cast"
    },
    {
      "predicate": {
        "custom_model_data": 3
      },
      "model": "item/void_rod_json/void_fishing_rod_tier_3"
    },
    {
      "predicate": {
        "cast": 1.0,
        "custom_model_data": 3
      },
      "model": "item/void_rod_json/void_fishing_rod_tier_3_cast"
    },
    {
      "predicate": {
        "custom_model_data": 4
      },
      "model": "item/void_rod_json/void_fishing_rod_tier_4"
    },
    {
      "predicate": {
        "cast": 1.0,
        "custom_model_data": 4
      },
      "model": "item/void_rod_json/void_fishing_rod_tier_4_cast"
    },
    {
      "predicate": {
        "custom_model_data": 5
      },
      "model": "item/void_rod_json/void_fishing_rod_tier_5"
    },
    {
      "predicate": {
        "cast": 1.0,
        "custom_model_data": 5
      },
      "model": "item/void_rod_json/void_fishing_rod_tier_5_cast"
    },
    {
      "predicate": {
        "custom_model_data": 50001
      },
      "model": "customfishing:item/rod/beginner_rod"
    },
    {
      "predicate": {
        "cast": 1.0,
        "custom_model_data": 50001
      },
      "model": "customfishing:item/rod/beginner_rod_cast"
    },
    {
      "predicate": {
        "custom_model_data": 50002
      },
      "model": "customfishing:item/rod/silver_rod"
    },
    {
      "predicate": {
        "cast": 1.0,
        "custom_model_data": 50002
      },
      "model": "customfishing:item/rod/silver_rod_cast"
    },
    {
      "predicate": {
        "custom_model_data": 50003
      },
      "model": "customfishing:item/rod/golden_rod"
    },
    {
      "predicate": {
        "cast": 1.0,
        "custom_model_data": 50003
      },
      "model": "customfishing:item/rod/golden_rod_cast"
    },
    {
      "predicate": {
        "custom_model_data": 50004
      },
      "model": "customfishing:item/rod/star_rod"
    },
    {
      "predicate": {
        "cast": 1.0,
        "custom_model_data": 50004
      },
      "model": "customfishing:item/rod/star_rod_cast"
    },
    {
      "predicate": {
        "custom_model_data": 50005
      },
      "model": "customfishing:item/rod/bone_rod"
    },
    {
      "predicate": {
        "cast": 1.0,
        "custom_model_data": 50005
      },
      "model": "customfishing:item/rod/bone_rod_cast"
    },
    {
      "predicate": {
        "custom_model_data": 50006
      },
      "model": "customfishing:item/rod/magical_rod"
    },
    {
      "predicate": {
        "cast": 1.0,
        "custom_model_data": 50006
      },
      "model": "customfishing:item/rod/magical_rod_cast"
    },
    {
      "predicate": {
        "custom_model_data": 50007
      },
      "model": "customfishing:item/rod/master_rod"
    },
    {
      "predicate": {
        "cast": 1.0,
        "custom_model_data": 50007
      },
      "model": "customfishing:item/rod/master_rod_cast"
    }
  ]
}