{"parent":"item/handheld_rod","textures":{"layer0":"item/fishing_rod"},"overrides":[{"predicate":{"custom_model_data":1},"model":"749685b1-f726-4927-a0ab-81a2ca6fdbd2"},{"predicate":{"cast":1.0,"custom_model_data":1},"model":"6365192c-5096-442d-9f82-33dbe80fa5a0"},{"predicate":{"custom_model_data":2},"model":"d54c183c-264e-494c-adbe-c672e10c671a"},{"predicate":{"cast":1.0,"custom_model_data":2},"model":"4d7a1855-9fd1-4f22-8bc4-1c9856821566"},{"predicate":{"custom_model_data":3},"model":"b7b22628-f4b8-444f-b65b-f65190d13691"},{"predicate":{"cast":1.0,"custom_model_data":3},"model":"b72d3602-5bcc-4fdd-a581-10c00f9cc75e"},{"predicate":{"custom_model_data":4},"model":"640f88bc-fe7b-4eb7-808f-10c9fd03ca20"},{"predicate":{"cast":1.0,"custom_model_data":4},"model":"cc47191f-371a-4c1e-9308-222993ff7b7f"},{"predicate":{"custom_model_data":5},"model":"ce6a9a7d-113e-459b-8d46-360a9013de9b"},{"predicate":{"cast":1.0,"custom_model_data":5},"model":"68b36752-ca6f-4258-a256-59b89b45a006"},{"predicate":{"custom_model_data":6},"model":"item/bone_rods/uncommon_bone_rod"},{"predicate":{"cast":1.0,"custom_model_data":6},"model":"3e2856ed-9dfa-4b90-9c4f-5aa83f564c7c"},{"predicate":{"custom_model_data":7},"model":"item/bone_rods/rare_bone_rod"},{"predicate":{"cast":1.0,"custom_model_data":7},"model":"bd2b3593-41b2-42f3-9d7d-222d7b9c058d"},{"predicate":{"custom_model_data":8},"model":"item/bone_rods/epic_bone_rod"},{"predicate":{"cast":1.0,"custom_model_data":8},"model":"f0b66448-6137-4b86-ac3e-e0f2aafd4d30"},{"predicate":{"custom_model_data":9},"model":"item/bone_rods/legendary_bone_rod"},{"predicate":{"cast":1.0,"custom_model_data":9},"model":"576ed510-fefc-47dd-bebb-6fec5daa094c"},{"predicate":{"custom_model_data":10},"model":"item/bone_rods/mythic_bone_rod"},{"predicate":{"cast":1.0,"custom_model_data":10},"model":"4e721081-6ecf-408f-a522-5e591f21196b"},{"predicate":{"custom_model_data":50001},"model":"customfishing:8957a5c6-404f-472b-b7b2-533cce812129"},{"predicate":{"cast":1.0,"custom_model_data":50001},"model":"customfishing:2102daf0-cec3-4816-a668-a1afd1f84af3"},{"predicate":{"custom_model_data":50002},"model":"customfishing:3785d82f-7925-48d8-b4ce-e5b455a55c25"},{"predicate":{"cast":1.0,"custom_model_data":50002},"model":"customfishing:4071bd16-3d23-46e8-951a-7c97e9aca886"},{"predicate":{"custom_model_data":50003},"model":"customfishing:9c284259-42f8-4251-a9fb-f57dec050560"},{"predicate":{"cast":1.0,"custom_model_data":50003},"model":"customfishing:c076fe86-75d8-4b67-8dd0-debd8cf9761a"},{"predicate":{"custom_model_data":50004},"model":"customfishing:d1effdf3-b4a7-4c69-8764-11f77d0b1fdc"},{"predicate":{"cast":1.0,"custom_model_data":50004},"model":"customfishing:a7f66292-7dff-4712-addd-fa79fbeed021"},{"predicate":{"custom_model_data":50005},"model":"customfishing:e6b45c39-f035-4cfa-a644-ccb4b37caaa3"},{"predicate":{"cast":1.0,"custom_model_data":50005},"model":"customfishing:32c5d9f4-4691-4514-931f-a88ca4d9bb94"},{"predicate":{"custom_model_data":50006},"model":"customfishing:a9f058ce-4e67-4117-8e68-74980469829c"},{"predicate":{"cast":1.0,"custom_model_data":50006},"model":"customfishing:4b67c186-73c9-468c-b650-2d7d5aad5724"},{"predicate":{"custom_model_data":50007},"model":"customfishing:f4413f28-5783-4001-b2e5-834fafe40d7c"},{"predicate":{"cast":1.0,"custom_model_data":50007},"model":"customfishing:1f79a7fa-8566-42a7-9e06-ab9ccebb52b7"}]}