{"parent":"item/handheld_rod","textures":{"layer0":"item/fishing_rod"},"overrides":[{"predicate":{"custom_model_data":1},"model":"6c47690f-85ba-441c-a0bb-b34daec3d473"},{"predicate":{"cast":1.0,"custom_model_data":1},"model":"1d75d674-3491-4501-a808-7f8aef0f8fe6"},{"predicate":{"custom_model_data":2},"model":"d11c5d48-4a23-410c-aa91-9233cbb37181"},{"predicate":{"cast":1.0,"custom_model_data":2},"model":"275fb473-7eed-4ccb-bc4e-0a8f017f9ae6"},{"predicate":{"custom_model_data":3},"model":"91500758-f57d-46f9-a595-0694b6684ab6"},{"predicate":{"cast":1.0,"custom_model_data":3},"model":"4fc24677-962a-465b-9555-652ce9d6b263"},{"predicate":{"custom_model_data":4},"model":"dc3dcdec-6aa5-4d36-9819-3feeea0fee64"},{"predicate":{"cast":1.0,"custom_model_data":4},"model":"b41ee798-b435-418e-8708-064dd3b8bd08"},{"predicate":{"custom_model_data":5},"model":"9d0e86cb-762f-4108-b177-0934d3342f65"},{"predicate":{"cast":1.0,"custom_model_data":5},"model":"1f5a5e31-17c6-4254-b9dd-42b79fc1a11c"},{"predicate":{"custom_model_data":6},"model":"item/bone_rods/uncommon_bone_rod"},{"predicate":{"cast":1.0,"custom_model_data":6},"model":"b4e65f1f-c84e-4495-be68-a972834c605e"},{"predicate":{"custom_model_data":7},"model":"item/bone_rods/rare_bone_rod"},{"predicate":{"cast":1.0,"custom_model_data":7},"model":"ae46063b-7718-4627-a992-213c78c6d36c"},{"predicate":{"custom_model_data":8},"model":"item/bone_rods/epic_bone_rod"},{"predicate":{"cast":1.0,"custom_model_data":8},"model":"922f3ee8-fd6c-482d-89ce-7fffc40beab0"},{"predicate":{"custom_model_data":9},"model":"item/bone_rods/legendary_bone_rod"},{"predicate":{"cast":1.0,"custom_model_data":9},"model":"046b3cff-1d55-47e0-b674-6c1f3f45a6c3"},{"predicate":{"custom_model_data":10},"model":"item/bone_rods/mythic_bone_rod"},{"predicate":{"cast":1.0,"custom_model_data":10},"model":"e5c016a5-5205-4378-a7f4-8e2aa693fc29"},{"predicate":{"custom_model_data":111},"model":"88bc8e1e-755d-4a6b-a42f-c5db51fab3f3"},{"predicate":{"cast":1.0,"custom_model_data":111},"model":"824c4b88-a2b8-4072-b7cb-3994548070a5"},{"predicate":{"custom_model_data":50001},"model":"customfishing:6673e039-a8e3-4313-95dc-f27e941cb194"},{"predicate":{"cast":1.0,"custom_model_data":50001},"model":"customfishing:f3ca8489-8e54-4b8f-a7ab-eb3ace96de6e"},{"predicate":{"custom_model_data":50002},"model":"customfishing:ecfd57f4-ba3d-4f92-a86c-cedfa8e0f5dc"},{"predicate":{"cast":1.0,"custom_model_data":50002},"model":"customfishing:a4a01e39-0120-4fb1-8a72-73b33b349f62"},{"predicate":{"custom_model_data":50003},"model":"customfishing:deb3032c-a9b6-4c73-86bf-a2cc77a09f73"},{"predicate":{"cast":1.0,"custom_model_data":50003},"model":"customfishing:50b47e6a-ca44-4204-aaeb-b64be293719a"},{"predicate":{"custom_model_data":50004},"model":"customfishing:c04a10c8-85fa-403a-80df-e502a49d4265"},{"predicate":{"cast":1.0,"custom_model_data":50004},"model":"customfishing:1a31fab4-f582-4641-8751-35f6c68fdbe8"},{"predicate":{"custom_model_data":50005},"model":"customfishing:79ba1b8a-130f-4799-b853-edf69ea73159"},{"predicate":{"cast":1.0,"custom_model_data":50005},"model":"customfishing:de6380e3-6d4c-45b3-8095-d08f77d23200"},{"predicate":{"custom_model_data":50006},"model":"customfishing:c6c489d7-0799-4843-ae7c-49315d7aa5f3"},{"predicate":{"cast":1.0,"custom_model_data":50006},"model":"customfishing:c6d8f4b4-d0ce-4e86-872b-5d0f976df6ad"},{"predicate":{"custom_model_data":50007},"model":"customfishing:2d86471f-0857-4fc9-a9df-b3e5b1cdc24a"},{"predicate":{"cast":1.0,"custom_model_data":50007},"model":"customfishing:832f3b43-fa10-44f3-b834-5ea6bf08ea06"}]}