{
  "parent": "item/handheld_rod",
  "textures": {
    "layer0": "item/fishing_rod"
  },
  "overrides": [
    {
      "predicate": {
        "cast": 1
      },
      "model": "item/fishing_rod_cast"
    },
    {
      "predicate": {
        "custom_model_data": 1
      },
      "model": "3c2cf37a-03ca-4697-aefd-5a0d1fd601be"
    },
    {
      "predicate": {
        "cast": 1.0,
        "custom_model_data": 1
      },
      "model": "0324522c-06ec-43e0-8a30-fb2cc481da79"
    },
    {
      "predicate": {
        "custom_model_data": 2
      },
      "model": "599ccf52-8196-40a3-aade-50f0442b0009"
    },
    {
      "predicate": {
        "cast": 1.0,
        "custom_model_data": 2
      },
      "model": "4921cbd3-ecfa-45b8-87aa-b05461a8e3b4"
    },
    {
      "predicate": {
        "custom_model_data": 3
      },
      "model": "9c751ea3-bc52-412e-a060-eb34e26ec32c"
    },
    {
      "predicate": {
        "cast": 1.0,
        "custom_model_data": 3
      },
      "model": "faea4833-307e-4032-9099-bbac7f95d97c"
    },
    {
      "predicate": {
        "custom_model_data": 4
      },
      "model": "77db83c1-c96a-41e4-8170-b70c51e6f935"
    },
    {
      "predicate": {
        "cast": 1.0,
        "custom_model_data": 4
      },
      "model": "cbcbfb25-70cd-4f5e-937e-3b784e455051"
    },
    {
      "predicate": {
        "custom_model_data": 5
      },
      "model": "076e265f-0f33-4b97-a7a4-86e3250b6434"
    },
    {
      "predicate": {
        "cast": 1.0,
        "custom_model_data": 5
      },
      "model": "f8e121ed-26d1-4a7c-ab53-ac265b0c9d8f"
    },
    {
      "predicate": {
        "custom_model_data": 6
      },
      "model": "item/bone_rods/uncommon_bone_rod"
    },
    {
      "predicate": {
        "cast": 1.0,
        "custom_model_data": 6
      },
      "model": "6d7212e5-c121-4b3d-b89b-94c884e76a68"
    },
    {
      "predicate": {
        "custom_model_data": 7
      },
      "model": "item/bone_rods/rare_bone_rod"
    },
    {
      "predicate": {
        "cast": 1.0,
        "custom_model_data": 7
      },
      "model": "1929e4e4-6201-4712-97bf-0f330024617f"
    },
    {
      "predicate": {
        "custom_model_data": 8
      },
      "model": "item/bone_rods/epic_bone_rod"
    },
    {
      "predicate": {
        "cast": 1.0,
        "custom_model_data": 8
      },
      "model": "854a6c3e-173a-4d2c-a419-a2f6e97de092"
    },
    {
      "predicate": {
        "custom_model_data": 9
      },
      "model": "item/bone_rods/legendary_bone_rod"
    },
    {
      "predicate": {
        "cast": 1.0,
        "custom_model_data": 9
      },
      "model": "7ed3fa53-a951-414d-851d-eef8a2a9bbce"
    },
    {
      "predicate": {
        "custom_model_data": 10
      },
      "model": "item/bone_rods/mythic_bone_rod"
    },
    {
      "predicate": {
        "cast": 1.0,
        "custom_model_data": 10
      },
      "model": "b92ecca8-eff1-4d9b-ade7-62c3414952d0"
    },
    {
      "predicate": {
        "custom_model_data": 50001
      },
      "model": "customfishing:d9c0dbfc-c80d-4f9c-ae3b-66922a91bd6f"
    },
    {
      "predicate": {
        "cast": 1.0,
        "custom_model_data": 50001
      },
      "model": "customfishing:eac230de-6168-4bad-a6b9-454af19bbfb8"
    },
    {
      "predicate": {
        "custom_model_data": 50002
      },
      "model": "customfishing:b1842b06-3630-47ce-9eb1-c917b3cb73ef"
    },
    {
      "predicate": {
        "cast": 1.0,
        "custom_model_data": 50002
      },
      "model": "customfishing:78f6d66d-d53d-4e2e-a1e5-79bd07bb1377"
    },
    {
      "predicate": {
        "custom_model_data": 50003
      },
      "model": "customfishing:745e2f8c-48c8-4540-887b-62bf9b614e4b"
    },
    {
      "predicate": {
        "cast": 1.0,
        "custom_model_data": 50003
      },
      "model": "customfishing:59cc47fa-03dc-49da-8943-06d180aabed4"
    },
    {
      "predicate": {
        "custom_model_data": 50004
      },
      "model": "customfishing:66b7a37a-a1c8-49a5-934f-e3de5c642a72"
    },
    {
      "predicate": {
        "cast": 1.0,
        "custom_model_data": 50004
      },
      "model": "customfishing:e9e891e9-0a83-4a57-98bb-50edd52edd53"
    },
    {
      "predicate": {
        "custom_model_data": 50005
      },
      "model": "customfishing:251d890c-d5c8-40dc-8dde-97692bc0f949"
    },
    {
      "predicate": {
        "cast": 1.0,
        "custom_model_data": 50005
      },
      "model": "customfishing:b92d55f4-e21c-4651-8841-493b17d1556c"
    },
    {
      "predicate": {
        "custom_model_data": 50006
      },
      "model": "customfishing:bc756fe9-2008-4513-94ea-e0d2047a32ac"
    },
    {
      "predicate": {
        "cast": 1.0,
        "custom_model_data": 50006
      },
      "model": "customfishing:13ce370d-b821-40ad-a2c7-c5667add194e"
    },
    {
      "predicate": {
        "custom_model_data": 50007
      },
      "model": "customfishing:e70f02c3-d1d2-4a25-9e77-eb4832cb5227"
    },
    {
      "predicate": {
        "cast": 1.0,
        "custom_model_data": 50007
      },
      "model": "customfishing:b77379fb-d95a-45d3-8e2f-51a633068c75"
    }
  ]
}