{
  "parent": "item/handheld_rod",
  "textures": {
    "layer0": "item/fishing_rod"
  },
  "overrides": [
    {
      "predicate": {
        "cast": 1
      },
      "model": "item/fishing_rod_cast"
    },
    {
      "predicate": {
        "custom_model_data": 1
      },
      "model": "ba668c10-d061-4afb-bbce-32464a6f9001"
    },
    {
      "predicate": {
        "cast": 1.0,
        "custom_model_data": 1
      },
      "model": "ccbaa0a5-aad4-4a3f-a6e2-0f7da4387e63"
    },
    {
      "predicate": {
        "custom_model_data": 2
      },
      "model": "988231e4-dded-43a9-9b0d-da9fd61a7372"
    },
    {
      "predicate": {
        "cast": 1.0,
        "custom_model_data": 2
      },
      "model": "6f0d2197-c49a-43e3-a518-27b7b3b2c82a"
    },
    {
      "predicate": {
        "custom_model_data": 3
      },
      "model": "9450ef74-c9e5-4df5-aaac-54468f4bb78a"
    },
    {
      "predicate": {
        "cast": 1.0,
        "custom_model_data": 3
      },
      "model": "49f73d44-ffd6-4973-94eb-231713d91eac"
    },
    {
      "predicate": {
        "custom_model_data": 4
      },
      "model": "8fbb7127-ac02-48eb-8d45-057b9f51c7ed"
    },
    {
      "predicate": {
        "cast": 1.0,
        "custom_model_data": 4
      },
      "model": "dc57d716-9ae7-489d-baaa-0549cbb3135c"
    },
    {
      "predicate": {
        "custom_model_data": 5
      },
      "model": "5d97cf3c-5efc-41ea-8c4d-33c5a93203f7"
    },
    {
      "predicate": {
        "cast": 1.0,
        "custom_model_data": 5
      },
      "model": "e0f78531-9b81-40a6-8552-34db6778044a"
    },
    {
      "predicate": {
        "custom_model_data": 50001
      },
      "model": "customfishing:43c54c41-d911-4d45-907f-9fe481922566"
    },
    {
      "predicate": {
        "cast": 1.0,
        "custom_model_data": 50001
      },
      "model": "customfishing:a720ed51-d328-41ad-99fb-941c2c007938"
    },
    {
      "predicate": {
        "custom_model_data": 50002
      },
      "model": "customfishing:091afcd5-cd3c-4648-987b-c8293860ccd3"
    },
    {
      "predicate": {
        "cast": 1.0,
        "custom_model_data": 50002
      },
      "model": "customfishing:2249bfb6-25c2-482a-b5c8-85fa015b1011"
    },
    {
      "predicate": {
        "custom_model_data": 50003
      },
      "model": "customfishing:d59c4247-4803-42ea-a961-92fad45b76a5"
    },
    {
      "predicate": {
        "cast": 1.0,
        "custom_model_data": 50003
      },
      "model": "customfishing:d7d1d711-66c7-4cab-b806-1364482bd1fc"
    },
    {
      "predicate": {
        "custom_model_data": 50004
      },
      "model": "customfishing:2d80a08d-ac6a-450c-b6e7-4b06c62f1bbe"
    },
    {
      "predicate": {
        "cast": 1.0,
        "custom_model_data": 50004
      },
      "model": "customfishing:b6c22978-8d1a-4886-9554-85e812f0bc78"
    },
    {
      "predicate": {
        "custom_model_data": 50005
      },
      "model": "customfishing:382ed389-dc88-49d5-8877-cbddc236caa4"
    },
    {
      "predicate": {
        "cast": 1.0,
        "custom_model_data": 50005
      },
      "model": "customfishing:411e0117-033e-47ad-b03e-2c7c2ab56200"
    },
    {
      "predicate": {
        "custom_model_data": 50006
      },
      "model": "customfishing:e97aa4c8-44ef-44af-9b7a-aedf19720de6"
    },
    {
      "predicate": {
        "cast": 1.0,
        "custom_model_data": 50006
      },
      "model": "customfishing:9266b100-c579-46c7-8325-c96b67f9258b"
    },
    {
      "predicate": {
        "custom_model_data": 50007
      },
      "model": "customfishing:78455f28-d667-4798-a1ea-849b0597282d"
    },
    {
      "predicate": {
        "cast": 1.0,
        "custom_model_data": 50007
      },
      "model": "customfishing:e92d47ab-d01a-427a-a1d1-dd2850f7a5a4"
    }
  ]
}