{"parent":"item/generated","textures":{"layer0":"item/heart_of_the_sea"},"overrides":[{"predicate":{"custom_model_data":1},"model":"50349df8-ef99-4fd5-bb37-a1f1bd3ddc05"},{"predicate":{"custom_model_data":2},"model":"ce713225-92fb-4274-aee3-df487e20617a"},{"predicate":{"custom_model_data":3},"model":"8d8139ed-598e-4e13-aedd-1de4a05f2cdd"},{"predicate":{"custom_model_data":4},"model":"58349c91-70b8-4e3e-aa8f-61248a358e6f"},{"predicate":{"custom_model_data":5},"model":"551ccb9c-52e1-485e-9ea7-42a32a209a1c"},{"predicate":{"custom_model_data":6},"model":"dbbcdcea-9729-42ae-aa15-c008561b6889"},{"predicate":{"custom_model_data":7},"model":"821d60da-1fa8-4746-9b0c-f1982ffffe76"}]}