{
  "parent": "item/generated",
  "textures": {
    "layer0": "item/heart_of_the_sea"
  },
  "overrides": [
    {
      "predicate": {
        "custom_model_data": 1
      },
      "model": "common_upgradestone"
    },
    {
      "predicate": {
        "custom_model_data": 2
      },
      "model": "uncommon_upgradestone"
    },
    {
      "predicate": {
        "custom_model_data": 3
      },
      "model": "rare_upgradestone"
    },
    {
      "predicate": {
        "custom_model_data": 4
      },
      "model": "epic_upgradestone"
    },
    {
      "predicate": {
        "custom_model_data": 5
      },
      "model": "legendary_upgradestone"
    },
    {
      "predicate": {
        "custom_model_data": 6
      },
      "model": "mythic_upgradestone"
    },
    {
      "predicate": {
        "custom_model_data": 7
      },
      "model": "void_upgradestone"
    }
  ]
}