{
  "parent": "item/generated",
  "textures": {
    "layer0": "item/heart_of_the_sea"
  },
  "overrides": [
    {
      "predicate": {
        "custom_model_data": 1
      },
      "model": "7beeee22-a3c6-4df8-93d2-5b9a9dd6493a"
    },
    {
      "predicate": {
        "custom_model_data": 2
      },
      "model": "5f793b97-b239-4cf2-9cf0-6633f367959f"
    },
    {
      "predicate": {
        "custom_model_data": 3
      },
      "model": "abcbd792-2db2-4483-a0e0-356252b79be9"
    },
    {
      "predicate": {
        "custom_model_data": 4
      },
      "model": "1a960b04-38a6-4bda-8223-b0081677975d"
    },
    {
      "predicate": {
        "custom_model_data": 5
      },
      "model": "8f378977-6349-4965-a620-a4752d6e2561"
    },
    {
      "predicate": {
        "custom_model_data": 6
      },
      "model": "ac53521f-f852-441d-92e7-df63731073ca"
    },
    {
      "predicate": {
        "custom_model_data": 7
      },
      "model": "49480dac-0807-4c4e-9508-ad15e5559f70"
    }
  ]
}