{
  "parent": "item/generated",
  "textures": {
    "layer0": "item/heart_of_the_sea"
  },
  "overrides": [
    {
      "predicate": {
        "custom_model_data": 1
      },
      "model": "f563d436-8b37-4f34-84c5-aea2422a181e"
    },
    {
      "predicate": {
        "custom_model_data": 2
      },
      "model": "bf9a31c1-1577-4df3-bc60-b0d44e844f9c"
    },
    {
      "predicate": {
        "custom_model_data": 3
      },
      "model": "041cac6d-9e77-4f38-9403-99ee628bc49f"
    },
    {
      "predicate": {
        "custom_model_data": 4
      },
      "model": "4a557f98-2c19-4639-931a-f3deefcd6c65"
    },
    {
      "predicate": {
        "custom_model_data": 5
      },
      "model": "90897178-08e4-43e4-a4da-d287a4b8cf67"
    },
    {
      "predicate": {
        "custom_model_data": 6
      },
      "model": "f8662ada-57e7-46da-a765-061dd9959d56"
    },
    {
      "predicate": {
        "custom_model_data": 7
      },
      "model": "a24c6850-33a7-4f3a-9dc6-615101417b62"
    }
  ]
}