{"parent":"item/generated","textures":{"layer0":"item/heart_of_the_sea"},"overrides":[{"predicate":{"custom_model_data":1},"model":"81471273-b585-4e68-89d3-79639971b124"},{"predicate":{"custom_model_data":2},"model":"c7acca8e-f4c3-45e6-a36f-b62d2507b430"},{"predicate":{"custom_model_data":3},"model":"603d891a-2d4a-4103-a921-b3921761dcb0"},{"predicate":{"custom_model_data":4},"model":"e549d686-bd03-4d29-a1e5-2e750699c185"},{"predicate":{"custom_model_data":5},"model":"6035a135-45d2-4356-b87e-7a7cb52c65a7"},{"predicate":{"custom_model_data":6},"model":"b35a83df-2983-4c5a-8699-5e953155d75a"},{"predicate":{"custom_model_data":7},"model":"28764b79-0051-4d4c-bcde-2076a6e33c4c"}]}