{
  "parent": "item/generated",
  "textures": {
    "layer0": "item/heart_of_the_sea"
  },
  "overrides": [
    {
      "predicate": {
        "custom_model_data": 1
      },
      "model": "d7bf89cc-cf10-4845-aef6-53f02482288f"
    },
    {
      "predicate": {
        "custom_model_data": 2
      },
      "model": "12cb8147-3d8c-460d-8691-42609d542cf1"
    },
    {
      "predicate": {
        "custom_model_data": 3
      },
      "model": "9d192810-5cd2-40ac-aff6-452c2340db03"
    },
    {
      "predicate": {
        "custom_model_data": 4
      },
      "model": "bde0f07b-a27c-495b-a1cd-17f8de3d3d01"
    },
    {
      "predicate": {
        "custom_model_data": 5
      },
      "model": "f67276f9-882c-4901-8c8a-4f59e404119b"
    },
    {
      "predicate": {
        "custom_model_data": 6
      },
      "model": "7f5d36aa-f03e-4883-aaf0-3afa5b85a214"
    },
    {
      "predicate": {
        "custom_model_data": 7
      },
      "model": "71042fc4-e0bb-4d1b-bd40-df96820c58fe"
    }
  ]
}