{"parent":"item/generated","textures":{"layer0":"item/heart_of_the_sea"},"overrides":[{"predicate":{"custom_model_data":1},"model":"260e9681-3e38-4270-989c-463ee1943921"},{"predicate":{"custom_model_data":2},"model":"b72e77ef-c68c-4c4d-a3a0-cbca0c3c50ed"},{"predicate":{"custom_model_data":3},"model":"3fe6eba6-4ca7-47dd-8cb5-d7a0d18505e2"},{"predicate":{"custom_model_data":4},"model":"7b79374b-9bd9-430a-8007-3bee83ca1e6f"},{"predicate":{"custom_model_data":5},"model":"77182b2a-e05c-4c7d-8828-573aa4e0e177"},{"predicate":{"custom_model_data":6},"model":"bdc523ee-8bcf-4071-89bf-e4a251b3c60b"},{"predicate":{"custom_model_data":7},"model":"e2641700-7057-4e04-a69b-00e394507444"}]}