{"parent":"item/generated","textures":{"layer0":"item/light_gray_dye"},"overrides":[{"predicate":{"custom_model_data":1},"model":"d86dac07-b7af-4fff-ab71-ff07892c9158"},{"predicate":{"custom_model_data":2},"model":"55ea7dd9-5276-4799-bc73-36005791e503"},{"predicate":{"custom_model_data":3},"model":"03cedcc8-6b1b-4c95-90f4-a93f73ce4fd3"},{"predicate":{"custom_model_data":4},"model":"8ad3b5a7-4f9b-481a-8350-6175e66e5c7b"},{"predicate":{"custom_model_data":5},"model":"58d63dbf-b6b8-442b-8916-3ef615a936c4"},{"predicate":{"custom_model_data":6},"model":"6cd56d2b-82b6-4c2d-81c2-9e0e4b51d20d"},{"predicate":{"custom_model_data":7},"model":"d6f7ce8e-9c6b-47b9-a702-404dd0482cb7"}]}