{"parent":"item/generated","textures":{"layer0":"item/light_gray_dye"},"overrides":[{"predicate":{"custom_model_data":1},"model":"e1c0eb6c-6b51-4194-9ab5-7b4fd9c1ef1c"},{"predicate":{"custom_model_data":2},"model":"0d63d9bb-8791-4499-b98f-04fb51abcc0d"},{"predicate":{"custom_model_data":3},"model":"2c1a69ce-0209-4122-8b9f-bc29908d1f8e"},{"predicate":{"custom_model_data":4},"model":"2715e947-4a2e-4acb-be04-e083f2a2f47a"},{"predicate":{"custom_model_data":5},"model":"d12c4072-b60d-4044-aca7-fd5b4f33f48d"},{"predicate":{"custom_model_data":6},"model":"0cd7b758-27f0-4b79-86f3-8f0c5a4058eb"},{"predicate":{"custom_model_data":7},"model":"a0b9834b-f06f-4ef2-a460-65065aafcb37"}]}