{
  "parent": "item/generated",
  "textures": {
    "layer0": "item/light_gray_dye"
  },
  "overrides": [
    {
      "predicate": {
        "custom_model_data": 1
      },
      "model": "common_gem"
    },
    {
      "predicate": {
        "custom_model_data": 2
      },
      "model": "uncommon_gem"
    },
    {
      "predicate": {
        "custom_model_data": 3
      },
      "model": "rare_gem"
    },
    {
      "predicate": {
        "custom_model_data": 4
      },
      "model": "epic_gem"
    },
    {
      "predicate": {
        "custom_model_data": 5
      },
      "model": "legendary_gem"
    },
    {
      "predicate": {
        "custom_model_data": 6
      },
      "model": "mythic_gem"
    },
    {
      "predicate": {
        "custom_model_data": 7
      },
      "model": "void_gem"
    }
  ]
}