{
  "parent": "item/generated",
  "textures": {
    "layer0": "item/light_gray_dye"
  },
  "overrides": [
    {
      "predicate": {
        "custom_model_data": 1
      },
      "model": "4de837f8-16a3-4ef1-a59e-8664fd4e8991"
    },
    {
      "predicate": {
        "custom_model_data": 2
      },
      "model": "362e80cf-feb0-4562-841d-7f68739930e0"
    },
    {
      "predicate": {
        "custom_model_data": 3
      },
      "model": "19d0c813-58b8-40e1-ac41-9020a9c9e881"
    },
    {
      "predicate": {
        "custom_model_data": 4
      },
      "model": "430f8372-9926-4cc4-bf00-4a0f7194dd49"
    },
    {
      "predicate": {
        "custom_model_data": 5
      },
      "model": "7e650a88-af66-4516-86a4-b3382f1f3dbd"
    },
    {
      "predicate": {
        "custom_model_data": 6
      },
      "model": "4ba321fe-e9ea-4d9b-a318-9bd2db2715dd"
    }
  ]
}