{"parent":"item/generated","textures":{"layer0":"item/light_gray_dye"},"overrides":[{"predicate":{"custom_model_data":1},"model":"14ee4500-e40e-496d-ba4c-8e1cc2dd9371"},{"predicate":{"custom_model_data":2},"model":"54120741-c7d0-4f00-a051-e6e3951f88f2"},{"predicate":{"custom_model_data":3},"model":"d325ed41-035e-423a-890d-aa36a6f5f567"},{"predicate":{"custom_model_data":4},"model":"c033b923-17f1-478c-8c21-c4b26e9ed6e9"},{"predicate":{"custom_model_data":5},"model":"af85ba68-d776-48ed-b481-40a54da82eb5"},{"predicate":{"custom_model_data":6},"model":"b025a5fc-d1c9-4595-9106-a6fc74bcf027"},{"predicate":{"custom_model_data":7},"model":"d3ad2726-c878-4c7f-9437-1a8598ee523c"}]}