{
  "parent": "item/generated",
  "textures": {
    "layer0": "item/light_gray_dye"
  },
  "overrides": [
    {
      "predicate": {
        "custom_model_data": 1
      },
      "model": "559a0ba3-75f7-40b5-afc0-3ec3d658fe65"
    },
    {
      "predicate": {
        "custom_model_data": 2
      },
      "model": "fa36ec48-ee44-4afd-80fa-5ab30e623caf"
    },
    {
      "predicate": {
        "custom_model_data": 3
      },
      "model": "f0ecdd8f-3341-403e-a8a7-d482e48e7154"
    },
    {
      "predicate": {
        "custom_model_data": 4
      },
      "model": "cb4d34b7-b213-459a-bb0a-1e4901345cac"
    },
    {
      "predicate": {
        "custom_model_data": 5
      },
      "model": "c1d462bf-5dfb-47a4-8365-8ad6295e5e5e"
    },
    {
      "predicate": {
        "custom_model_data": 6
      },
      "model": "9c388ba1-afa0-46a4-bb05-72964202b92a"
    }
  ]
}