{
  "parent": "item/generated",
  "textures": {
    "layer0": "item/light_gray_dye"
  },
  "overrides": [
    {
      "predicate": {
        "custom_model_data": 1
      },
      "model": "8a1577c3-22a7-4b57-b0d0-d1c6f716cd9b"
    },
    {
      "predicate": {
        "custom_model_data": 2
      },
      "model": "46bb8331-32b1-4252-b7d6-9a07f86e3f13"
    },
    {
      "predicate": {
        "custom_model_data": 3
      },
      "model": "c1380777-3127-496d-9e08-5d160fe1e996"
    },
    {
      "predicate": {
        "custom_model_data": 4
      },
      "model": "7eda5ce9-03ce-4d7d-8c71-d8f85c812ff3"
    },
    {
      "predicate": {
        "custom_model_data": 5
      },
      "model": "1badbf5a-a5bc-459b-804f-66e68e89e686"
    },
    {
      "predicate": {
        "custom_model_data": 6
      },
      "model": "73f39d73-c565-4fd9-9fbb-e57943886b78"
    },
    {
      "predicate": {
        "custom_model_data": 7
      },
      "model": "cd450f60-307a-498b-80a8-cf387d4de9c0"
    }
  ]
}