{
  "parent": "block/mangrove_button_inventory",
  "overrides": [
    {
      "predicate": {
        "custom_model_data": 1
      },
      "model": "b238f769-5ec7-44a7-831c-219929c4c595"
    },
    {
      "predicate": {
        "custom_model_data": 2
      },
      "model": "4a697178-5bd0-4513-9672-0b6a4d234e76"
    },
    {
      "predicate": {
        "custom_model_data": 3
      },
      "model": "e90cb8d4-0fcd-4eb0-8d01-1e2bc59bbf38"
    },
    {
      "predicate": {
        "custom_model_data": 4
      },
      "model": "75acd4da-04c0-4420-af5f-9edf40c6b9d5"
    },
    {
      "predicate": {
        "custom_model_data": 5
      },
      "model": "d40527b1-d3f4-44d8-aa31-eae9610c6d3f"
    },
    {
      "predicate": {
        "custom_model_data": 6
      },
      "model": "3cbceec3-9872-42ac-aa9b-c9f3bb54f517"
    }
  ]
}