{
  "parent": "block/mangrove_button_inventory",
  "overrides": [
    {
      "predicate": {
        "custom_model_data": 1
      },
      "model": "9dc505d5-11a1-4f46-8a89-81699c9f170f"
    },
    {
      "predicate": {
        "custom_model_data": 2
      },
      "model": "fbea898b-54d3-4723-abd3-be00002c84c3"
    },
    {
      "predicate": {
        "custom_model_data": 3
      },
      "model": "a1183ddf-f25e-4eff-9c32-6ea831de178f"
    },
    {
      "predicate": {
        "custom_model_data": 4
      },
      "model": "77f6b048-c0f4-4312-8078-6f56dccbb037"
    },
    {
      "predicate": {
        "custom_model_data": 5
      },
      "model": "c2f0ba7d-f8ec-4f76-b91e-bb9f7d7606aa"
    },
    {
      "predicate": {
        "custom_model_data": 6
      },
      "model": "4fbd0aed-a362-4485-be52-ea33b2d9a045"
    }
  ]
}