{
  "parent": "block/mangrove_button_inventory",
  "overrides": [
    {
      "predicate": {
        "custom_model_data": 1
      },
      "model": "543ae5a3-d645-4e5a-86cd-90ed68d83e3f"
    },
    {
      "predicate": {
        "custom_model_data": 2
      },
      "model": "b7423bdb-08da-401a-8be5-b291d3b69f8c"
    },
    {
      "predicate": {
        "custom_model_data": 3
      },
      "model": "4006f746-4d0f-4151-9dde-0e9d0ae71d97"
    },
    {
      "predicate": {
        "custom_model_data": 4
      },
      "model": "d6b5f76e-8401-4eb8-aff2-949ad3474521"
    },
    {
      "predicate": {
        "custom_model_data": 5
      },
      "model": "63fa92f7-1a8c-4857-9f14-5138c59d47bf"
    },
    {
      "predicate": {
        "custom_model_data": 6
      },
      "model": "5be46f4b-fe53-468c-a118-db872d35743e"
    }
  ]
}