{"parent":"item/handheld","textures":{"layer0":"item/netherite_pickaxe"},"overrides":[{"predicate":{"custom_model_data":2},"model":"e6b19a68-1886-4ff5-bee3-a26197d81006"},{"predicate":{"custom_model_data":3},"model":"1300d39a-abd8-4a9b-bebb-69eaec8fb675"},{"predicate":{"custom_model_data":4},"model":"6a7005b3-0e5d-4faf-a9a1-5c782ad2b586"},{"predicate":{"custom_model_data":5},"model":"41a4bcd5-e6ce-4592-a1d4-ee9110ad1318"},{"predicate":{"custom_model_data":6},"model":"afe7429f-ba81-4a64-a767-ee9942f954a7"},{"predicate":{"custom_model_data":7},"model":"4d52d3fa-1d32-4219-9db5-db45c0433c9d"},{"predicate":{"custom_model_data":8},"model":"9afe2a62-44ca-4fcf-95c5-bafc4ecd6985"},{"predicate":{"custom_model_data":9},"model":"3290f360-dffb-452b-9c8e-333d09c88cd1"},{"predicate":{"custom_model_data":10},"model":"98bc5323-29ea-43dd-a466-5459731d6f53"},{"predicate":{"custom_model_data":11},"model":"ade75c71-3270-4b9d-bb19-b58101c99323"},{"predicate":{"custom_model_data":12},"model":"a79886c1-c5ec-4ed7-a031-c6c2e49b579d"},{"predicate":{"custom_model_data":13},"model":"07bb98e6-882f-4aff-a1bb-abc89deaa3f1"},{"predicate":{"custom_model_data":14},"model":"a8383c15-dfa8-4bf0-8775-8aaa986bc24a"},{"predicate":{"custom_model_data":15},"model":"a557ffe0-8883-46f7-9f3a-cf15f9acd495"},{"predicate":{"custom_model_data":16},"model":"4139e0bc-c864-4d73-8413-457b0f47fbad"},{"predicate":{"custom_model_data":17},"model":"1b3ec4cd-e4a3-4adb-8a75-1eced89cd058"},{"predicate":{"custom_model_data":1000},"model":"nexo:5a8a4043-f74f-4add-8ab9-91b9422a2a1d"}]}