{"parent":"item/handheld","textures":{"layer0":"item/netherite_pickaxe"},"overrides":[{"predicate":{"custom_model_data":2},"model":"710d7937-052b-4065-a857-8b9468b8d4f8"},{"predicate":{"custom_model_data":3},"model":"81b6ca49-6304-4694-af23-6a7a7ace466d"},{"predicate":{"custom_model_data":4},"model":"1f9d33cc-2623-477a-8c0b-f542e970305d"},{"predicate":{"custom_model_data":5},"model":"4c7792cd-bdf6-4b72-ad66-0c80c98ad69e"},{"predicate":{"custom_model_data":6},"model":"7701144d-f490-448d-9e57-e17240f3a388"},{"predicate":{"custom_model_data":7},"model":"48a21719-2271-4b4e-99de-3b5cd8c2f4ea"},{"predicate":{"custom_model_data":8},"model":"091ae694-4bf5-4310-bff7-ce7e4c75f965"},{"predicate":{"custom_model_data":9},"model":"8eb14e91-3c73-4867-b46b-4adf265449d3"},{"predicate":{"custom_model_data":10},"model":"a80cbb2b-7e60-4b4b-8841-898e188fff54"},{"predicate":{"custom_model_data":11},"model":"30f92f2c-a7e0-419c-b55c-a2688a3beab4"},{"predicate":{"custom_model_data":12},"model":"7b8567a5-a79a-4e3e-a72d-fdd74abf1017"},{"predicate":{"custom_model_data":13},"model":"716e285d-ad29-48b3-96ab-a446814bfb52"},{"predicate":{"custom_model_data":14},"model":"f791aae7-f9ac-47e2-af83-4e56d493bd9a"},{"predicate":{"custom_model_data":15},"model":"8267f508-e42f-43d8-a061-93de5503ef64"},{"predicate":{"custom_model_data":16},"model":"83027ef6-af60-411d-9e4f-ee45948000d6"},{"predicate":{"custom_model_data":17},"model":"71b275c7-4528-4f48-a4cf-4accf8ab4b35"},{"predicate":{"custom_model_data":1000},"model":"nexo:e4ea12e9-0815-42c7-9a01-dfa66ed6b22f"}]}