{
  "parent": "item/handheld",
  "textures": {
    "layer0": "item/netherite_pickaxe"
  },
  "overrides": [
    {
      "predicate": {
        "custom_model_data": 2
      },
      "model": "afcb77a7-bfd8-4fee-9c2c-d3323970549c"
    },
    {
      "predicate": {
        "custom_model_data": 3
      },
      "model": "2c44c103-0337-40ae-b2a5-54b562649024"
    },
    {
      "predicate": {
        "custom_model_data": 4
      },
      "model": "92f74040-c673-496f-a164-18d7a158bcf9"
    },
    {
      "predicate": {
        "custom_model_data": 5
      },
      "model": "0d437575-ee21-4c13-a8c0-1e5c0b3f85ff"
    },
    {
      "predicate": {
        "custom_model_data": 6
      },
      "model": "e802be18-da0c-4a23-aea8-976f0573475e"
    },
    {
      "predicate": {
        "custom_model_data": 7
      },
      "model": "3622c274-3faa-4e5f-b2af-d9e2a987ad39"
    },
    {
      "predicate": {
        "custom_model_data": 8
      },
      "model": "d0353a7e-a6f0-4376-b1f0-6192e6fe10a9"
    },
    {
      "predicate": {
        "custom_model_data": 9
      },
      "model": "1158a655-2be3-45ab-925b-6c1ebb72e97c"
    },
    {
      "predicate": {
        "custom_model_data": 10
      },
      "model": "0ba2f9ec-bee9-483e-b113-8fa0c5026ff7"
    },
    {
      "predicate": {
        "custom_model_data": 11
      },
      "model": "87a297d4-f1eb-46fd-b787-6fe73e29360c"
    },
    {
      "predicate": {
        "custom_model_data": 12
      },
      "model": "13eeee56-2bbe-43bd-8121-5bf735dc265f"
    },
    {
      "predicate": {
        "custom_model_data": 13
      },
      "model": "114a65cb-118b-4e35-a9dd-871fc46f9eaa"
    },
    {
      "predicate": {
        "custom_model_data": 14
      },
      "model": "727ec276-3ae1-41d6-8f04-55706aee7fe2"
    },
    {
      "predicate": {
        "custom_model_data": 15
      },
      "model": "18a43cc5-5854-4e2e-bafb-538e7fa3bfec"
    },
    {
      "predicate": {
        "custom_model_data": 16
      },
      "model": "199adaea-faa9-4487-93e1-daffb36fc7f9"
    },
    {
      "predicate": {
        "custom_model_data": 17
      },
      "model": "947e9d65-268a-4bdb-be18-def720be4bdc"
    },
    {
      "predicate": {
        "custom_model_data": 1000
      },
      "model": "nexo:45e8caa6-57f4-46e5-a040-d5fd5bd6b177"
    }
  ]
}