{
  "parent": "item/handheld",
  "textures": {
    "layer0": "item/netherite_pickaxe"
  },
  "overrides": [
    {
      "predicate": {
        "custom_model_data": 2
      },
      "model": "a1c0fc05-0124-40c3-b27a-9df827fcdcbe"
    },
    {
      "predicate": {
        "custom_model_data": 3
      },
      "model": "3fddf39f-2674-4f1c-b5a0-d6a8583b7f24"
    },
    {
      "predicate": {
        "custom_model_data": 4
      },
      "model": "2e63f6b5-06cd-436e-8cb6-cf34e7c92d2b"
    },
    {
      "predicate": {
        "custom_model_data": 5
      },
      "model": "ce68dcf3-69f3-493c-82bd-56e797d2ba7d"
    },
    {
      "predicate": {
        "custom_model_data": 6
      },
      "model": "e7768f17-3d08-41c3-9af2-caa6236e1330"
    },
    {
      "predicate": {
        "custom_model_data": 7
      },
      "model": "4faf78bd-57f0-4038-a162-452587176fa1"
    },
    {
      "predicate": {
        "custom_model_data": 8
      },
      "model": "9a4253f4-34a1-4e10-922d-f763e9ffb393"
    },
    {
      "predicate": {
        "custom_model_data": 9
      },
      "model": "987b77c9-49fc-4407-8d64-d62451d2fea7"
    },
    {
      "predicate": {
        "custom_model_data": 10
      },
      "model": "ce350574-9ba1-49be-b89b-a1b3033aff4f"
    },
    {
      "predicate": {
        "custom_model_data": 11
      },
      "model": "14cee132-d639-4a0f-99e8-448470e89994"
    },
    {
      "predicate": {
        "custom_model_data": 12
      },
      "model": "9a563dd8-d717-4ff2-8d90-57d5364ebb96"
    },
    {
      "predicate": {
        "custom_model_data": 13
      },
      "model": "6394498c-046b-4bdb-b223-6e5b6a8bbd35"
    },
    {
      "predicate": {
        "custom_model_data": 14
      },
      "model": "dcbc6191-7f01-46bf-b6b9-b84dcf83f6e0"
    },
    {
      "predicate": {
        "custom_model_data": 15
      },
      "model": "f1b056ac-5c59-439f-92f4-6014af757434"
    },
    {
      "predicate": {
        "custom_model_data": 16
      },
      "model": "1e4d015a-0c61-4d94-8f9f-a35bc88b6189"
    },
    {
      "predicate": {
        "custom_model_data": 17
      },
      "model": "661793fc-cdf6-457f-a3c1-22a2ecafb797"
    },
    {
      "predicate": {
        "custom_model_data": 1000
      },
      "model": "nexo:31a85170-8e1d-4718-952e-8eef5eecce30"
    }
  ]
}