{
  "parent": "item/handheld",
  "textures": {
    "layer0": "item/netherite_pickaxe"
  },
  "overrides": [
    {
      "predicate": {
        "custom_model_data": 2
      },
      "model": "820e09ce-da13-4fbc-af52-c0aa9bfbe4f5"
    },
    {
      "predicate": {
        "custom_model_data": 3
      },
      "model": "e7bc0bcc-e37e-4d05-9e89-0a077371db4f"
    },
    {
      "predicate": {
        "custom_model_data": 4
      },
      "model": "260382e7-36b8-4e94-8e46-4ef14a8929cc"
    },
    {
      "predicate": {
        "custom_model_data": 5
      },
      "model": "edf3eabd-cb3c-4c52-b370-11afd28c2a65"
    },
    {
      "predicate": {
        "custom_model_data": 6
      },
      "model": "1ac2a86c-e043-4274-8811-f0f03457fd87"
    },
    {
      "predicate": {
        "custom_model_data": 7
      },
      "model": "5732563e-500c-4d2d-bd60-d9724f246f41"
    },
    {
      "predicate": {
        "custom_model_data": 8
      },
      "model": "f7e9549f-33b2-4357-830f-383e82c64380"
    },
    {
      "predicate": {
        "custom_model_data": 9
      },
      "model": "a0d4041f-9a05-4fcd-be53-18df91e80431"
    },
    {
      "predicate": {
        "custom_model_data": 10
      },
      "model": "b5f5c513-8ff5-4a01-af8e-1daf2ee63ac3"
    },
    {
      "predicate": {
        "custom_model_data": 11
      },
      "model": "e83f94b2-57e3-484c-97b1-b02689b3a78f"
    },
    {
      "predicate": {
        "custom_model_data": 12
      },
      "model": "2e83beb4-d890-4c92-b8fc-c494bd5a8347"
    },
    {
      "predicate": {
        "custom_model_data": 13
      },
      "model": "e520cb87-0258-4e8d-a591-93382bc36f04"
    },
    {
      "predicate": {
        "custom_model_data": 14
      },
      "model": "e7ae1e2c-5050-4f77-b0f1-77ffa585b46a"
    },
    {
      "predicate": {
        "custom_model_data": 15
      },
      "model": "e4fbc367-d916-4dd1-a48f-2aacb7820fa9"
    },
    {
      "predicate": {
        "custom_model_data": 16
      },
      "model": "74f3d53a-17bb-4596-ae44-fec0c8f3e058"
    },
    {
      "predicate": {
        "custom_model_data": 17
      },
      "model": "3097c478-c50f-4d0a-b092-37b7d9cb2114"
    },
    {
      "predicate": {
        "custom_model_data": 1000
      },
      "model": "nexo:b97735a8-3708-484c-8556-b697d9f253f7"
    }
  ]
}