{"parent":"item/handheld","textures":{"layer0":"item/netherite_pickaxe"},"overrides":[{"predicate":{"custom_model_data":2},"model":"c8c928a3-1ac1-4f75-aa5e-8e53a11c5d8d"},{"predicate":{"custom_model_data":3},"model":"0cde152d-d9eb-4dab-9940-4f2536c4751b"},{"predicate":{"custom_model_data":4},"model":"f04d3590-3676-48f0-b9a1-7591558de252"},{"predicate":{"custom_model_data":5},"model":"9fa85149-5c90-49af-8a48-81dffe457a27"},{"predicate":{"custom_model_data":6},"model":"453a2e4b-db57-47cb-b016-bc5627df66fe"},{"predicate":{"custom_model_data":7},"model":"00430538-9024-45e7-8e67-a5288253864f"},{"predicate":{"custom_model_data":8},"model":"6127ecaf-fa3b-4e76-aacf-449b1deb9c80"},{"predicate":{"custom_model_data":9},"model":"12ba75ef-ab20-404a-aee4-ff25dec98149"},{"predicate":{"custom_model_data":10},"model":"bee19c07-d3a1-4b76-bd47-476c8ec13416"},{"predicate":{"custom_model_data":11},"model":"83e5b391-129c-42ef-b686-9d1026e0eec6"},{"predicate":{"custom_model_data":12},"model":"d6e406be-43af-453a-be90-7a7d738c4e1a"},{"predicate":{"custom_model_data":13},"model":"ac109737-8b0e-4d67-828a-47e8be548b73"},{"predicate":{"custom_model_data":14},"model":"279fab45-2577-4962-85b2-5fd9c8e030cb"},{"predicate":{"custom_model_data":15},"model":"f51a9cae-eff1-460d-8b60-759231b33bd8"},{"predicate":{"custom_model_data":16},"model":"645b6309-29bf-4b33-aca7-8481f07d028f"},{"predicate":{"custom_model_data":17},"model":"37286b05-37d7-48bf-8d09-2fa6ef2115f4"},{"predicate":{"custom_model_data":1000},"model":"nexo:fd877147-b4ce-4a2e-a034-448ded15dd93"}]}