{
  "parent": "item/handheld",
  "textures": {
    "layer0": "item/netherite_pickaxe"
  },
  "overrides": [
    {
      "predicate": {
        "custom_model_data": 2
      },
      "model": "uncommon_pickaxe1"
    },
    {
      "predicate": {
        "custom_model_data": 3
      },
      "model": "uncommon_pickaxe2"
    },
    {
      "predicate": {
        "custom_model_data": 4
      },
      "model": "rare_pickaxe1"
    },
    {
      "predicate": {
        "custom_model_data": 5
      },
      "model": "rare_pickaxe2"
    },
    {
      "predicate": {
        "custom_model_data": 6
      },
      "model": "epic_pickaxe1"
    },
    {
      "predicate": {
        "custom_model_data": 7
      },
      "model": "epic_pickaxe2"
    },
    {
      "predicate": {
        "custom_model_data": 8
      },
      "model": "legendary_pickaxe1"
    },
    {
      "predicate": {
        "custom_model_data": 9
      },
      "model": "legendary_pickaxe2"
    },
    {
      "predicate": {
        "custom_model_data": 10
      },
      "model": "mythic_pickaxe1"
    },
    {
      "predicate": {
        "custom_model_data": 11
      },
      "model": "mythic_pickaxe2"
    },
    {
      "predicate": {
        "custom_model_data": 12
      },
      "model": "void_pickaxe1"
    },
    {
      "predicate": {
        "custom_model_data": 13
      },
      "model": "void_pickaxe2"
    },
    {
      "predicate": {
        "custom_model_data": 14
      },
      "model": "void_pickaxe3"
    },
    {
      "predicate": {
        "custom_model_data": 15
      },
      "model": "void_pickaxe4"
    },
    {
      "predicate": {
        "custom_model_data": 16
      },
      "model": "void_pickaxe5"
    },
    {
      "predicate": {
        "custom_model_data": 17
      },
      "model": "void_pickaxe6"
    },
    {
      "predicate": {
        "custom_model_data": 1000
      },
      "model": "nexo:item/nexo_tools/forest_pickaxe"
    }
  ]
}