{
  "parent": "item/generated",
  "textures": {
    "layer0": "item/paper"
  },
  "overrides": [
    {
      "predicate": {
        "custom_model_data": 1
      },
      "model": "b97f7794-4eb6-46d2-9e8b-46dbc080b8d0"
    },
    {
      "predicate": {
        "custom_model_data": 2
      },
      "model": "2fe7fe80-9aba-4541-8af2-f640c5025493"
    },
    {
      "predicate": {
        "custom_model_data": 3
      },
      "model": "d54298a4-1f1e-42d3-b134-106acd65b317"
    },
    {
      "predicate": {
        "custom_model_data": 4
      },
      "model": "e8379e4a-6d0c-43fa-81c3-4b784c79f460"
    },
    {
      "predicate": {
        "custom_model_data": 5
      },
      "model": "94307b77-b62a-454c-8150-72edbd7d0ca3"
    },
    {
      "predicate": {
        "custom_model_data": 6
      },
      "model": "cb552e70-8925-4e93-b107-8870bc821275"
    },
    {
      "predicate": {
        "custom_model_data": 7
      },
      "model": "bdc227f5-f657-4fdb-a80a-4485b0fe4a4b"
    },
    {
      "predicate": {
        "custom_model_data": 8
      },
      "model": "bf57ff01-879f-4411-85e5-a76c6d5e1e3b"
    },
    {
      "predicate": {
        "custom_model_data": 9
      },
      "model": "6946f277-22db-4af9-be16-0e550031ec3c"
    },
    {
      "predicate": {
        "custom_model_data": 10
      },
      "model": "bf689ead-5394-48bb-b0f8-6dd9215e706d"
    },
    {
      "predicate": {
        "custom_model_data": 11
      },
      "model": "485cef2c-ff09-4e0d-a94e-4c6065216980"
    },
    {
      "predicate": {
        "custom_model_data": 12
      },
      "model": "a90b9a1e-e5f8-4d95-bde0-c9ac9a2444a8"
    },
    {
      "predicate": {
        "custom_model_data": 13
      },
      "model": "ff8c034f-0feb-44b4-b754-87525f9a967e"
    },
    {
      "predicate": {
        "custom_model_data": 14
      },
      "model": "5e0b4ae4-eb89-4170-8d97-84234fd2e7d9"
    },
    {
      "predicate": {
        "custom_model_data": 15
      },
      "model": "267424e0-05c6-40c4-a0cd-9f952fa958e1"
    },
    {
      "predicate": {
        "custom_model_data": 16
      },
      "model": "4f284cbe-3299-4908-8358-85955bcebf2d"
    },
    {
      "predicate": {
        "custom_model_data": 17
      },
      "model": "1cc8627f-da97-478d-bf7e-9820e5aab0cb"
    },
    {
      "predicate": {
        "custom_model_data": 18
      },
      "model": "041d12f4-9be5-4e3f-b226-ad5f5c9136e3"
    },
    {
      "predicate": {
        "custom_model_data": 19
      },
      "model": "8f952430-1f5c-4ab7-8af2-ed878b26721e"
    },
    {
      "predicate": {
        "custom_model_data": 20
      },
      "model": "b3082a2f-ac2b-469c-8774-01f32e1ba247"
    },
    {
      "predicate": {
        "custom_model_data": 21
      },
      "model": "2dab5b68-0943-4339-bc23-e8d761151c6d"
    },
    {
      "predicate": {
        "custom_model_data": 22
      },
      "model": "0a2334bc-9de5-4e51-86a8-0a2cf4e3ccff"
    },
    {
      "predicate": {
        "custom_model_data": 23
      },
      "model": "1e28307e-295f-4339-97c6-c37ea16ae6d7"
    },
    {
      "predicate": {
        "custom_model_data": 24
      },
      "model": "f80a75e9-9abf-4f2a-b8a8-cf0a82908e28"
    },
    {
      "predicate": {
        "custom_model_data": 25
      },
      "model": "1e670d83-14f8-4f52-9785-aae4c8f3120e"
    },
    {
      "predicate": {
        "custom_model_data": 26
      },
      "model": "acc701cd-435d-4d22-93eb-c9f758b30faa"
    },
    {
      "predicate": {
        "custom_model_data": 27
      },
      "model": "3e0c2682-1f78-4a2e-b50d-533ce7b0fefa"
    },
    {
      "predicate": {
        "custom_model_data": 28
      },
      "model": "45a3875e-eb15-4925-9fa5-327376c5e19f"
    },
    {
      "predicate": {
        "custom_model_data": 29
      },
      "model": "6b1f3952-2ad2-439f-94fb-bee4c56008bb"
    },
    {
      "predicate": {
        "custom_model_data": 30
      },
      "model": "e0100073-4589-4fa2-bcec-c6ca0bd06480"
    },
    {
      "predicate": {
        "custom_model_data": 31
      },
      "model": "e8b0cf23-32b8-40de-9047-c8ed439174d3"
    },
    {
      "predicate": {
        "custom_model_data": 32
      },
      "model": "01a4ab9c-e96a-488b-8a80-f167cc535f91"
    },
    {
      "predicate": {
        "custom_model_data": 33
      },
      "model": "d11e4a45-38b0-4a4b-be6a-91f1679520d1"
    },
    {
      "predicate": {
        "custom_model_data": 34
      },
      "model": "74b67bba-f516-4be2-af50-acfb1f3252df"
    },
    {
      "predicate": {
        "custom_model_data": 35
      },
      "model": "73baf925-03e0-4219-a2f4-f42a96a2d30a"
    },
    {
      "predicate": {
        "custom_model_data": 36
      },
      "model": "21463bed-9db4-4d05-a9f8-30e78d6a3345"
    },
    {
      "predicate": {
        "custom_model_data": 37
      },
      "model": "68b6a7f1-617c-486d-8db6-b551217e53b6"
    },
    {
      "predicate": {
        "custom_model_data": 38
      },
      "model": "c671f440-2deb-4a95-9978-2e6adacb8e02"
    },
    {
      "predicate": {
        "custom_model_data": 39
      },
      "model": "f0ab8e6a-a9c7-468a-982b-d884ce0fdad0"
    },
    {
      "predicate": {
        "custom_model_data": 40
      },
      "model": "23d7b315-20a8-4ddf-a459-267171185115"
    },
    {
      "predicate": {
        "custom_model_data": 41
      },
      "model": "8a90f6ef-1ecd-4d13-894e-c112b9b0fe26"
    },
    {
      "predicate": {
        "custom_model_data": 42
      },
      "model": "f946436d-c6bd-4063-9504-3fbacef121da"
    },
    {
      "predicate": {
        "custom_model_data": 43
      },
      "model": "0f865e0f-7198-4ba9-9908-c6e065e6e56e"
    },
    {
      "predicate": {
        "custom_model_data": 44
      },
      "model": "9315a004-69c1-43a6-9e3a-ef203d716da5"
    },
    {
      "predicate": {
        "custom_model_data": 45
      },
      "model": "fb2c7b10-53e2-438e-959e-8db85864e6d5"
    },
    {
      "predicate": {
        "custom_model_data": 46
      },
      "model": "a409d9c5-8dc2-4973-b730-fd8652e1151f"
    },
    {
      "predicate": {
        "custom_model_data": 47
      },
      "model": "d4e9f4a8-3362-4bd6-861d-1c824dd80e6a"
    },
    {
      "predicate": {
        "custom_model_data": 48
      },
      "model": "fb6c9d00-edf6-42dc-8072-b7ecad6d88c1"
    },
    {
      "predicate": {
        "custom_model_data": 49
      },
      "model": "1234a015-90f7-4ebb-ac7b-4acd1d392a51"
    },
    {
      "predicate": {
        "custom_model_data": 50
      },
      "model": "eff39af5-c11d-4cf0-aa89-1032b73c43fd"
    },
    {
      "predicate": {
        "custom_model_data": 51
      },
      "model": "c853c9c7-537b-4047-93da-c34170731321"
    },
    {
      "predicate": {
        "custom_model_data": 52
      },
      "model": "8034b353-479e-4b85-9c4e-fa41a8bef73f"
    },
    {
      "predicate": {
        "custom_model_data": 53
      },
      "model": "f7151c1b-0461-4b8d-8dac-2584a4fc5a43"
    },
    {
      "predicate": {
        "custom_model_data": 54
      },
      "model": "3bb64af3-6e92-4881-ae40-ca8de5746bb3"
    },
    {
      "predicate": {
        "custom_model_data": 55
      },
      "model": "9f6b550f-0432-483a-a5da-39dbda25660c"
    },
    {
      "predicate": {
        "custom_model_data": 56
      },
      "model": "ce067197-8c83-4616-9cb0-8336082e7baf"
    },
    {
      "predicate": {
        "custom_model_data": 100
      },
      "model": "b26a5e3a-2b06-4f1f-95b4-30db5dfa6f42"
    },
    {
      "predicate": {
        "custom_model_data": 101
      },
      "model": "bd8b6896-bad2-4104-8701-30c3d553af2e"
    },
    {
      "predicate": {
        "custom_model_data": 102
      },
      "model": "6cb836e2-51a3-4d60-94f2-2ab02cc69f57"
    },
    {
      "predicate": {
        "custom_model_data": 1000
      },
      "model": "nexo:6f82b1ee-5c92-4e74-9569-615f1e09afa3"
    },
    {
      "predicate": {
        "custom_model_data": 1001
      },
      "model": "nexo:d3c7f1a1-014f-41af-be75-6c273a73acf4"
    },
    {
      "predicate": {
        "custom_model_data": 1002
      },
      "model": "nexo:c341c6e3-241e-4c89-81d4-cb9c90bfd086"
    },
    {
      "predicate": {
        "custom_model_data": 1003
      },
      "model": "nexo:1be088b0-2984-49d5-9bea-b9e5f61f59e6"
    },
    {
      "predicate": {
        "custom_model_data": 1004
      },
      "model": "nexo:28e679d8-74af-4195-a411-cc7062d89841"
    },
    {
      "predicate": {
        "custom_model_data": 1005
      },
      "model": "nexo:d0d929e9-fbdc-4478-94bf-df2d58d6cd26"
    },
    {
      "predicate": {
        "custom_model_data": 1006
      },
      "model": "ae711d05-a080-4028-ba1e-2dea6a289320"
    },
    {
      "predicate": {
        "custom_model_data": 1007
      },
      "model": "7004c4d0-b0ca-447f-acd5-e6a3b5529dc7"
    },
    {
      "predicate": {
        "custom_model_data": 1008
      },
      "model": "6952b0d7-0e6b-4ed4-8f39-91b6f826c962"
    },
    {
      "predicate": {
        "custom_model_data": 49998
      },
      "model": "customfishing:54da09ec-bf14-4341-b0aa-5281879abc05"
    },
    {
      "predicate": {
        "custom_model_data": 49999
      },
      "model": "customfishing:97d3b3e0-ce1f-4f67-84e3-ecd5a3fef14a"
    },
    {
      "predicate": {
        "custom_model_data": 50000
      },
      "model": "customfishing:1a06fef5-79d8-47c2-af60-541b384504eb"
    },
    {
      "predicate": {
        "custom_model_data": 50001
      },
      "model": "customfishing:1b686c23-fa2d-4e18-bbf3-358ad8607f89"
    },
    {
      "predicate": {
        "custom_model_data": 50002
      },
      "model": "customfishing:157079cc-90ac-4c9a-85c0-8fb90677d1b3"
    },
    {
      "predicate": {
        "custom_model_data": 50003
      },
      "model": "customfishing:912fb945-64b3-461c-a170-223728b8ee27"
    }
  ]
}