{"parent":"item/generated","textures":{"layer0":"item/paper"},"overrides":[{"predicate":{"custom_model_data":1},"model":"f81ca501-87ef-4912-befb-96500c0015ff"},{"predicate":{"custom_model_data":2},"model":"9cc15de0-951d-48f7-b21a-855d1974a246"},{"predicate":{"custom_model_data":3},"model":"f3dbc1af-27b5-480c-94da-9b3cfe7d25f7"},{"predicate":{"custom_model_data":4},"model":"2009d239-1dd2-4656-be01-596be1db6377"},{"predicate":{"custom_model_data":5},"model":"31a91a4f-580e-46b1-b91f-e1350e1ce301"},{"predicate":{"custom_model_data":6},"model":"212ad3bb-fc14-484a-93bc-36a0c3e331da"},{"predicate":{"custom_model_data":7},"model":"9446453a-f375-4d6b-a059-7c0dff90e950"},{"predicate":{"custom_model_data":8},"model":"93a92938-d053-43a2-94dc-ff4cb45364e4"},{"predicate":{"custom_model_data":9},"model":"2ab5d139-687b-47f3-bf8f-6388aef74285"},{"predicate":{"custom_model_data":10},"model":"547f7b10-3b5d-419f-b828-7565d6818ce7"},{"predicate":{"custom_model_data":11},"model":"29a4e96c-92e4-4aee-a1fc-fae4d5b95214"},{"predicate":{"custom_model_data":12},"model":"3bd4c30c-a493-416f-8bc1-6536d9ac260c"},{"predicate":{"custom_model_data":13},"model":"1f560d01-dcfd-400a-873a-172718e1e921"},{"predicate":{"custom_model_data":14},"model":"4f0bdc4d-1621-43ab-9ada-db20c3150f82"},{"predicate":{"custom_model_data":15},"model":"ea7d6a06-5d84-48c8-8aa9-cf4ad5b08dc0"},{"predicate":{"custom_model_data":16},"model":"07b064e4-5457-4e40-bf8e-2e4387fad3d2"},{"predicate":{"custom_model_data":17},"model":"3025330c-4c66-4d57-a532-083588ba11bc"},{"predicate":{"custom_model_data":18},"model":"c7c39f78-cec5-46b1-a6b7-89baa633c41c"},{"predicate":{"custom_model_data":19},"model":"93017497-06ea-4eec-9ab3-71f5c7798b90"},{"predicate":{"custom_model_data":20},"model":"04bda733-c71b-4725-a65a-1aa1fae06018"},{"predicate":{"custom_model_data":21},"model":"7b50f367-4520-48c1-8cfa-b777f195fdb0"},{"predicate":{"custom_model_data":22},"model":"9d92a819-a8ff-4388-a9c5-a8c859c133c4"},{"predicate":{"custom_model_data":23},"model":"4b85fbff-d044-4aa5-a844-2feaadb68964"},{"predicate":{"custom_model_data":24},"model":"8fd6cf9b-337c-4725-8e9b-3f1a7145c291"},{"predicate":{"custom_model_data":25},"model":"da43f732-fd15-46a4-85db-d4d9abd7609c"},{"predicate":{"custom_model_data":26},"model":"5bc0468a-30a7-4793-a9b2-45238d2a8018"},{"predicate":{"custom_model_data":27},"model":"d59136b5-c85d-4edb-a654-87c44b9bacbf"},{"predicate":{"custom_model_data":28},"model":"7896d700-3a59-4143-8d9a-1268a75c7879"},{"predicate":{"custom_model_data":29},"model":"69d5e272-3735-4e86-85d4-f80b7f4ca66d"},{"predicate":{"custom_model_data":30},"model":"bb97d678-4f92-4b60-ac98-814e731e63d1"},{"predicate":{"custom_model_data":31},"model":"04427919-887d-436a-9fae-0247dea7b7af"},{"predicate":{"custom_model_data":32},"model":"0bdebe70-73d9-4d21-89f1-854029400050"},{"predicate":{"custom_model_data":33},"model":"30a735b3-c940-49d5-a59f-cd8002935365"},{"predicate":{"custom_model_data":34},"model":"6d96566d-772f-4838-8ab3-64bc9e444b48"},{"predicate":{"custom_model_data":35},"model":"4eee51dc-c3cf-46fb-8c0d-58a7d611789f"},{"predicate":{"custom_model_data":36},"model":"91346a56-90d8-4a77-a4a9-6cd70a3077fa"},{"predicate":{"custom_model_data":37},"model":"e14cf049-1357-4b1a-928b-dea6bf0cb847"},{"predicate":{"custom_model_data":38},"model":"7ab7df43-e214-464f-b833-c0e193ec4bd5"},{"predicate":{"custom_model_data":39},"model":"3e2c2262-0520-491a-904e-6ae7c6a272c7"},{"predicate":{"custom_model_data":40},"model":"e6102614-c07a-4d0b-83fd-ddddbd7a1c54"},{"predicate":{"custom_model_data":41},"model":"a78e723b-ff1f-489d-bafb-8ebd27ccc019"},{"predicate":{"custom_model_data":42},"model":"69299691-cb65-4aa8-b949-ee77d6daa665"},{"predicate":{"custom_model_data":43},"model":"1ea9ee50-8487-44ef-9066-10eaeb0369f2"},{"predicate":{"custom_model_data":44},"model":"1dba3be3-3e43-4a11-8fa2-d160bacdf080"},{"predicate":{"custom_model_data":45},"model":"53316bce-d0ad-4c35-9165-153ed42120fa"},{"predicate":{"custom_model_data":46},"model":"ae83caf5-9dc7-4839-a0a6-0c0aa7504dee"},{"predicate":{"custom_model_data":47},"model":"00028bda-c867-4042-937f-2285efc68018"},{"predicate":{"custom_model_data":48},"model":"f13d91cd-8f4c-495a-9166-835c7b922b0a"},{"predicate":{"custom_model_data":49},"model":"6406e280-2de2-484d-9f71-f3f9016ef976"},{"predicate":{"custom_model_data":50},"model":"43a7d17a-1c82-4ce0-9bf4-eb77368abc0a"},{"predicate":{"custom_model_data":51},"model":"237d20fc-fbc3-4f25-a4c8-a826c6861c79"},{"predicate":{"custom_model_data":52},"model":"bf55232e-0283-4cfa-b4b0-d9adcd787dce"},{"predicate":{"custom_model_data":53},"model":"24ccd23b-d7d7-4e9f-80d4-a30e97001530"},{"predicate":{"custom_model_data":54},"model":"e8e7b303-e355-4d9b-a997-387d65e8fbc3"},{"predicate":{"custom_model_data":55},"model":"a1aa3284-2f3c-495a-89a2-ab1eeec00259"},{"predicate":{"custom_model_data":56},"model":"c7efe37a-fdbb-488d-bba6-7314b57a3f72"},{"predicate":{"custom_model_data":100},"model":"73e2f2b5-453f-471d-94a3-1f93ce16f340"},{"predicate":{"custom_model_data":101},"model":"4ebbed74-edc8-45f3-b728-ab60bbdc879c"},{"predicate":{"custom_model_data":102},"model":"89a68ad3-3ff9-4f6f-92f4-f04a4d49a86d"},{"predicate":{"custom_model_data":1000},"model":"nexo:a041a42d-b113-4713-852b-9c83dedb3048"},{"predicate":{"custom_model_data":1001},"model":"nexo:79630064-4ca6-4fe6-85a7-2d4fdae9b60b"},{"predicate":{"custom_model_data":1002},"model":"nexo:fe0e7061-c850-4cf1-9a0c-4f30730c93b2"},{"predicate":{"custom_model_data":1003},"model":"nexo:8e22077d-7bda-4acb-b3f3-9472746b0018"},{"predicate":{"custom_model_data":1004},"model":"nexo:cd31942a-e8b9-4d1c-9aa9-de9fb95694bb"},{"predicate":{"custom_model_data":1005},"model":"nexo:e11acf99-d782-4fbb-ba49-adbe2305716c"},{"predicate":{"custom_model_data":1006},"model":"299aa3a6-685b-46de-b63a-fdc5e43aab2a"},{"predicate":{"custom_model_data":1007},"model":"ce94ca76-5b19-42a1-80e7-12548377d52d"},{"predicate":{"custom_model_data":1008},"model":"fb554865-d7d1-4bbf-ab39-63f681c3f7f3"},{"predicate":{"custom_model_data":49998},"model":"customfishing:e8ca0ebf-8c8b-48cd-b0a1-ebe6a5fd3c60"},{"predicate":{"custom_model_data":49999},"model":"customfishing:f1c2e8f7-f3a3-408c-a5ec-2c0ff6d8299f"},{"predicate":{"custom_model_data":50000},"model":"customfishing:653137bb-2328-424d-b8ae-4122935bb0b2"},{"predicate":{"custom_model_data":50001},"model":"customfishing:e5b232df-4504-414c-8e59-70ce8f30a635"},{"predicate":{"custom_model_data":50002},"model":"customfishing:9123cc3e-a731-422f-bc29-b4a0e8d8ae0c"},{"predicate":{"custom_model_data":50003},"model":"customfishing:b87620db-cfaf-4b7a-8a20-d4caee5fa948"}]}