{
  "parent": "item/generated",
  "textures": {
    "layer0": "item/paper"
  },
  "overrides": [
    {
      "predicate": {
        "custom_model_data": 1
      },
      "model": "common_crategui_1"
    },
    {
      "predicate": {
        "custom_model_data": 2
      },
      "model": "common_crategui_2"
    },
    {
      "predicate": {
        "custom_model_data": 3
      },
      "model": "common_crategui_3"
    },
    {
      "predicate": {
        "custom_model_data": 4
      },
      "model": "common_crategui_4"
    },
    {
      "predicate": {
        "custom_model_data": 5
      },
      "model": "common_crategui_5"
    },
    {
      "predicate": {
        "custom_model_data": 6
      },
      "model": "common_crategui_6"
    },
    {
      "predicate": {
        "custom_model_data": 7
      },
      "model": "common_crategui_7"
    },
    {
      "predicate": {
        "custom_model_data": 8
      },
      "model": "common_crategui_8"
    },
    {
      "predicate": {
        "custom_model_data": 9
      },
      "model": "uncommon_crategui_1"
    },
    {
      "predicate": {
        "custom_model_data": 10
      },
      "model": "uncommon_crategui_2"
    },
    {
      "predicate": {
        "custom_model_data": 11
      },
      "model": "uncommon_crategui_3"
    },
    {
      "predicate": {
        "custom_model_data": 12
      },
      "model": "uncommon_crategui_4"
    },
    {
      "predicate": {
        "custom_model_data": 13
      },
      "model": "uncommon_crategui_5"
    },
    {
      "predicate": {
        "custom_model_data": 14
      },
      "model": "uncommon_crategui_6"
    },
    {
      "predicate": {
        "custom_model_data": 15
      },
      "model": "uncommon_crategui_7"
    },
    {
      "predicate": {
        "custom_model_data": 16
      },
      "model": "uncommon_crategui_8"
    },
    {
      "predicate": {
        "custom_model_data": 17
      },
      "model": "rare_crategui_1"
    },
    {
      "predicate": {
        "custom_model_data": 18
      },
      "model": "rare_crategui_2"
    },
    {
      "predicate": {
        "custom_model_data": 19
      },
      "model": "rare_crategui_3"
    },
    {
      "predicate": {
        "custom_model_data": 20
      },
      "model": "rare_crategui_4"
    },
    {
      "predicate": {
        "custom_model_data": 21
      },
      "model": "rare_crategui_5"
    },
    {
      "predicate": {
        "custom_model_data": 22
      },
      "model": "rare_crategui_6"
    },
    {
      "predicate": {
        "custom_model_data": 23
      },
      "model": "rare_crategui_7"
    },
    {
      "predicate": {
        "custom_model_data": 24
      },
      "model": "rare_crategui_8"
    },
    {
      "predicate": {
        "custom_model_data": 25
      },
      "model": "epic_crategui_1"
    },
    {
      "predicate": {
        "custom_model_data": 26
      },
      "model": "epic_crategui_2"
    },
    {
      "predicate": {
        "custom_model_data": 27
      },
      "model": "epic_crategui_3"
    },
    {
      "predicate": {
        "custom_model_data": 28
      },
      "model": "epic_crategui_4"
    },
    {
      "predicate": {
        "custom_model_data": 29
      },
      "model": "epic_crategui_5"
    },
    {
      "predicate": {
        "custom_model_data": 30
      },
      "model": "epic_crategui_6"
    },
    {
      "predicate": {
        "custom_model_data": 31
      },
      "model": "epic_crategui_7"
    },
    {
      "predicate": {
        "custom_model_data": 32
      },
      "model": "epic_crategui_8"
    },
    {
      "predicate": {
        "custom_model_data": 33
      },
      "model": "legendary_crategui_1"
    },
    {
      "predicate": {
        "custom_model_data": 34
      },
      "model": "legendary_crategui_2"
    },
    {
      "predicate": {
        "custom_model_data": 35
      },
      "model": "legendary_crategui_3"
    },
    {
      "predicate": {
        "custom_model_data": 36
      },
      "model": "legendary_crategui_4"
    },
    {
      "predicate": {
        "custom_model_data": 37
      },
      "model": "legendary_crategui_5"
    },
    {
      "predicate": {
        "custom_model_data": 38
      },
      "model": "legendary_crategui_6"
    },
    {
      "predicate": {
        "custom_model_data": 39
      },
      "model": "legendary_crategui_7"
    },
    {
      "predicate": {
        "custom_model_data": 40
      },
      "model": "legendary_crategui_8"
    },
    {
      "predicate": {
        "custom_model_data": 41
      },
      "model": "mythic_crategui_1"
    },
    {
      "predicate": {
        "custom_model_data": 42
      },
      "model": "mythic_crategui_2"
    },
    {
      "predicate": {
        "custom_model_data": 43
      },
      "model": "mythic_crategui_3"
    },
    {
      "predicate": {
        "custom_model_data": 44
      },
      "model": "mythic_crategui_4"
    },
    {
      "predicate": {
        "custom_model_data": 45
      },
      "model": "mythic_crategui_5"
    },
    {
      "predicate": {
        "custom_model_data": 46
      },
      "model": "mythic_crategui_6"
    },
    {
      "predicate": {
        "custom_model_data": 47
      },
      "model": "mythic_crategui_7"
    },
    {
      "predicate": {
        "custom_model_data": 48
      },
      "model": "mythic_crategui_8"
    },
    {
      "predicate": {
        "custom_model_data": 49
      },
      "model": "void_crategui_1"
    },
    {
      "predicate": {
        "custom_model_data": 50
      },
      "model": "void_crategui_2"
    },
    {
      "predicate": {
        "custom_model_data": 51
      },
      "model": "void_crategui_3"
    },
    {
      "predicate": {
        "custom_model_data": 52
      },
      "model": "void_crategui_4"
    },
    {
      "predicate": {
        "custom_model_data": 53
      },
      "model": "void_crategui_5"
    },
    {
      "predicate": {
        "custom_model_data": 54
      },
      "model": "void_crategui_6"
    },
    {
      "predicate": {
        "custom_model_data": 55
      },
      "model": "void_crategui_7"
    },
    {
      "predicate": {
        "custom_model_data": 56
      },
      "model": "void_crategui_8"
    },
    {
      "predicate": {
        "custom_model_data": 100
      },
      "model": "cancel_crategui"
    },
    {
      "predicate": {
        "custom_model_data": 101
      },
      "model": "confirm_crategui"
    },
    {
      "predicate": {
        "custom_model_data": 102
      },
      "model": "question_crategui"
    },
    {
      "predicate": {
        "custom_model_data": 1000
      },
      "model": "nexo:item/nexo_furniture/arm_chair"
    },
    {
      "predicate": {
        "custom_model_data": 1001
      },
      "model": "nexo:item/nexo_furniture/coffee_table"
    },
    {
      "predicate": {
        "custom_model_data": 1002
      },
      "model": "nexo:item/nexo_furniture/end_table"
    },
    {
      "predicate": {
        "custom_model_data": 1003
      },
      "model": "nexo:item/nexo_furniture/sofa"
    },
    {
      "predicate": {
        "custom_model_data": 1004
      },
      "model": "nexo:item/nexo_furniture/storage_chest"
    },
    {
      "predicate": {
        "custom_model_data": 1005
      },
      "model": "nexo:item/nexo_furniture/table_lamp"
    },
    {
      "predicate": {
        "custom_model_data": 1006
      },
      "model": "next_page_icon"
    },
    {
      "predicate": {
        "custom_model_data": 1007
      },
      "model": "previous_page_icon"
    },
    {
      "predicate": {
        "custom_model_data": 1008
      },
      "model": "cancel_icon"
    },
    {
      "predicate": {
        "custom_model_data": 49998
      },
      "model": "customfishing:item/util/splash_water"
    },
    {
      "predicate": {
        "custom_model_data": 49999
      },
      "model": "customfishing:item/util/splash_lava"
    },
    {
      "predicate": {
        "custom_model_data": 50000
      },
      "model": "customfishing:item/util/fishfinder"
    },
    {
      "predicate": {
        "custom_model_data": 50001
      },
      "model": "customfishing:item/bait/simple_bait"
    },
    {
      "predicate": {
        "custom_model_data": 50002
      },
      "model": "customfishing:item/bait/magnetic_bait"
    },
    {
      "predicate": {
        "custom_model_data": 50003
      },
      "model": "customfishing:item/bait/wild_bait"
    }
  ]
}