{
  "parent": "item/generated",
  "textures": {
    "layer0": "item/paper"
  },
  "overrides": [
    {
      "predicate": {
        "custom_model_data": 1000
      },
      "model": "nexo:4f955393-60db-4d60-bd6f-207333f8be35"
    },
    {
      "predicate": {
        "custom_model_data": 1001
      },
      "model": "nexo:1e61e893-1d7f-41bd-8356-bd55385f73a9"
    },
    {
      "predicate": {
        "custom_model_data": 1002
      },
      "model": "nexo:8fa42628-6fc7-4ef9-a7d7-dbf3bed5a8ad"
    },
    {
      "predicate": {
        "custom_model_data": 1003
      },
      "model": "nexo:a42ed04d-995a-4799-ad5b-94dc6fbf92d6"
    },
    {
      "predicate": {
        "custom_model_data": 1004
      },
      "model": "nexo:0659e3d9-b33c-4f97-992d-03f2d65c6a8b"
    },
    {
      "predicate": {
        "custom_model_data": 1005
      },
      "model": "nexo:a9151cc1-43e1-4c4a-9d2a-0d6df187a3e7"
    },
    {
      "predicate": {
        "custom_model_data": 1006
      },
      "model": "4a958b5c-150d-43de-af2a-6add9167730f"
    },
    {
      "predicate": {
        "custom_model_data": 1007
      },
      "model": "7da7a104-3a1f-4fda-aa5f-7d371fab28e7"
    },
    {
      "predicate": {
        "custom_model_data": 1008
      },
      "model": "3408c808-58f1-4dcf-b702-94dd7b29eda9"
    },
    {
      "predicate": {
        "custom_model_data": 49998
      },
      "model": "customfishing:8c495233-5184-47fe-a79f-834798a81f8c"
    },
    {
      "predicate": {
        "custom_model_data": 49999
      },
      "model": "customfishing:a1d627bf-bf5b-404f-a4d6-8f4e3e0e76b2"
    },
    {
      "predicate": {
        "custom_model_data": 50000
      },
      "model": "customfishing:8442d717-0cfe-497c-92d8-15745f1314c0"
    },
    {
      "predicate": {
        "custom_model_data": 50001
      },
      "model": "customfishing:83e4cbaa-e52d-4f5f-b205-024396185051"
    },
    {
      "predicate": {
        "custom_model_data": 50002
      },
      "model": "customfishing:1a4d10fe-1aed-43b7-a1d0-27ccc063edbf"
    },
    {
      "predicate": {
        "custom_model_data": 50003
      },
      "model": "customfishing:5a843ddc-5772-4699-9bae-5008d318ac59"
    }
  ]
}