{"parent":"item/generated","textures":{"layer0":"item/paper"},"overrides":[{"predicate":{"custom_model_data":1},"model":"81449615-98fe-49da-9bc4-62317509d476"},{"predicate":{"custom_model_data":2},"model":"fc86b897-2fa7-4756-b865-917ac75bd678"},{"predicate":{"custom_model_data":3},"model":"a71b3983-13c9-4a51-9f3a-f5fab5b83884"},{"predicate":{"custom_model_data":4},"model":"14fcd66f-6c79-4d11-9848-e258cef1f6ac"},{"predicate":{"custom_model_data":5},"model":"0acbdd49-1062-4c8c-94ee-d8ea3cfc9ffc"},{"predicate":{"custom_model_data":6},"model":"a7650b39-8937-4f11-8951-6fd67c7eaff5"},{"predicate":{"custom_model_data":7},"model":"fdd9aa16-997f-46ea-91b9-e09c370f8695"},{"predicate":{"custom_model_data":8},"model":"e0da2d4c-9c63-4adc-8fa4-20a8ae4ead44"},{"predicate":{"custom_model_data":9},"model":"23ef5580-a80d-444f-a5bc-19810575683d"},{"predicate":{"custom_model_data":10},"model":"69ca0dae-2919-4f0e-8b06-8696942a7017"},{"predicate":{"custom_model_data":11},"model":"6cd1b43d-227f-48cc-a1fa-f9a1244911ec"},{"predicate":{"custom_model_data":12},"model":"c0b68bf2-c6cb-472b-abc8-cfdcd2a136a5"},{"predicate":{"custom_model_data":13},"model":"d9375eb0-bc51-47ec-83e0-555f066da638"},{"predicate":{"custom_model_data":14},"model":"01fa7e68-3e34-4848-ad36-baa6e00dd633"},{"predicate":{"custom_model_data":15},"model":"bf2896a5-d5d1-4d0a-95fb-5ad80597802a"},{"predicate":{"custom_model_data":16},"model":"3cebe5be-e216-4755-a63c-a7004cf34ce0"},{"predicate":{"custom_model_data":17},"model":"2a5f9cc2-b675-47d7-9ddf-12bf59b8556c"},{"predicate":{"custom_model_data":18},"model":"a25d8e06-55dc-42d9-8aff-5781cd51860b"},{"predicate":{"custom_model_data":19},"model":"6c35c472-334b-4b13-a7cc-a259b2186676"},{"predicate":{"custom_model_data":20},"model":"112a261c-0ed9-4859-9afe-b84b83095a77"},{"predicate":{"custom_model_data":21},"model":"6b3aa3b4-05a2-4e5e-84f2-221ab8c45591"},{"predicate":{"custom_model_data":22},"model":"bcb04bec-14e1-4cb5-8523-556106f66d34"},{"predicate":{"custom_model_data":23},"model":"20256b19-eecd-4adf-b982-a95c61b4fb41"},{"predicate":{"custom_model_data":24},"model":"9bdad6cb-4771-45fc-a632-5790e4c2447c"},{"predicate":{"custom_model_data":25},"model":"a66590c2-be76-4028-a36c-97196680ed5f"},{"predicate":{"custom_model_data":26},"model":"e4fa88f2-0101-4a34-82ff-5d35286baf66"},{"predicate":{"custom_model_data":27},"model":"2e5ed69b-fc27-4b1d-9cca-fe4affc02afc"},{"predicate":{"custom_model_data":28},"model":"bb2b5aaf-3257-4967-b3e7-2fed4559df95"},{"predicate":{"custom_model_data":29},"model":"72508bbf-7c1f-4091-83a6-9dd1d7612f89"},{"predicate":{"custom_model_data":30},"model":"60ba5ec4-a0b7-4bd5-a8c2-a329b06837cf"},{"predicate":{"custom_model_data":31},"model":"8f7492b5-6811-44e1-885c-3b9dab7f2274"},{"predicate":{"custom_model_data":32},"model":"cc4b927b-10db-42f8-a958-dcb29a7662e6"},{"predicate":{"custom_model_data":33},"model":"53183d92-eb35-44be-995f-9947469abe96"},{"predicate":{"custom_model_data":34},"model":"9eab700d-889e-4ce3-99ce-8cede9c7a5cb"},{"predicate":{"custom_model_data":35},"model":"ee0a2cc8-012b-407e-aeb8-5a2423b62f55"},{"predicate":{"custom_model_data":36},"model":"ca0f70f9-fbbb-4b5b-bf9f-f9902e1f324c"},{"predicate":{"custom_model_data":37},"model":"50b5fd4a-4c44-46d7-9324-f34fc1789284"},{"predicate":{"custom_model_data":38},"model":"87f08a1a-8162-48ab-8027-d5766bbb96f4"},{"predicate":{"custom_model_data":39},"model":"6e66a809-9281-4b8d-bd11-977be8ec80cb"},{"predicate":{"custom_model_data":40},"model":"2066efbb-054c-4e85-9bac-6f43cff369bb"},{"predicate":{"custom_model_data":41},"model":"c3735436-a6e8-49d6-adc1-02aba6ad889b"},{"predicate":{"custom_model_data":42},"model":"2e0afc77-d029-4582-bb80-231c55463fab"},{"predicate":{"custom_model_data":43},"model":"a776a8d2-96c0-49d3-bb88-5bee9c727b6e"},{"predicate":{"custom_model_data":44},"model":"82bf52c4-a87e-4acd-8c77-f08d91653164"},{"predicate":{"custom_model_data":45},"model":"cf5ef34e-b37f-4e69-a308-91966f05754a"},{"predicate":{"custom_model_data":46},"model":"f786f4d3-8495-48c5-852a-78910b373495"},{"predicate":{"custom_model_data":47},"model":"82d7fae0-a384-44ab-857a-a3cb9e928456"},{"predicate":{"custom_model_data":48},"model":"f0278e1f-bf60-47c9-9e7c-38ee7eee69d1"},{"predicate":{"custom_model_data":49},"model":"477aa478-ab10-4008-9280-a908b61b6256"},{"predicate":{"custom_model_data":50},"model":"af3a96be-6a55-49d3-ab7d-412f7d83eeba"},{"predicate":{"custom_model_data":51},"model":"5c82aec7-c4b9-4eff-a403-4b1960094ce5"},{"predicate":{"custom_model_data":52},"model":"8a5a90e4-706a-4c8e-96d0-1fb5c7444622"},{"predicate":{"custom_model_data":53},"model":"a3c65f7e-7865-48f6-a1f6-5551ec8a9e60"},{"predicate":{"custom_model_data":54},"model":"89305a5e-543a-43da-b192-cd2d4fe0f80a"},{"predicate":{"custom_model_data":55},"model":"da5ac6f0-624b-4814-b4bb-40938a860e56"},{"predicate":{"custom_model_data":56},"model":"fa944698-9048-48dc-9535-c0faddc09082"},{"predicate":{"custom_model_data":100},"model":"b774eb86-9df3-4fea-878f-620494716e13"},{"predicate":{"custom_model_data":101},"model":"2f46dc10-391d-4f44-b753-a3bcb157b41b"},{"predicate":{"custom_model_data":102},"model":"0b7c7fa5-8ee2-446c-9fb5-5b98d966cea9"},{"predicate":{"custom_model_data":1000},"model":"nexo:6e6313bc-f293-4645-bfff-f657044b3076"},{"predicate":{"custom_model_data":1001},"model":"nexo:81ca2a98-5b01-419b-8520-f4f978bcf968"},{"predicate":{"custom_model_data":1002},"model":"nexo:b0c00c9d-357e-442e-9c23-d828d9aed917"},{"predicate":{"custom_model_data":1003},"model":"nexo:ed75edbb-c844-420a-9ea7-fd1b338e1a81"},{"predicate":{"custom_model_data":1004},"model":"nexo:aa782165-e5c9-4a89-a132-cba560f5074b"},{"predicate":{"custom_model_data":1005},"model":"nexo:2ef87121-8159-4267-9014-43c94a3a93ea"},{"predicate":{"custom_model_data":1006},"model":"455cb1a3-42a3-4db3-bbad-7c4200397f88"},{"predicate":{"custom_model_data":1007},"model":"71bb86f9-8910-4a30-8fc4-fe84e2121fb6"},{"predicate":{"custom_model_data":1008},"model":"19989a7c-5335-470d-a2ea-5c5c35d65be6"},{"predicate":{"custom_model_data":49998},"model":"customfishing:1187999e-90f8-4e31-b09b-2e0cd016b7e8"},{"predicate":{"custom_model_data":49999},"model":"customfishing:802671a9-b904-42d3-9c4d-66c4a10f24c1"},{"predicate":{"custom_model_data":50000},"model":"customfishing:21170813-24c3-483f-94d7-d7c2b528a82c"},{"predicate":{"custom_model_data":50001},"model":"customfishing:508da56d-8f7a-46a2-8f61-5165ee294a1a"},{"predicate":{"custom_model_data":50002},"model":"customfishing:a6f6c2b0-3499-4d54-81ec-b6a81f3b4f99"},{"predicate":{"custom_model_data":50003},"model":"customfishing:7758f2ef-4ea2-4623-b796-32a6b9d532ad"}]}