{
  "parent": "item/generated",
  "textures": {
    "layer0": "item/paper"
  },
  "overrides": [
    {
      "predicate": {
        "custom_model_data": 1000
      },
      "model": "nexo:c5c1278b-bedb-4e98-8a48-325026681470"
    },
    {
      "predicate": {
        "custom_model_data": 1001
      },
      "model": "nexo:15e2790c-2ec2-47c2-99af-5cf56a496eae"
    },
    {
      "predicate": {
        "custom_model_data": 1002
      },
      "model": "nexo:96edfc0b-d611-4a1d-969a-a84fb05bfb04"
    },
    {
      "predicate": {
        "custom_model_data": 1003
      },
      "model": "nexo:666ee8d7-6572-4ef6-8515-6b5a44ece039"
    },
    {
      "predicate": {
        "custom_model_data": 1004
      },
      "model": "nexo:fb347dc5-3d4b-4366-be1b-6a417751de75"
    },
    {
      "predicate": {
        "custom_model_data": 1005
      },
      "model": "nexo:cb44fa18-de67-4691-b389-a2fbb545948c"
    },
    {
      "predicate": {
        "custom_model_data": 1006
      },
      "model": "4d87ec60-98ab-4a65-bb52-b725f5e8b952"
    },
    {
      "predicate": {
        "custom_model_data": 1007
      },
      "model": "cc1eac32-1fde-4397-9976-8de83e71fb51"
    },
    {
      "predicate": {
        "custom_model_data": 1008
      },
      "model": "2f842aaf-3437-4fbc-8eb9-f20dc757054c"
    },
    {
      "predicate": {
        "custom_model_data": 49998
      },
      "model": "customfishing:e80e0a94-57af-4f7d-a762-ed05161d2aba"
    },
    {
      "predicate": {
        "custom_model_data": 49999
      },
      "model": "customfishing:cccedd99-d687-4760-90d2-bbb8f050c3ef"
    },
    {
      "predicate": {
        "custom_model_data": 50000
      },
      "model": "customfishing:440c5f21-ee0f-4423-8f33-6dea504fc734"
    },
    {
      "predicate": {
        "custom_model_data": 50001
      },
      "model": "customfishing:874b69a8-8846-4905-a751-5f4e2821c31c"
    },
    {
      "predicate": {
        "custom_model_data": 50002
      },
      "model": "customfishing:ffa307cd-fdf9-4c31-b87b-5ffe8be33f50"
    },
    {
      "predicate": {
        "custom_model_data": 50003
      },
      "model": "customfishing:c1c74b66-ad2d-4eef-91b8-88e70ea32869"
    }
  ]
}