{"parent":"item/generated","textures":{"layer0":"item/paper"},"overrides":[{"predicate":{"custom_model_data":1},"model":"e2f41185-5327-478c-be15-0118b0826b03"},{"predicate":{"custom_model_data":2},"model":"4ff00656-6ae9-4a6a-b1cf-9910e214d2ad"},{"predicate":{"custom_model_data":3},"model":"23797f27-4b95-4ba1-8829-05584a4c4eaf"},{"predicate":{"custom_model_data":4},"model":"9fbf624e-041f-40fe-976b-6ae0f2fee9ee"},{"predicate":{"custom_model_data":5},"model":"b63c2da3-3887-468c-b2c8-4ed782c1f66e"},{"predicate":{"custom_model_data":6},"model":"20fb1522-33a1-4fdf-bdf6-1f666ff5fd98"},{"predicate":{"custom_model_data":7},"model":"e9cdcbc1-7e3e-41dd-a156-1d4abfa8202d"},{"predicate":{"custom_model_data":8},"model":"02cb49f2-88f3-48b0-909b-be6511c0b7fc"},{"predicate":{"custom_model_data":9},"model":"93994943-cfd4-40f3-ad7f-de37c3d84036"},{"predicate":{"custom_model_data":10},"model":"4afdf9c3-e4f8-4086-bd23-7f1a9ea51fc2"},{"predicate":{"custom_model_data":11},"model":"0e406cf6-92a7-4284-b100-d9a8ca54691e"},{"predicate":{"custom_model_data":12},"model":"3678d0da-db4f-4867-ae1f-1242f75d0a1e"},{"predicate":{"custom_model_data":13},"model":"2833dc9b-3698-40b6-a924-0c118fcc046b"},{"predicate":{"custom_model_data":14},"model":"e3a280c0-f7bc-4ed8-91d0-adc3986cf7b7"},{"predicate":{"custom_model_data":15},"model":"000ca3c3-7116-4bf4-bc82-be0790459243"},{"predicate":{"custom_model_data":16},"model":"31000e22-cd91-42dd-a49c-367ab2d022ae"},{"predicate":{"custom_model_data":17},"model":"2384195c-11db-4b09-932b-489287b77db2"},{"predicate":{"custom_model_data":18},"model":"490896f5-24d2-49c2-ab73-c80283697412"},{"predicate":{"custom_model_data":19},"model":"8eed4d98-5e0b-487d-9ed4-2f2a70ae2535"},{"predicate":{"custom_model_data":20},"model":"ac24b766-c965-4028-8cc2-fced6c2bf233"},{"predicate":{"custom_model_data":21},"model":"00582c7b-a411-4b53-a6ab-1c2ed20d3a03"},{"predicate":{"custom_model_data":22},"model":"5615d489-414b-487d-bfa0-adf229f14bb5"},{"predicate":{"custom_model_data":23},"model":"aa48bd8f-71a8-4445-a006-d2ba6982cba8"},{"predicate":{"custom_model_data":24},"model":"73867122-e7e0-4194-b465-de4076229ae5"},{"predicate":{"custom_model_data":25},"model":"33918f4e-157a-4b4c-b1a6-fee74cd7f0df"},{"predicate":{"custom_model_data":26},"model":"6efb4a70-b4c5-46ad-be95-d40821b61342"},{"predicate":{"custom_model_data":27},"model":"c5c93ec6-a71c-4a51-9158-2d8af9f7af09"},{"predicate":{"custom_model_data":28},"model":"397742b9-8d93-4dcd-a831-9675a6831609"},{"predicate":{"custom_model_data":29},"model":"24ba37ca-e6d9-4c7e-bf29-7db0e40c838c"},{"predicate":{"custom_model_data":30},"model":"5819fc4f-9658-4940-8e9e-1e4786092039"},{"predicate":{"custom_model_data":31},"model":"2998f7e3-4e95-489b-ba4c-ea368b1a3093"},{"predicate":{"custom_model_data":32},"model":"cb186acf-53a3-4afd-9ab1-3ab69ded1552"},{"predicate":{"custom_model_data":33},"model":"1eeb426c-f0dc-44f7-90c8-2640512714d1"},{"predicate":{"custom_model_data":34},"model":"3a2141f2-7995-4c97-91c3-44d2b9a7ad84"},{"predicate":{"custom_model_data":35},"model":"d3d3ee6f-c393-4083-a96b-e053df7e35ba"},{"predicate":{"custom_model_data":36},"model":"1a4b7810-15a6-421f-93f7-a14abb3966ba"},{"predicate":{"custom_model_data":37},"model":"2407067c-5cf6-4752-a21f-f6c2f2ae078c"},{"predicate":{"custom_model_data":38},"model":"3f2cc346-84c4-4bb0-9fec-9abecf871710"},{"predicate":{"custom_model_data":39},"model":"7a4a366c-e890-4d69-b120-dc483b57a29c"},{"predicate":{"custom_model_data":40},"model":"3844a801-f99e-407d-b99c-ee52d9ac9ee0"},{"predicate":{"custom_model_data":41},"model":"27f88439-c0f2-4cf3-96b7-7fc145eacb85"},{"predicate":{"custom_model_data":42},"model":"58bc05ac-efd3-4c47-970b-4d6dc999379d"},{"predicate":{"custom_model_data":43},"model":"06685660-f9d9-4c28-af71-a2b54c8f6d45"},{"predicate":{"custom_model_data":44},"model":"310ba6e5-a549-4b81-b1f3-38e777447b5c"},{"predicate":{"custom_model_data":45},"model":"a95bd5c0-a5a7-473d-93b5-c34640f73aa6"},{"predicate":{"custom_model_data":46},"model":"3b79d31e-3ddd-4d5c-8267-e1970d82dec7"},{"predicate":{"custom_model_data":47},"model":"5cdb362c-55fb-42c2-a177-71ff95d0e6b9"},{"predicate":{"custom_model_data":48},"model":"be89697a-a69b-4227-8d41-414c3568fd37"},{"predicate":{"custom_model_data":49},"model":"792e55f2-22d1-4a5a-9740-5b29a3c3de5f"},{"predicate":{"custom_model_data":50},"model":"1893061d-5aac-41f6-b405-83ce5fc23745"},{"predicate":{"custom_model_data":51},"model":"f14c89f0-cc50-493b-946a-9134c1d17f10"},{"predicate":{"custom_model_data":52},"model":"015a4e00-0a35-43a0-a914-4652317b51f8"},{"predicate":{"custom_model_data":53},"model":"def2290f-3ec7-40e0-a3fd-25f70763a079"},{"predicate":{"custom_model_data":54},"model":"5dca690f-e380-4c6c-9621-bd64a4d35543"},{"predicate":{"custom_model_data":55},"model":"12901adc-d5d6-43bb-a4d9-9f31205858cb"},{"predicate":{"custom_model_data":56},"model":"b6127d79-8084-4f6b-8318-f9c623dc0632"},{"predicate":{"custom_model_data":100},"model":"5c700b5c-2a2f-4eab-819c-e578d365a9d8"},{"predicate":{"custom_model_data":101},"model":"dcabcd58-be24-4350-aa3e-021893184943"},{"predicate":{"custom_model_data":102},"model":"a5db3adc-fb02-4fd9-9921-c4882cd8b138"},{"predicate":{"custom_model_data":1000},"model":"nexo:8239f1fd-f45b-4c89-bb5b-17c8ccdb5a1b"},{"predicate":{"custom_model_data":1001},"model":"nexo:eb8233a0-8612-47f1-b9cd-6c659be6c900"},{"predicate":{"custom_model_data":1002},"model":"nexo:50b2d92c-125c-47d6-a819-5f73a23067d9"},{"predicate":{"custom_model_data":1003},"model":"nexo:ec6875d6-4ab3-4577-a857-72ddb98f5472"},{"predicate":{"custom_model_data":1004},"model":"nexo:fc49005c-db7b-4423-b89e-51c01f7e698f"},{"predicate":{"custom_model_data":1005},"model":"nexo:f5d175d2-5b08-4757-9f06-c46db27c1694"},{"predicate":{"custom_model_data":1006},"model":"0640497b-0254-4c1f-b25e-294493b28f9e"},{"predicate":{"custom_model_data":1007},"model":"c7cf11cb-92fa-48e6-a634-0087971b0215"},{"predicate":{"custom_model_data":1008},"model":"d27aac0e-f688-4711-bbd9-ed1a160e0c5f"},{"predicate":{"custom_model_data":49998},"model":"customfishing:ee655e50-cbaf-4028-a6ec-d85f56958b01"},{"predicate":{"custom_model_data":49999},"model":"customfishing:c8c8cf75-ba36-48fa-b5fd-9ab473992db4"},{"predicate":{"custom_model_data":50000},"model":"customfishing:8d3471a1-bcd5-4530-9310-472583a73a30"},{"predicate":{"custom_model_data":50001},"model":"customfishing:14c71d20-73b1-4e48-89d0-23977ac700f6"},{"predicate":{"custom_model_data":50002},"model":"customfishing:b3189c00-5a78-4e3b-bb5a-c31516ddd0aa"},{"predicate":{"custom_model_data":50003},"model":"customfishing:cd962255-c47c-43fa-bab3-6bc44d253f27"}]}