{
  "parent": "item/generated",
  "textures": {
    "layer0": "item/paper"
  },
  "overrides": [
    {
      "predicate": {
        "custom_model_data": 1000
      },
      "model": "nexo:item/nexo_furniture/arm_chair"
    },
    {
      "predicate": {
        "custom_model_data": 1001
      },
      "model": "nexo:item/nexo_furniture/coffee_table"
    },
    {
      "predicate": {
        "custom_model_data": 1002
      },
      "model": "nexo:item/nexo_furniture/end_table"
    },
    {
      "predicate": {
        "custom_model_data": 1003
      },
      "model": "nexo:item/nexo_furniture/sofa"
    },
    {
      "predicate": {
        "custom_model_data": 1004
      },
      "model": "nexo:item/nexo_furniture/storage_chest"
    },
    {
      "predicate": {
        "custom_model_data": 1005
      },
      "model": "nexo:item/nexo_furniture/table_lamp"
    },
    {
      "predicate": {
        "custom_model_data": 1006
      },
      "model": "next_page_icon"
    },
    {
      "predicate": {
        "custom_model_data": 1007
      },
      "model": "previous_page_icon"
    },
    {
      "predicate": {
        "custom_model_data": 1008
      },
      "model": "cancel_icon"
    },
    {
      "predicate": {
        "custom_model_data": 49998
      },
      "model": "customfishing:item/util/splash_water"
    },
    {
      "predicate": {
        "custom_model_data": 49999
      },
      "model": "customfishing:item/util/splash_lava"
    },
    {
      "predicate": {
        "custom_model_data": 50000
      },
      "model": "customfishing:item/util/fishfinder"
    },
    {
      "predicate": {
        "custom_model_data": 50001
      },
      "model": "customfishing:item/bait/simple_bait"
    },
    {
      "predicate": {
        "custom_model_data": 50002
      },
      "model": "customfishing:item/bait/magnetic_bait"
    },
    {
      "predicate": {
        "custom_model_data": 50003
      },
      "model": "customfishing:item/bait/wild_bait"
    }
  ]
}