{
  "parent": "item/generated",
  "textures": {
    "layer0": "item/rabbit_foot"
  },
  "overrides": [
    {
      "predicate": {
        "custom_model_data": 1
      },
      "model": "de161a66-9321-4a7c-b821-947517e9d301"
    },
    {
      "predicate": {
        "custom_model_data": 2
      },
      "model": "34136044-dd0a-415b-b24a-5b392f7e64f4"
    },
    {
      "predicate": {
        "custom_model_data": 3
      },
      "model": "4d04e8e1-b891-4890-a2a2-db6fbc239f31"
    },
    {
      "predicate": {
        "custom_model_data": 4
      },
      "model": "bf706630-eedf-46f0-be69-70bc0e1aaee4"
    },
    {
      "predicate": {
        "custom_model_data": 5
      },
      "model": "43055e95-f2ca-4f35-8ab1-80aa16181497"
    },
    {
      "predicate": {
        "custom_model_data": 6
      },
      "model": "9b8a9092-36bc-454c-8112-1440a117ba3b"
    }
  ]
}