{
  "parent": "item/generated",
  "textures": {
    "layer0": "item/rabbit_foot"
  },
  "overrides": [
    {
      "predicate": {
        "custom_model_data": 1
      },
      "model": "46201da4-661b-422d-a3c7-50795d35b2af"
    },
    {
      "predicate": {
        "custom_model_data": 2
      },
      "model": "bc44cabd-468e-4270-871c-ffb0991b7f07"
    },
    {
      "predicate": {
        "custom_model_data": 3
      },
      "model": "c198c93b-e667-46ec-b59a-acfc0ea996a9"
    },
    {
      "predicate": {
        "custom_model_data": 4
      },
      "model": "94bfcab6-468a-4d5c-8304-3642b41d0b46"
    },
    {
      "predicate": {
        "custom_model_data": 5
      },
      "model": "f768ea12-d34a-4d1c-99d1-0876ee2e6d84"
    },
    {
      "predicate": {
        "custom_model_data": 6
      },
      "model": "2095675f-d19c-400c-9f1d-68ec4bb84263"
    }
  ]
}