{"parent":"item/generated","textures":{"layer0":"item/rabbit_foot"},"overrides":[{"predicate":{"custom_model_data":1},"model":"9ea62d74-389c-4ea1-b64c-e9cc63105b47"},{"predicate":{"custom_model_data":2},"model":"86110d16-7336-4756-861e-c5966ca62a61"},{"predicate":{"custom_model_data":3},"model":"26d01806-999d-4386-9596-73caabe769b7"},{"predicate":{"custom_model_data":4},"model":"f7b03afe-bd9d-4d8a-8c38-0afacbd58d18"},{"predicate":{"custom_model_data":5},"model":"44645304-7593-465d-9606-dae459361c76"},{"predicate":{"custom_model_data":6},"model":"2c5c0ef7-0097-4ea0-a2af-0d6fb3462f32"}]}