{
  "parent": "item/generated",
  "textures": {
    "layer0": "item/rabbit_foot"
  },
  "overrides": [
    {
      "predicate": {
        "custom_model_data": 1
      },
      "model": "41e7f02d-1072-47a8-913e-a0b4fdf3a094"
    },
    {
      "predicate": {
        "custom_model_data": 2
      },
      "model": "6003ceb6-b04e-47a0-a46c-656468583d1e"
    },
    {
      "predicate": {
        "custom_model_data": 3
      },
      "model": "ed52128d-65a3-4b57-9b8c-eae8298ff3b9"
    },
    {
      "predicate": {
        "custom_model_data": 4
      },
      "model": "106932d3-c270-4114-a314-72b633f493d8"
    },
    {
      "predicate": {
        "custom_model_data": 5
      },
      "model": "e81424ef-c63f-4d6e-989c-77dffae8f140"
    },
    {
      "predicate": {
        "custom_model_data": 6
      },
      "model": "59bd9a92-9ed6-45fe-8ce4-749c9f5962cb"
    }
  ]
}