{
  "parent": "item/generated",
  "textures": {
    "layer0": "item/rabbit_foot"
  },
  "overrides": [
    {
      "predicate": {
        "custom_model_data": 1
      },
      "model": "common_gloves"
    },
    {
      "predicate": {
        "custom_model_data": 2
      },
      "model": "uncommon_gloves"
    },
    {
      "predicate": {
        "custom_model_data": 3
      },
      "model": "rare_gloves"
    },
    {
      "predicate": {
        "custom_model_data": 4
      },
      "model": "epic_gloves"
    },
    {
      "predicate": {
        "custom_model_data": 5
      },
      "model": "legendary_gloves"
    },
    {
      "predicate": {
        "custom_model_data": 6
      },
      "model": "mythic_gloves"
    }
  ]
}