{"parent":"item/generated","textures":{"layer0":"item/rabbit_foot"},"overrides":[{"predicate":{"custom_model_data":1},"model":"e1a5ce26-3ec2-41c1-bf13-5753f01540a5"},{"predicate":{"custom_model_data":2},"model":"e208615c-7a4a-47d8-a471-6010af39907b"},{"predicate":{"custom_model_data":3},"model":"8fe5466d-2fd9-4a6d-9c17-015b0c928de3"},{"predicate":{"custom_model_data":4},"model":"ae846769-b003-437c-b633-255efac94d6e"},{"predicate":{"custom_model_data":5},"model":"988dbbcf-4e0d-4674-ada2-aec0ad46f0bf"},{"predicate":{"custom_model_data":6},"model":"f519a50b-f60d-4a6d-8e33-bf5540f5b643"}]}