{"parent":"item/generated","textures":{"layer0":"item/rabbit_foot"},"overrides":[{"predicate":{"custom_model_data":1},"model":"2393f237-c3dc-4c48-948c-046d252e69ae"},{"predicate":{"custom_model_data":2},"model":"e9093a43-02a2-4c67-80cd-a071e641b035"},{"predicate":{"custom_model_data":3},"model":"b77a987f-c5ff-4d2b-b045-98cd6d82f588"},{"predicate":{"custom_model_data":4},"model":"67cd317d-e06e-4a10-97be-2f7abb3dc85c"},{"predicate":{"custom_model_data":5},"model":"f30f8c83-ec04-49b2-b897-ff8ffcda92ba"},{"predicate":{"custom_model_data":6},"model":"a3c5bac7-6172-4768-87a6-203a243fb543"}]}