{
  "parent": "item/generated",
  "textures": {
    "layer0": "block/sunflower_front"
  },
  "overrides": [
    {
      "predicate": {
        "custom_model_data": 1
      },
      "model": "911ab362-d659-4d28-b1d8-197581598792"
    },
    {
      "predicate": {
        "custom_model_data": 2
      },
      "model": "be6fa06d-ad37-4b66-aabe-7295325a61c2"
    },
    {
      "predicate": {
        "custom_model_data": 3
      },
      "model": "612b399b-253e-48e8-81b8-cf2e65acaef0"
    },
    {
      "predicate": {
        "custom_model_data": 4
      },
      "model": "76bd7b63-d60b-44c8-b325-6c509e41c7cd"
    },
    {
      "predicate": {
        "custom_model_data": 5
      },
      "model": "beff6316-e4a3-4f05-9a4a-8ac20d7db410"
    },
    {
      "predicate": {
        "custom_model_data": 6
      },
      "model": "18495649-795d-4525-a815-8be966954423"
    },
    {
      "predicate": {
        "custom_model_data": 7
      },
      "model": "d5c3067a-2652-4559-8a7c-d24bdb8f4f17"
    },
    {
      "predicate": {
        "custom_model_data": 8
      },
      "model": "06b4297c-3c79-4662-b936-8855e09dd039"
    },
    {
      "predicate": {
        "custom_model_data": 9
      },
      "model": "8b0edfa9-8e45-4654-a670-6d0d4dbba321"
    },
    {
      "predicate": {
        "custom_model_data": 10
      },
      "model": "3a788b3b-00fe-4c21-9b05-91f99a5b3cbf"
    },
    {
      "predicate": {
        "custom_model_data": 11
      },
      "model": "27919913-77d0-4ff1-8329-74ac6712e3d1"
    },
    {
      "predicate": {
        "custom_model_data": 12
      },
      "model": "7b17f1db-fcd8-4cb6-b627-70592e0d89d1"
    },
    {
      "predicate": {
        "custom_model_data": 13
      },
      "model": "7554d20b-d306-481d-b14b-86882be4c6da"
    },
    {
      "predicate": {
        "custom_model_data": 14
      },
      "model": "3b520758-fa4d-4745-a12b-868910ce85ff"
    }
  ]
}