{
  "parent": "item/generated",
  "textures": {
    "layer0": "block/sunflower_front"
  },
  "overrides": [
    {
      "predicate": {
        "custom_model_data": 1
      },
      "model": "fe2a51a4-03f3-4c25-ac5b-23299481f110"
    },
    {
      "predicate": {
        "custom_model_data": 2
      },
      "model": "09e784f5-c335-413c-a761-11a9476a970d"
    },
    {
      "predicate": {
        "custom_model_data": 3
      },
      "model": "a3f7ad6c-686d-4620-9a01-53577c281ec1"
    },
    {
      "predicate": {
        "custom_model_data": 4
      },
      "model": "c08b8925-0ce1-4918-af09-3c6a134f9219"
    },
    {
      "predicate": {
        "custom_model_data": 5
      },
      "model": "4a8aaaac-f5d0-466c-bfef-4a8fb25957ec"
    },
    {
      "predicate": {
        "custom_model_data": 6
      },
      "model": "717f1710-56bb-45e7-8028-3e1fc346b35d"
    },
    {
      "predicate": {
        "custom_model_data": 7
      },
      "model": "f73c78de-5526-4a26-92f0-a61c6e33e22a"
    },
    {
      "predicate": {
        "custom_model_data": 8
      },
      "model": "5720235d-03fc-4937-94e1-55da14a08a2e"
    },
    {
      "predicate": {
        "custom_model_data": 9
      },
      "model": "28e6631c-72d3-4863-b34f-d2fb3f2dbbea"
    },
    {
      "predicate": {
        "custom_model_data": 10
      },
      "model": "4d3fa194-b403-4005-a976-a10cdabe939e"
    },
    {
      "predicate": {
        "custom_model_data": 11
      },
      "model": "4b21b092-d38b-4bab-acd0-8c6a22696b74"
    },
    {
      "predicate": {
        "custom_model_data": 12
      },
      "model": "e9960522-1fe7-4e5b-947e-b19e03fd90b1"
    },
    {
      "predicate": {
        "custom_model_data": 13
      },
      "model": "9651be39-fa79-4f76-a515-ce2af8a0d7b5"
    },
    {
      "predicate": {
        "custom_model_data": 14
      },
      "model": "70963df3-62ad-481d-b363-4269c4b17b56"
    }
  ]
}