{"parent":"item/generated","textures":{"layer0":"block/sunflower_front"},"overrides":[{"predicate":{"custom_model_data":1},"model":"6bd548bf-aed9-460d-b4d0-52b048426f71"},{"predicate":{"custom_model_data":2},"model":"266ba900-60a0-461d-a401-dfeba0b8fd7b"},{"predicate":{"custom_model_data":3},"model":"4877a2fa-8ec2-4cbe-8de5-5d80f9b1d7b0"},{"predicate":{"custom_model_data":4},"model":"e8580c92-7b45-4339-93c1-9160fcf54eab"},{"predicate":{"custom_model_data":5},"model":"5cd35fea-da59-441f-a640-86eb7c6aaa93"},{"predicate":{"custom_model_data":6},"model":"e62d3d4e-c8c7-4800-aee1-2add8d06b475"},{"predicate":{"custom_model_data":7},"model":"c6cee96e-9be9-4e4e-ad0d-d93deb9fb117"},{"predicate":{"custom_model_data":8},"model":"3d496ebb-e167-450c-97cf-85cd3a3024f8"},{"predicate":{"custom_model_data":9},"model":"49f43913-f90b-4329-bed8-0ededf26d4c0"},{"predicate":{"custom_model_data":10},"model":"aa901a47-0b8a-49e5-8777-2cc12357b5c5"},{"predicate":{"custom_model_data":11},"model":"8662caef-41b2-437f-8017-f4fbbb7f9856"},{"predicate":{"custom_model_data":12},"model":"2d19e172-bec3-42b4-a90c-30918b8becc8"},{"predicate":{"custom_model_data":13},"model":"fc30292f-a2fb-4343-bb61-22a054b5324a"},{"predicate":{"custom_model_data":14},"model":"f1c58323-9cef-427c-b914-485ac5e42ed6"}]}