{
  "parent": "item/generated",
  "textures": {
    "layer0": "block/sunflower_front"
  },
  "overrides": [
    {
      "predicate": {
        "custom_model_data": 1
      },
      "model": "b7b42196-e725-433b-8f99-44277308bc4b"
    },
    {
      "predicate": {
        "custom_model_data": 2
      },
      "model": "ed64a793-001d-4243-a1a1-3ccd432d36f7"
    },
    {
      "predicate": {
        "custom_model_data": 3
      },
      "model": "6e92f926-85ba-42ed-a869-ef4ce502e0ec"
    },
    {
      "predicate": {
        "custom_model_data": 4
      },
      "model": "7936a15e-c33b-480b-aae5-e144ceefc53c"
    },
    {
      "predicate": {
        "custom_model_data": 5
      },
      "model": "44fcb314-5bf3-4080-9102-d1da70d9d949"
    },
    {
      "predicate": {
        "custom_model_data": 6
      },
      "model": "dee7aadb-acc0-4732-9db0-8a758416117e"
    },
    {
      "predicate": {
        "custom_model_data": 7
      },
      "model": "205b8b73-d65b-4551-8ed5-d32e33ca65a0"
    },
    {
      "predicate": {
        "custom_model_data": 8
      },
      "model": "8d34dd60-0a9f-4767-8bc2-00dd49dee9a0"
    },
    {
      "predicate": {
        "custom_model_data": 9
      },
      "model": "c95ba118-5514-48f4-802d-12f97c4637d7"
    },
    {
      "predicate": {
        "custom_model_data": 10
      },
      "model": "336ed308-b3c1-4d88-b44a-26c948eba659"
    },
    {
      "predicate": {
        "custom_model_data": 11
      },
      "model": "a68212ba-320f-4837-a91b-1dd35c444cb9"
    },
    {
      "predicate": {
        "custom_model_data": 12
      },
      "model": "d0e9f85e-f83b-424d-9133-c76fcfe65fad"
    },
    {
      "predicate": {
        "custom_model_data": 13
      },
      "model": "312fff1d-6cd4-4eb3-94af-aad36a1c9efa"
    },
    {
      "predicate": {
        "custom_model_data": 14
      },
      "model": "837cdab7-29e0-4c83-8d93-aa3922395160"
    }
  ]
}