{"parent":"item/generated","textures":{"layer0":"block/sunflower_front"},"overrides":[{"predicate":{"custom_model_data":1},"model":"f282a70d-a225-4fc8-bbcc-4e654effe4ce"},{"predicate":{"custom_model_data":2},"model":"5f5b81e8-c868-4a02-a032-fe9ba078fcac"},{"predicate":{"custom_model_data":3},"model":"988f32d3-3eb8-4e21-b15c-55e212ff44ff"},{"predicate":{"custom_model_data":4},"model":"5703ae82-6898-404b-aa6b-628e40cb42ac"},{"predicate":{"custom_model_data":5},"model":"973a2af4-cc6d-484b-b0aa-731e972ac254"},{"predicate":{"custom_model_data":6},"model":"319f80cf-0e1a-47fe-9963-ecda971bcb5e"},{"predicate":{"custom_model_data":7},"model":"c077ab3c-330c-4d09-acbf-37f066fe8b4c"},{"predicate":{"custom_model_data":8},"model":"3f4f556a-efda-426a-8e41-51fdc78119c5"},{"predicate":{"custom_model_data":9},"model":"4b85632c-b3f7-46d7-87e1-e3364a88ec2f"},{"predicate":{"custom_model_data":10},"model":"d2adad6a-a459-4c5b-a42a-a2dedeca485a"},{"predicate":{"custom_model_data":11},"model":"f941870c-2815-468d-99a6-5b8e33121387"},{"predicate":{"custom_model_data":12},"model":"78a64519-9338-40f8-9500-11f006ab28bb"},{"predicate":{"custom_model_data":13},"model":"7c3c5554-7733-44f7-92ec-87ae7066a009"},{"predicate":{"custom_model_data":14},"model":"3cc17a59-0d5f-4bf4-9748-0e096d2a4b1c"}]}