{"parent":"item/generated","textures":{"layer0":"block/sunflower_front"},"overrides":[{"predicate":{"custom_model_data":1},"model":"8c6031e1-fc42-40be-ab1b-cf64af0530e0"},{"predicate":{"custom_model_data":2},"model":"7137b0a1-bf95-4c37-88cf-4d674f743915"},{"predicate":{"custom_model_data":3},"model":"31e2591c-2ebd-4fa0-bfda-16db59b266c2"},{"predicate":{"custom_model_data":4},"model":"5b027e2f-b857-4b30-81aa-3bf863054c4e"},{"predicate":{"custom_model_data":5},"model":"319ab0ba-7257-417f-997d-304b950f6876"},{"predicate":{"custom_model_data":6},"model":"08e35006-a6bf-48a6-947f-01368b993036"},{"predicate":{"custom_model_data":7},"model":"671de862-78f8-46a0-b4a8-c6dd43b0eb59"},{"predicate":{"custom_model_data":8},"model":"8deda676-3313-4556-ab15-a1a08832a0db"},{"predicate":{"custom_model_data":9},"model":"898cf649-b582-4404-84e1-a81a6193d013"},{"predicate":{"custom_model_data":10},"model":"0eab0e81-d675-4d48-b4b7-7b6fb8b144a2"},{"predicate":{"custom_model_data":11},"model":"b811618a-0be9-4223-beba-8f9c16a5aa63"},{"predicate":{"custom_model_data":12},"model":"dd4451cd-82b9-43fc-9e78-8d6c68bdf0c4"},{"predicate":{"custom_model_data":13},"model":"bc91e0ee-170f-4b1c-8b0e-98d4d6d91d4d"},{"predicate":{"custom_model_data":14},"model":"e51a4acd-6bbe-4240-a679-a649268fa845"}]}