{
  "parent": "item/generated",
  "textures": {
    "layer0": "item/tipped_arrow_head",
    "layer1": "item/tipped_arrow_base"
  },
  "overrides": [
    {
      "predicate": {
        "custom_model_data": 1000
      },
      "model": "nexo:ed64050a-1f63-49c3-81c4-cfcfa1af04f4"
    },
    {
      "predicate": {
        "custom_model_data": 1001
      },
      "model": "nexo:1421f6f3-3bd1-42df-9a55-ec53b237665e"
    },
    {
      "predicate": {
        "custom_model_data": 1002
      },
      "model": "nexo:61bedb2f-12e7-49ce-af9a-9a88a3d5e147"
    },
    {
      "predicate": {
        "custom_model_data": 1003
      },
      "model": "nexo:6209f77c-efab-47a1-803e-984da4c83c72"
    }
  ]
}