{
  "parent": "item/generated",
  "textures": {
    "layer0": "item/tipped_arrow_head",
    "layer1": "item/tipped_arrow_base"
  },
  "overrides": [
    {
      "predicate": {
        "custom_model_data": 1000
      },
      "model": "nexo:7243913c-02d3-4d14-a05b-6dcf9eebd72b"
    },
    {
      "predicate": {
        "custom_model_data": 1001
      },
      "model": "nexo:f13a4ac8-a590-4d50-9f5f-26fdaecb5c8d"
    },
    {
      "predicate": {
        "custom_model_data": 1002
      },
      "model": "nexo:5a11c7b1-ce63-4207-85a2-f929708cbfbf"
    },
    {
      "predicate": {
        "custom_model_data": 1003
      },
      "model": "nexo:c7fd70f2-31f5-4187-abe2-c3008d875715"
    }
  ]
}