{
  "parent": "item/generated",
  "textures": {
    "layer0": "item/tipped_arrow_head",
    "layer1": "item/tipped_arrow_base"
  },
  "overrides": [
    {
      "predicate": {
        "custom_model_data": 1000
      },
      "model": "nexo:aec8055c-78ae-42ae-916b-21164aa1a0c8"
    },
    {
      "predicate": {
        "custom_model_data": 1001
      },
      "model": "nexo:47482e70-083c-48b5-9e8c-493200807fb2"
    },
    {
      "predicate": {
        "custom_model_data": 1002
      },
      "model": "nexo:2b6e99c3-4550-4f2a-866a-548bc240c138"
    },
    {
      "predicate": {
        "custom_model_data": 1003
      },
      "model": "nexo:f5d9235b-4647-4300-9913-9facbc18a405"
    }
  ]
}