{"parent":"block/block","elements":[{"from":[6.5,0.0,8.0],"to":[9.5,16.0,8.0],"rotation":{"origin":[8.0,8.0,8.0],"axis":"y","angle":45.0},"shade":false,"faces":{"north":{"uv":[3.0,0.0,0.0,16.0],"texture":"#all"},"south":{"uv":[0.0,0.0,3.0,16.0],"texture":"#all"}}},{"from":[8.0,0.0,6.5],"to":[8.0,16.0,9.5],"rotation":{"origin":[8.0,8.0,8.0],"axis":"y","angle":45.0},"shade":false,"faces":{"west":{"uv":[6.0,0.0,3.0,16.0],"texture":"#all"},"east":{"uv":[3.0,0.0,6.0,16.0],"texture":"#all"}}}],"textures":{"particle":"block/chain","all":"block/chain"},"overrides":[{"predicate":{"custom_model_data":1},"model":"28ee94b1-1485-4a43-a891-eb7945dd8514"},{"predicate":{"custom_model_data":2},"model":"ec0f2e9d-a4bc-41ac-ab0e-743700c4c3b9"},{"predicate":{"custom_model_data":3},"model":"ceba565c-30cb-4159-b9aa-ce86d4a09297"},{"predicate":{"custom_model_data":4},"model":"3d5cb54c-b61d-4ac7-81ee-9ef9f731964e"},{"predicate":{"custom_model_data":5},"model":"393af3fb-2362-44ea-bf1d-f2624a343d23"},{"predicate":{"custom_model_data":6},"model":"bacdf01d-df4f-45af-a2b0-5526b99a9f11"}]}