{"parent":"block/button","textures":{"texture":"block/mangrove_planks"},"overrides":[{"predicate":{"custom_model_data":1},"model":"19ddcc4a-3925-4c46-8dcd-0f36ab0869ed"},{"predicate":{"custom_model_data":2},"model":"ff07163a-02f6-4923-ba70-cf1335a5f8ec"},{"predicate":{"custom_model_data":3},"model":"694d828d-a7a3-4e64-8d5d-e7d37061881b"},{"predicate":{"custom_model_data":4},"model":"16c553d4-cbad-4f5e-bd77-278bcf597662"},{"predicate":{"custom_model_data":5},"model":"8d04a48a-d8b8-4035-abb7-bd3edfa88557"},{"predicate":{"custom_model_data":6},"model":"741fe21f-2bae-478f-9b4e-91a3ebef7a3c"}]}