{"parent":"block/button","textures":{"texture":"block/mangrove_planks"},"overrides":[{"predicate":{"custom_model_data":1},"model":"464f4df3-b402-4046-8946-ac49c39beb73"},{"predicate":{"custom_model_data":2},"model":"c222f934-40d3-47dd-8d8f-494834f21f96"},{"predicate":{"custom_model_data":3},"model":"4ba50749-ec42-4ebf-a192-f1d1f1bad47e"},{"predicate":{"custom_model_data":4},"model":"6de541a2-2826-4c9f-8362-3a4a0cf98098"},{"predicate":{"custom_model_data":5},"model":"d67f9b37-6089-41e7-837a-9a8769bb8e4d"},{"predicate":{"custom_model_data":6},"model":"7be18ba9-2dde-41c0-b693-4a7df169337a"}]}