{"parent":"block/button","textures":{"texture":"block/mangrove_planks"},"overrides":[{"predicate":{"custom_model_data":1},"model":"5824e741-95f3-46b9-9056-34721572e78f"},{"predicate":{"custom_model_data":2},"model":"61b45cb6-efa6-4490-921b-96a6df8cf95b"},{"predicate":{"custom_model_data":3},"model":"b83b4fba-9a51-485a-be83-78ccfab3f8c7"},{"predicate":{"custom_model_data":4},"model":"6f06198c-d5ad-45d5-b647-d7ed05261b33"},{"predicate":{"custom_model_data":5},"model":"a7b3d992-4fa5-4372-b148-ffb9e2a699a5"},{"predicate":{"custom_model_data":6},"model":"c368ef44-84c3-42bb-8851-e9fce63ab6ad"}]}