{
  "display": {
    "thirdperson_righthand": {
      "rotation": [
        40.5,
        0.0,
        0.0
      ],
      "translation": [
        2.0,
        0.0,
        -1.5
      ],
      "scale": [
        0.25,
        0.25,
        0.25
      ]
    },
    "thirdperson_lefthand": {
      "rotation": [
        40.5,
        0.0,
        0.0
      ],
      "translation": [
        -2.0,
        0.0,
        -1.5
      ],
      "scale": [
        0.25,
        0.25,
        0.25
      ]
    },
    "firstperson_righthand": {
      "rotation": [
        0.0,
        121.0,
        0.0
      ],
      "translation": [
        1.5,
        1.25,
        -2.5
      ],
      "scale": [
        0.36,
        0.36,
        0.36
      ]
    },
    "firstperson_lefthand": {
      "rotation": [
        0.0,
        121.0,
        0.0
      ],
      "translation": [
        2.0,
        1.25,
        4.0
      ],
      "scale": [
        0.36,
        0.36,
        0.36
      ]
    },
    "ground": {
      "translation": [
        2.5,
        1.25,
        0.0
      ],
      "scale": [
        0.3,
        0.3,
        0.3
      ]
    },
    "gui": {
      "rotation": [
        11.75,
        158.0,
        0.0
      ],
      "translation": [
        -3.5,
        -0.5,
        0.0
      ],
      "scale": [
        0.35,
        0.35,
        0.35
      ]
    },
    "head": {
      "scale": [
        0.0,
        0.0,
        0.0
      ]
    },
    "fixed": {
      "rotation": [
        -90.0,
        0.0,
        0.0
      ],
      "translation": [
        0.0,
        0.0,
        -16.0
      ],
      "scale": [
        2.0,
        2.0,
        2.0
      ]
    }
  },
  "elements": [
    {
      "from": [
        -14.0,
        1.0,
        -1.5
      ],
      "to": [
        14.0,
        11.0,
        -0.5
      ],
      "rotation": {
        "origin": [
          13.0,
          0.0,
          -1.5
        ],
        "axis": "y",
        "angle": 0.0
      },
      "faces": {
        "north": {
          "uv": [
            3.5,
            4.0,
            7.0,
            5.25
          ],
          "texture": "#2"
        },
        "south": {
          "uv": [
            7.0,
            4.0,
            3.5,
            5.25
          ],
          "texture": "#2"
        },
        "up": {
          "uv": [
            3.5,
            6.0,
            0.0,
            5.875
          ],
          "texture": "#2"
        },
        "down": {
          "uv": [
            3.5,
            6.0,
            0.0,
            6.125
          ],
          "texture": "#2"
        }
      }
    },
    {
      "from": [
        -16.0,
        0.0,
        -2.0
      ],
      "to": [
        -14.0,
        13.0,
        0.0
      ],
      "rotation": {
        "origin": [
          -16.0,
          0.0,
          -2.0
        ],
        "axis": "y",
        "angle": 0.0
      },
      "faces": {
        "north": {
          "uv": [
            2.5,
            7.5,
            2.75,
            9.125
          ],
          "texture": "#2"
        },
        "east": {
          "uv": [
            2.75,
            7.5,
            3.0,
            9.125
          ],
          "texture": "#2"
        },
        "south": {
          "uv": [
            3.0,
            7.5,
            3.25,
            9.125
          ],
          "texture": "#2"
        },
        "west": {
          "uv": [
            3.25,
            7.5,
            3.5,
            9.125
          ],
          "texture": "#2"
        },
        "up": {
          "uv": [
            8.0,
            6.75,
            7.75,
            6.5
          ],
          "texture": "#2"
        },
        "down": {
          "uv": [
            8.0,
            6.75,
            7.75,
            7.0
          ],
          "texture": "#2"
        }
      }
    },
    {
      "from": [
        -16.0,
        0.0,
        30.0
      ],
      "to": [
        -14.0,
        18.0,
        32.0
      ],
      "rotation": {
        "origin": [
          -16.0,
          0.0,
          30.0
        ],
        "axis": "y",
        "angle": 0.0
      },
      "faces": {
        "north": {
          "uv": [
            0.0,
            7.5,
            0.25,
            9.75
          ],
          "texture": "#2"
        },
        "east": {
          "uv": [
            0.25,
            7.5,
            0.5,
            9.75
          ],
          "texture": "#2"
        },
        "south": {
          "uv": [
            0.5,
            7.5,
            0.75,
            9.75
          ],
          "texture": "#2"
        },
        "west": {
          "uv": [
            0.75,
            7.5,
            1.0,
            9.75
          ],
          "texture": "#2"
        },
        "up": {
          "uv": [
            8.0,
            7.25,
            7.75,
            7.0
          ],
          "texture": "#2"
        },
        "down": {
          "uv": [
            8.0,
            7.25,
            7.75,
            7.5
          ],
          "texture": "#2"
        }
      }
    },
    {
      "from": [
        -14.0,
        1.0,
        30.5
      ],
      "to": [
        14.0,
        16.0,
        31.5
      ],
      "rotation": {
        "origin": [
          13.0,
          0.0,
          30.5
        ],
        "axis": "y",
        "angle": 0.0
      },
      "faces": {
        "north": {
          "uv": [
            0.0,
            4.0,
            3.5,
            5.875
          ],
          "texture": "#2"
        },
        "south": {
          "uv": [
            0.0,
            4.0,
            3.5,
            5.875
          ],
          "texture": "#2"
        },
        "up": {
          "uv": [
            10.75,
            3.375,
            7.25,
            3.25
          ],
          "texture": "#2"
        },
        "down": {
          "uv": [
            10.75,
            3.375,
            7.25,
            3.5
          ],
          "texture": "#2"
        }
      }
    },
    {
      "from": [
        -14.975,
        1.0,
        0.0
      ],
      "to": [
        -13.975,
        4.0,
        30.0
      ],
      "rotation": {
        "origin": [
          -14.975,
          1.0,
          2.0
        ],
        "axis": "y",
        "angle": 0.0
      },
      "faces": {
        "north": {
          "uv": [
            5.5,
            8.0,
            5.625,
            8.375
          ],
          "texture": "#2"
        },
        "east": {
          "uv": [
            7.0,
            4.5,
            10.75,
            4.875
          ],
          "texture": "#2"
        },
        "south": {
          "uv": [
            5.625,
            8.0,
            5.75,
            8.375
          ],
          "texture": "#2"
        },
        "west": {
          "uv": [
            7.0,
            4.875,
            10.75,
            5.25
          ],
          "texture": "#2"
        },
        "up": {
          "uv": [
            2.125,
            11.25,
            2.0,
            7.5
          ],
          "texture": "#2"
        },
        "down": {
          "uv": [
            2.25,
            7.5,
            2.125,
            11.25
          ],
          "texture": "#2"
        }
      }
    },
    {
      "from": [
        1.0,
        7.75,
        24.0
      ],
      "to": [
        13.0,
        10.75,
        31.0
      ],
      "rotation": {
        "origin": [
          7.0,
          9.25,
          27.5
        ],
        "axis": "x",
        "angle": -22.5
      },
      "faces": {
        "north": {
          "uv": [
            7.25,
            2.5,
            8.75,
            2.875
          ],
          "texture": "#2"
        },
        "east": {
          "uv": [
            7.25,
            5.75,
            8.125,
            6.125
          ],
          "texture": "#2"
        },
        "south": {
          "uv": [
            7.25,
            2.875,
            8.75,
            3.25
          ],
          "texture": "#2"
        },
        "west": {
          "uv": [
            4.5,
            7.625,
            5.375,
            8.0
          ],
          "texture": "#2"
        },
        "up": {
          "uv": [
            8.75,
            1.625,
            7.25,
            0.75
          ],
          "texture": "#2"
        },
        "down": {
          "uv": [
            8.75,
            1.625,
            7.25,
            2.5
          ],
          "texture": "#2"
        }
      }
    },
    {
      "from": [
        -13.0,
        7.75,
        24.0
      ],
      "to": [
        -1.0,
        10.75,
        31.0
      ],
      "rotation": {
        "origin": [
          -7.0,
          9.25,
          27.5
        ],
        "axis": "x",
        "angle": -22.5
      },
      "faces": {
        "north": {
          "uv": [
            7.25,
            2.5,
            8.75,
            2.875
          ],
          "texture": "#2"
        },
        "east": {
          "uv": [
            7.25,
            5.75,
            8.125,
            6.125
          ],
          "texture": "#2"
        },
        "south": {
          "uv": [
            7.25,
            2.875,
            8.75,
            3.25
          ],
          "texture": "#2"
        },
        "west": {
          "uv": [
            4.5,
            7.625,
            5.375,
            8.0
          ],
          "texture": "#2"
        },
        "up": {
          "uv": [
            7.25,
            1.625,
            8.75,
            0.75
          ],
          "texture": "#2"
        },
        "down": {
          "uv": [
            7.25,
            1.625,
            8.75,
            2.5
          ],
          "texture": "#2"
        }
      }
    },
    {
      "from": [
        -15.0,
        4.5,
        2.0
      ],
      "to": [
        15.0,
        8.5,
        9.0
      ],
      "rotation": {
        "origin": [
          16.0,
          2.5,
          -14.0
        ],
        "axis": "y",
        "angle": 0.0
      },
      "faces": {
        "north": {
          "uv": [
            0.0,
            7.0,
            3.75,
            7.5
          ],
          "texture": "#2",
          "tintindex": 0
        },
        "east": {
          "uv": [
            7.25,
            3.5,
            8.125,
            4.0
          ],
          "texture": "#2",
          "tintindex": 0
        },
        "south": {
          "uv": [
            7.0,
            4.0,
            10.75,
            4.5
          ],
          "texture": "#2",
          "tintindex": 0
        },
        "west": {
          "uv": [
            7.25,
            5.25,
            8.125,
            5.75
          ],
          "texture": "#2",
          "tintindex": 0
        },
        "up": {
          "uv": [
            7.25,
            6.125,
            3.5,
            5.25
          ],
          "texture": "#2",
          "tintindex": 0
        },
        "down": {
          "uv": [
            3.75,
            6.125,
            0.0,
            7.0
          ],
          "texture": "#2",
          "tintindex": 0
        }
      }
    },
    {
      "from": [
        -14.5,
        2.0,
        -1.0
      ],
      "to": [
        14.5,
        8.0,
        31.0
      ],
      "rotation": {
        "origin": [
          15.5,
          2.0,
          2.0
        ],
        "axis": "y",
        "angle": 0.0
      },
      "faces": {
        "east": {
          "uv": [
            3.75,
            6.125,
            7.75,
            6.875
          ],
          "texture": "#2"
        },
        "west": {
          "uv": [
            3.75,
            6.875,
            7.75,
            7.625
          ],
          "texture": "#2"
        },
        "up": {
          "uv": [
            3.625,
            4.0,
            0.0,
            0.0
          ],
          "texture": "#2"
        },
        "down": {
          "uv": [
            7.25,
            0.0,
            3.625,
            4.0
          ],
          "texture": "#2"
        }
      }
    },
    {
      "from": [
        -15.0,
        1.5,
        2.0
      ],
      "to": [
        -15.0,
        4.5,
        9.0
      ],
      "rotation": {
        "origin": [
          -15.05,
          2.5,
          5.0
        ],
        "axis": "y",
        "angle": 0.0
      },
      "faces": {
        "east": {
          "uv": [
            5.375,
            7.625,
            6.25,
            8.0
          ],
          "texture": "#2",
          "tintindex": 0
        },
        "west": {
          "uv": [
            6.25,
            7.625,
            7.125,
            8.0
          ],
          "texture": "#2",
          "tintindex": 0
        }
      }
    },
    {
      "from": [
        15.0,
        1.5,
        2.0
      ],
      "to": [
        15.0,
        4.5,
        9.0
      ],
      "rotation": {
        "origin": [
          15.05,
          2.5,
          5.0
        ],
        "axis": "y",
        "angle": 0.0
      },
      "faces": {
        "east": {
          "uv": [
            7.125,
            7.625,
            8.0,
            8.0
          ],
          "texture": "#2",
          "tintindex": 0
        },
        "west": {
          "uv": [
            7.75,
            6.125,
            8.625,
            6.5
          ],
          "texture": "#2",
          "tintindex": 0
        }
      }
    },
    {
      "from": [
        14.0,
        0.0,
        -2.0
      ],
      "to": [
        16.0,
        13.0,
        0.0
      ],
      "rotation": {
        "origin": [
          16.0,
          0.0,
          -2.0
        ],
        "axis": "y",
        "angle": 0.0
      },
      "faces": {
        "north": {
          "uv": [
            3.5,
            7.5,
            3.75,
            9.125
          ],
          "texture": "#2"
        },
        "east": {
          "uv": [
            3.75,
            7.625,
            4.0,
            9.25
          ],
          "texture": "#2"
        },
        "south": {
          "uv": [
            4.0,
            7.625,
            4.25,
            9.25
          ],
          "texture": "#2"
        },
        "west": {
          "uv": [
            4.25,
            7.625,
            4.5,
            9.25
          ],
          "texture": "#2"
        },
        "up": {
          "uv": [
            4.75,
            8.25,
            4.5,
            8.0
          ],
          "texture": "#2"
        },
        "down": {
          "uv": [
            5.0,
            8.0,
            4.75,
            8.25
          ],
          "texture": "#2"
        }
      }
    },
    {
      "from": [
        13.975,
        1.0,
        0.0
      ],
      "to": [
        14.975,
        4.0,
        30.0
      ],
      "rotation": {
        "origin": [
          14.975,
          1.0,
          2.0
        ],
        "axis": "y",
        "angle": 0.0
      },
      "faces": {
        "north": {
          "uv": [
            5.75,
            8.0,
            5.875,
            8.375
          ],
          "texture": "#2"
        },
        "east": {
          "uv": [
            7.25,
            0.0,
            11.0,
            0.375
          ],
          "texture": "#2"
        },
        "south": {
          "uv": [
            5.875,
            8.0,
            6.0,
            8.375
          ],
          "texture": "#2"
        },
        "west": {
          "uv": [
            7.25,
            0.375,
            11.0,
            0.75
          ],
          "texture": "#2"
        },
        "up": {
          "uv": [
            2.375,
            11.25,
            2.25,
            7.5
          ],
          "texture": "#2"
        },
        "down": {
          "uv": [
            2.5,
            7.5,
            2.375,
            11.25
          ],
          "texture": "#2"
        }
      }
    },
    {
      "from": [
        14.0,
        0.0,
        30.0
      ],
      "to": [
        16.0,
        18.0,
        32.0
      ],
      "rotation": {
        "origin": [
          16.0,
          0.0,
          30.0
        ],
        "axis": "y",
        "angle": 0.0
      },
      "faces": {
        "north": {
          "uv": [
            1.0,
            7.5,
            1.25,
            9.75
          ],
          "texture": "#2"
        },
        "east": {
          "uv": [
            1.25,
            7.5,
            1.5,
            9.75
          ],
          "texture": "#2"
        },
        "south": {
          "uv": [
            1.5,
            7.5,
            1.75,
            9.75
          ],
          "texture": "#2"
        },
        "west": {
          "uv": [
            1.75,
            7.5,
            2.0,
            9.75
          ],
          "texture": "#2"
        },
        "up": {
          "uv": [
            5.25,
            8.25,
            5.0,
            8.0
          ],
          "texture": "#2"
        },
        "down": {
          "uv": [
            5.5,
            8.0,
            5.25,
            8.25
          ],
          "texture": "#2"
        }
      }
    }
  ],
  "textures": {
    "2": "nexo:item/nexo_furniture/double_bed_dyeable"
  },
  "gui_light": "front"
}