{"providers":[{"type":"bitmap","file":"a979201f-dd1e-4c00-9e3d-296498e64a71.png","ascent":8,"chars":["┹"]},{"type":"bitmap","file":"cef2de6e-b001-48f9-85c2-9bd965a20367.png","height":14,"ascent":7,"chars":["௅"]},{"type":"bitmap","file":"71bdcc34-1d91-4d43-981c-1b4983e676cf.png","height":96,"ascent":53,"chars":["パ"]},{"type":"bitmap","file":"7fa5aaec-7809-4442-a3ef-8e5134b21324.png","ascent":8,"chars":["➢"]},{"type":"bitmap","file":"118742b6-7827-4250-b90f-a44f649bc040.png","ascent":8,"chars":["๏"]},{"type":"bitmap","file":"492991e3-dd6a-4b36-b198-8e26fbebe7c1.png","height":14,"ascent":7,"chars":["ெ"]},{"type":"bitmap","file":"a2111534-0f8b-4c07-8d83-9bda12122904.png","ascent":8,"chars":["∞"]},{"type":"bitmap","file":"0ed06517-e553-489f-9325-084292199a5b.png","ascent":8,"chars":["५"]},{"type":"bitmap","file":"057c9ddc-e5d4-4f06-a8f9-2b63bb5a37c5.png","ascent":8,"chars":["⊗"]},{"type":"bitmap","file":"0eb5e8d8-ec21-4be4-945b-11eb2449bbd1.png","ascent":8,"chars":["➹"]},{"type":"bitmap","file":"11d37531-d3ae-40c8-8e49-9d4628d821e6.png","ascent":8,"chars":["⚔"]},{"type":"bitmap","file":"3a7d6821-b38b-44be-a983-d369c53fc966.png","ascent":8,"chars":["≈"]},{"type":"bitmap","file":"fc606f56-9b06-47ea-bea7-ce4374813826.png","height":256,"ascent":13,"chars":["ꐑ"]},{"type":"bitmap","file":"2fc8f355-a63b-454c-b437-645bdfd6e4f0.png","height":14,"ascent":7,"chars":["ை"]},{"type":"bitmap","file":"d441ec3c-5e9e-4ffb-ac76-b941cf1b1499.png","ascent":8,"chars":["⚡"]},{"type":"bitmap","file":"7b7ce440-fd99-4f92-b1bd-33ce9dfc0677.png","ascent":8,"chars":["▬"]},{"type":"bitmap","file":"a85a5a2c-0174-42fc-aad0-79bda379a339.png","height":256,"ascent":37,"chars":["ꐐ"]},{"type":"bitmap","file":"9d7fc76d-59a4-4490-a9f0-3d8574b57236.png","height":14,"ascent":7,"chars":["ே"]},{"type":"bitmap","file":"c5c6bc37-6dbd-43a4-90b1-b0daa3fdb275.png","ascent":8,"chars":["Δ"]},{"type":"bitmap","file":"9ecbf64e-3f3a-40d1-b02e-8c1071588110.png","ascent":8,"chars":["Ω"]},{"type":"reference","id":"nexo:shift"}]}