{"providers":[{"type":"bitmap","file":"c8d80c9c-c61b-4713-b723-999003fe77ef.png","ascent":8,"chars":["┹"]},{"type":"bitmap","file":"a621b424-07c7-4509-825e-7d3ad05c791b.png","height":14,"ascent":7,"chars":["௅"]},{"type":"bitmap","file":"b8f867f8-d3d8-41b1-a593-123546f97d00.png","height":96,"ascent":53,"chars":["パ"]},{"type":"bitmap","file":"9704c37d-b022-42c0-8c30-3f71223b3108.png","ascent":8,"chars":["➢"]},{"type":"bitmap","file":"c95bbe23-f914-4912-9873-1c64501b8b5d.png","ascent":8,"chars":["๏"]},{"type":"bitmap","file":"b90dbd1f-7caa-4182-a221-de12988d57ff.png","height":14,"ascent":7,"chars":["ெ"]},{"type":"bitmap","file":"bcf3ca0d-7f82-40a2-b487-beb1411c4d4f.png","ascent":8,"chars":["∞"]},{"type":"bitmap","file":"259877fb-2282-4458-a146-24d7c211afc7.png","ascent":8,"chars":["५"]},{"type":"bitmap","file":"eeaf5e2a-ffd6-4cc9-be76-b795806372da.png","ascent":8,"chars":["⊗"]},{"type":"bitmap","file":"de7f1c8a-9c4c-45e5-8f14-a61f2a6d7519.png","ascent":8,"chars":["➹"]},{"type":"bitmap","file":"87e33359-545c-4ad1-93f5-e36fd2847c28.png","ascent":8,"chars":["⚔"]},{"type":"bitmap","file":"ec7b765d-6f33-466d-a006-ebca05586b5e.png","ascent":8,"chars":["≈"]},{"type":"bitmap","file":"12151a4e-b2b2-4497-8d5c-175ca9a2f8d9.png","height":256,"ascent":13,"chars":["ꐑ"]},{"type":"bitmap","file":"6d8cd1b0-572e-4830-950d-5a8bd8cece48.png","height":14,"ascent":7,"chars":["ை"]},{"type":"bitmap","file":"e938241b-3cec-4745-8ead-146bc590c8d7.png","ascent":8,"chars":["⚡"]},{"type":"bitmap","file":"ea7d6f55-f9c3-4027-9052-defbd7fc4ddf.png","ascent":8,"chars":["▬"]},{"type":"bitmap","file":"a80909a4-4a22-4d83-8e07-27f778c05b04.png","height":256,"ascent":37,"chars":["ꐐ"]},{"type":"bitmap","file":"8aacb688-b738-41e6-a1e2-780f716ce324.png","height":14,"ascent":7,"chars":["ே"]},{"type":"bitmap","file":"f33d7758-e406-40b6-8b2a-c87ddd60526a.png","ascent":8,"chars":["Δ"]},{"type":"bitmap","file":"1a6d10d1-6e60-49b2-8ddf-55979fadb23f.png","ascent":8,"chars":["Ω"]},{"type":"reference","id":"nexo:shift"}]}