{
  "display": {
    "thirdperson_righthand": {
      "rotation": [
        49.0,
        0.0,
        0.0
      ],
      "translation": [
        2.25,
        1.0,
        -0.5
      ],
      "scale": [
        0.27,
        0.27,
        0.27
      ]
    },
    "thirdperson_lefthand": {
      "rotation": [
        49.0,
        0.0,
        0.0
      ],
      "translation": [
        -2.25,
        1.0,
        -0.5
      ],
      "scale": [
        0.27,
        0.27,
        0.27
      ]
    },
    "firstperson_righthand": {
      "rotation": [
        0.0,
        -53.0,
        0.0
      ],
      "translation": [
        2.75,
        4.75,
        5.25
      ],
      "scale": [
        0.39,
        0.39,
        0.39
      ]
    },
    "firstperson_lefthand": {
      "rotation": [
        0.0,
        -53.0,
        0.0
      ],
      "translation": [
        0.0,
        4.75,
        -1.0
      ],
      "scale": [
        0.39,
        0.39,
        0.39
      ]
    },
    "ground": {
      "translation": [
        3.0,
        2.25,
        0.0
      ],
      "scale": [
        0.4,
        0.4,
        0.4
      ]
    },
    "gui": {
      "rotation": [
        30.0,
        130.0,
        0.0
      ],
      "translation": [
        -2.25,
        2.25,
        0.0
      ],
      "scale": [
        0.44,
        0.44,
        0.44
      ]
    },
    "head": {
      "translation": [
        0.0,
        -30.0,
        0.0
      ],
      "scale": [
        1.6,
        1.6,
        1.6
      ]
    },
    "fixed": {
      "rotation": [
        -90.0,
        0.0,
        0.0
      ],
      "translation": [
        0.0,
        0.0,
        -16.0
      ],
      "scale": [
        2.0,
        2.0,
        2.0
      ]
    }
  },
  "elements": [
    {
      "from": [
        -15.0,
        0.0,
        0.0
      ],
      "to": [
        -13.0,
        6.0,
        2.0
      ],
      "rotation": {
        "origin": [
          0.0,
          5.0,
          8.0
        ],
        "axis": "y",
        "angle": 0.0
      },
      "faces": {
        "north": {
          "uv": [
            5.75,
            3.25,
            6.0,
            4.0
          ],
          "texture": "#2"
        },
        "east": {
          "uv": [
            4.0,
            5.75,
            4.25,
            6.5
          ],
          "texture": "#2"
        },
        "south": {
          "uv": [
            5.75,
            4.0,
            6.0,
            4.75
          ],
          "texture": "#2"
        },
        "west": {
          "uv": [
            4.25,
            5.75,
            4.5,
            6.5
          ],
          "texture": "#2"
        },
        "up": {
          "uv": [
            6.0,
            5.0,
            5.75,
            4.75
          ],
          "texture": "#2"
        },
        "down": {
          "uv": [
            0.25,
            6.0,
            0.0,
            6.25
          ],
          "texture": "#2"
        }
      }
    },
    {
      "from": [
        -16.0,
        6.0,
        -2.0
      ],
      "to": [
        16.0,
        8.0,
        18.0
      ],
      "rotation": {
        "origin": [
          0.0,
          5.0,
          8.0
        ],
        "axis": "y",
        "angle": 0.0
      },
      "faces": {
        "north": {
          "uv": [
            0.0,
            5.75,
            4.0,
            6.0
          ],
          "texture": "#2"
        },
        "east": {
          "uv": [
            5.75,
            1.25,
            8.25,
            1.5
          ],
          "texture": "#2"
        },
        "south": {
          "uv": [
            5.75,
            0.0,
            9.75,
            0.25
          ],
          "texture": "#2"
        },
        "west": {
          "uv": [
            5.75,
            1.5,
            8.25,
            1.75
          ],
          "texture": "#2"
        },
        "up": {
          "uv": [
            4.0,
            2.5,
            0.0,
            0.0
          ],
          "texture": "#2"
        },
        "down": {
          "uv": [
            4.0,
            2.5,
            0.0,
            5.0
          ],
          "texture": "#2"
        }
      }
    },
    {
      "from": [
        -13.0,
        4.0,
        0.5
      ],
      "to": [
        13.0,
        6.0,
        1.5
      ],
      "rotation": {
        "origin": [
          0.0,
          5.0,
          8.0
        ],
        "axis": "y",
        "angle": 0.0
      },
      "faces": {
        "north": {
          "uv": [
            5.75,
            0.25,
            9.0,
            0.5
          ],
          "texture": "#2"
        },
        "east": {
          "uv": [
            1.75,
            6.0,
            1.875,
            6.25
          ],
          "texture": "#2"
        },
        "south": {
          "uv": [
            5.75,
            0.5,
            9.0,
            0.75
          ],
          "texture": "#2"
        },
        "west": {
          "uv": [
            1.875,
            6.0,
            2.0,
            6.25
          ],
          "texture": "#2"
        },
        "up": {
          "uv": [
            9.0,
            1.875,
            5.75,
            1.75
          ],
          "texture": "#2"
        },
        "down": {
          "uv": [
            9.0,
            1.875,
            5.75,
            2.0
          ],
          "texture": "#2"
        }
      }
    },
    {
      "from": [
        13.5,
        4.0,
        2.0
      ],
      "to": [
        14.5,
        6.0,
        14.0
      ],
      "rotation": {
        "origin": [
          0.0,
          5.0,
          8.0
        ],
        "axis": "y",
        "angle": 0.0
      },
      "faces": {
        "north": {
          "uv": [
            2.0,
            6.0,
            2.125,
            6.25
          ],
          "texture": "#2"
        },
        "east": {
          "uv": [
            5.75,
            2.25,
            7.25,
            2.5
          ],
          "texture": "#2"
        },
        "south": {
          "uv": [
            2.125,
            6.0,
            2.25,
            6.25
          ],
          "texture": "#2"
        },
        "west": {
          "uv": [
            5.75,
            2.5,
            7.25,
            2.75
          ],
          "texture": "#2"
        },
        "up": {
          "uv": [
            4.625,
            7.25,
            4.5,
            5.75
          ],
          "texture": "#2"
        },
        "down": {
          "uv": [
            4.75,
            5.75,
            4.625,
            7.25
          ],
          "texture": "#2"
        }
      }
    },
    {
      "from": [
        -7.0,
        1.9,
        -2.05
      ],
      "to": [
        7.0,
        8.1,
        18.05
      ],
      "rotation": {
        "origin": [
          -1.0,
          5.0,
          8.0
        ],
        "axis": "y",
        "angle": 0.0
      },
      "faces": {
        "north": {
          "uv": [
            5.0,
            5.0,
            6.75,
            5.75
          ],
          "texture": "#2"
        },
        "east": {
          "uv": [
            0.0,
            5.0,
            2.5,
            5.75
          ],
          "texture": "#2"
        },
        "south": {
          "uv": [
            5.0,
            5.0,
            6.75,
            5.75
          ],
          "texture": "#2"
        },
        "west": {
          "uv": [
            2.5,
            5.0,
            5.0,
            5.75
          ],
          "texture": "#2"
        },
        "up": {
          "uv": [
            5.75,
            2.5,
            4.0,
            0.0
          ],
          "texture": "#2"
        },
        "down": {
          "uv": [
            5.75,
            2.5,
            4.0,
            5.0
          ],
          "texture": "#2"
        }
      }
    },
    {
      "from": [
        13.0,
        0.0,
        0.0
      ],
      "to": [
        15.0,
        6.0,
        2.0
      ],
      "rotation": {
        "origin": [
          0.0,
          5.0,
          8.0
        ],
        "axis": "y",
        "angle": 0.0
      },
      "faces": {
        "north": {
          "uv": [
            4.75,
            5.75,
            5.0,
            6.5
          ],
          "texture": "#2"
        },
        "east": {
          "uv": [
            5.0,
            5.75,
            5.25,
            6.5
          ],
          "texture": "#2"
        },
        "south": {
          "uv": [
            5.25,
            5.75,
            5.5,
            6.5
          ],
          "texture": "#2"
        },
        "west": {
          "uv": [
            5.5,
            5.75,
            5.75,
            6.5
          ],
          "texture": "#2"
        },
        "up": {
          "uv": [
            0.5,
            6.25,
            0.25,
            6.0
          ],
          "texture": "#2"
        },
        "down": {
          "uv": [
            0.75,
            6.0,
            0.5,
            6.25
          ],
          "texture": "#2"
        }
      }
    },
    {
      "from": [
        -15.0,
        0.0,
        14.0
      ],
      "to": [
        -13.0,
        6.0,
        16.0
      ],
      "rotation": {
        "origin": [
          0.0,
          5.0,
          8.0
        ],
        "axis": "y",
        "angle": 0.0
      },
      "faces": {
        "north": {
          "uv": [
            5.25,
            5.75,
            5.5,
            6.5
          ],
          "texture": "#2"
        },
        "east": {
          "uv": [
            5.5,
            5.75,
            5.75,
            6.5
          ],
          "texture": "#2"
        },
        "south": {
          "uv": [
            4.75,
            5.75,
            5.0,
            6.5
          ],
          "texture": "#2"
        },
        "west": {
          "uv": [
            5.0,
            5.75,
            5.25,
            6.5
          ],
          "texture": "#2"
        },
        "up": {
          "uv": [
            1.0,
            6.25,
            0.75,
            6.0
          ],
          "texture": "#2"
        },
        "down": {
          "uv": [
            1.25,
            6.0,
            1.0,
            6.25
          ],
          "texture": "#2"
        }
      }
    },
    {
      "from": [
        13.0,
        0.0,
        14.0
      ],
      "to": [
        15.0,
        6.0,
        16.0
      ],
      "rotation": {
        "origin": [
          0.0,
          5.0,
          8.0
        ],
        "axis": "y",
        "angle": 0.0
      },
      "faces": {
        "north": {
          "uv": [
            5.75,
            4.0,
            6.0,
            4.75
          ],
          "texture": "#2"
        },
        "east": {
          "uv": [
            4.25,
            5.75,
            4.5,
            6.5
          ],
          "texture": "#2"
        },
        "south": {
          "uv": [
            5.75,
            3.25,
            6.0,
            4.0
          ],
          "texture": "#2"
        },
        "west": {
          "uv": [
            4.0,
            5.75,
            4.25,
            6.5
          ],
          "texture": "#2"
        },
        "up": {
          "uv": [
            1.5,
            6.25,
            1.25,
            6.0
          ],
          "texture": "#2"
        },
        "down": {
          "uv": [
            1.75,
            6.0,
            1.5,
            6.25
          ],
          "texture": "#2"
        }
      }
    },
    {
      "from": [
        -13.0,
        4.0,
        14.5
      ],
      "to": [
        13.0,
        6.0,
        15.5
      ],
      "rotation": {
        "origin": [
          0.0,
          5.0,
          8.0
        ],
        "axis": "y",
        "angle": 0.0
      },
      "faces": {
        "north": {
          "uv": [
            5.75,
            0.75,
            9.0,
            1.0
          ],
          "texture": "#2"
        },
        "east": {
          "uv": [
            2.25,
            6.0,
            2.375,
            6.25
          ],
          "texture": "#2"
        },
        "south": {
          "uv": [
            5.75,
            1.0,
            9.0,
            1.25
          ],
          "texture": "#2"
        },
        "west": {
          "uv": [
            2.375,
            6.0,
            2.5,
            6.25
          ],
          "texture": "#2"
        },
        "up": {
          "uv": [
            9.0,
            2.125,
            5.75,
            2.0
          ],
          "texture": "#2"
        },
        "down": {
          "uv": [
            9.0,
            2.125,
            5.75,
            2.25
          ],
          "texture": "#2"
        }
      }
    },
    {
      "from": [
        -14.5,
        4.0,
        2.0
      ],
      "to": [
        -13.5,
        6.0,
        14.0
      ],
      "rotation": {
        "origin": [
          0.0,
          5.0,
          8.0
        ],
        "axis": "y",
        "angle": 0.0
      },
      "faces": {
        "north": {
          "uv": [
            2.5,
            6.0,
            2.625,
            6.25
          ],
          "texture": "#2"
        },
        "east": {
          "uv": [
            5.75,
            2.75,
            7.25,
            3.0
          ],
          "texture": "#2"
        },
        "south": {
          "uv": [
            2.625,
            6.0,
            2.75,
            6.25
          ],
          "texture": "#2"
        },
        "west": {
          "uv": [
            5.75,
            3.0,
            7.25,
            3.25
          ],
          "texture": "#2"
        },
        "up": {
          "uv": [
            5.875,
            7.25,
            5.75,
            5.75
          ],
          "texture": "#2"
        },
        "down": {
          "uv": [
            6.0,
            5.75,
            5.875,
            7.25
          ],
          "texture": "#2"
        }
      }
    }
  ],
  "textures": {
    "2": "nexo:45d24624-bfcf-404d-b5f9-7bef3249d364"
  },
  "gui_light": "front"
}