{
  "display": {
    "thirdperson_righthand": {
      "rotation": [
        52.0,
        0.0,
        0.0
      ],
      "translation": [
        0.0,
        1.25,
        0.0
      ],
      "scale": [
        0.53,
        0.53,
        0.53
      ]
    },
    "thirdperson_lefthand": {
      "rotation": [
        52.0,
        0.0,
        0.0
      ],
      "translation": [
        0.0,
        1.25,
        0.0
      ],
      "scale": [
        0.53,
        0.53,
        0.53
      ]
    },
    "firstperson_righthand": {
      "rotation": [
        149.39,
        31.82,
        -155.52
      ],
      "translation": [
        6.0,
        1.0,
        -4.75
      ],
      "scale": [
        0.82,
        0.82,
        0.82
      ]
    },
    "firstperson_lefthand": {
      "rotation": [
        149.39,
        31.82,
        -155.52
      ],
      "translation": [
        6.0,
        1.0,
        -4.75
      ],
      "scale": [
        0.82,
        0.82,
        0.82
      ]
    },
    "ground": {
      "rotation": [
        45.0,
        0.0,
        0.0
      ],
      "translation": [
        0.0,
        2.75,
        0.0
      ],
      "scale": [
        0.7,
        0.7,
        0.7
      ]
    },
    "gui": {
      "rotation": [
        16.0,
        146.0,
        0.0
      ],
      "translation": [
        0.0,
        1.25,
        0.0
      ],
      "scale": [
        0.8,
        0.8,
        0.8
      ]
    },
    "head": {
      "translation": [
        0.0,
        4.75,
        0.0
      ],
      "scale": [
        1.59,
        1.59,
        1.59
      ]
    },
    "fixed": {
      "translation": [
        -0.5,
        3.0,
        -0.25
      ],
      "scale": [
        1.29,
        1.29,
        1.29
      ]
    }
  },
  "elements": [
    {
      "from": [
        3.0,
        6.0,
        3.0
      ],
      "to": [
        13.0,
        10.0,
        13.0
      ],
      "rotation": {
        "origin": [
          2.0,
          3.0,
          2.0
        ],
        "axis": "y",
        "angle": 0.0
      },
      "faces": {
        "north": {
          "uv": [
            2.5,
            0.0,
            5.0,
            1.0
          ],
          "texture": "#2"
        },
        "east": {
          "uv": [
            2.5,
            1.0,
            5.0,
            2.0
          ],
          "texture": "#2"
        },
        "south": {
          "uv": [
            2.5,
            2.0,
            5.0,
            3.0
          ],
          "texture": "#2"
        },
        "west": {
          "uv": [
            2.5,
            3.0,
            5.0,
            4.0
          ],
          "texture": "#2"
        },
        "up": {
          "uv": [
            2.5,
            2.5,
            0.0,
            0.0
          ],
          "texture": "#2"
        },
        "down": {
          "uv": [
            2.5,
            2.5,
            0.0,
            5.0
          ],
          "texture": "#2"
        }
      }
    },
    {
      "from": [
        3.0,
        2.0,
        10.0
      ],
      "to": [
        13.0,
        6.0,
        13.0
      ],
      "rotation": {
        "origin": [
          2.0,
          -1.0,
          2.0
        ],
        "axis": "y",
        "angle": 0.0
      },
      "faces": {
        "north": {
          "uv": [
            2.5,
            4.0,
            5.0,
            5.0
          ],
          "texture": "#2"
        },
        "east": {
          "uv": [
            5.0,
            4.5,
            5.75,
            5.5
          ],
          "texture": "#2"
        },
        "south": {
          "uv": [
            0.0,
            5.0,
            2.5,
            6.0
          ],
          "texture": "#2"
        },
        "west": {
          "uv": [
            5.0,
            5.5,
            5.75,
            6.5
          ],
          "texture": "#2"
        },
        "up": {
          "uv": [
            7.5,
            0.75,
            5.0,
            0.0
          ],
          "texture": "#2"
        },
        "down": {
          "uv": [
            7.5,
            0.75,
            5.0,
            1.5
          ],
          "texture": "#2"
        }
      }
    },
    {
      "from": [
        3.0,
        0.0,
        5.0
      ],
      "to": [
        4.0,
        6.0,
        10.0
      ],
      "rotation": {
        "origin": [
          4.0,
          6.0,
          7.5
        ],
        "axis": "z",
        "angle": -22.5
      },
      "faces": {
        "north": {
          "uv": [
            6.25,
            6.0,
            6.5,
            7.5
          ],
          "texture": "#2"
        },
        "east": {
          "uv": [
            5.0,
            1.5,
            6.25,
            3.0
          ],
          "texture": "#2"
        },
        "south": {
          "uv": [
            2.5,
            6.5,
            2.75,
            8.0
          ],
          "texture": "#2"
        },
        "west": {
          "uv": [
            2.5,
            5.0,
            3.75,
            6.5
          ],
          "texture": "#2"
        },
        "up": {
          "uv": [
            5.0,
            8.5,
            4.75,
            7.25
          ],
          "texture": "#2"
        },
        "down": {
          "uv": [
            5.25,
            7.25,
            5.0,
            8.5
          ],
          "texture": "#2"
        }
      }
    },
    {
      "from": [
        12.0,
        0.0,
        5.0
      ],
      "to": [
        13.0,
        6.0,
        10.0
      ],
      "rotation": {
        "origin": [
          12.0,
          6.0,
          7.5
        ],
        "axis": "z",
        "angle": 22.5
      },
      "faces": {
        "north": {
          "uv": [
            2.75,
            6.5,
            3.0,
            8.0
          ],
          "texture": "#2"
        },
        "east": {
          "uv": [
            5.0,
            3.0,
            6.25,
            4.5
          ],
          "texture": "#2"
        },
        "south": {
          "uv": [
            3.0,
            6.5,
            3.25,
            8.0
          ],
          "texture": "#2"
        },
        "west": {
          "uv": [
            3.75,
            5.0,
            5.0,
            6.5
          ],
          "texture": "#2"
        },
        "up": {
          "uv": [
            0.25,
            8.75,
            0.0,
            7.5
          ],
          "texture": "#2"
        },
        "down": {
          "uv": [
            7.75,
            0.0,
            7.5,
            1.25
          ],
          "texture": "#2"
        }
      }
    },
    {
      "from": [
        2.5,
        5.0,
        2.0
      ],
      "to": [
        13.5,
        6.0,
        3.0
      ],
      "rotation": {
        "origin": [
          11.5,
          5.0,
          1.0
        ],
        "axis": "y",
        "angle": 0.0
      },
      "faces": {
        "north": {
          "uv": [
            6.25,
            5.0,
            9.0,
            5.25
          ],
          "texture": "#2"
        },
        "east": {
          "uv": [
            8.0,
            2.5,
            8.25,
            2.75
          ],
          "texture": "#2"
        },
        "south": {
          "uv": [
            6.25,
            5.25,
            9.0,
            5.5
          ],
          "texture": "#2"
        },
        "west": {
          "uv": [
            2.75,
            8.0,
            3.0,
            8.25
          ],
          "texture": "#2"
        },
        "up": {
          "uv": [
            9.0,
            5.75,
            6.25,
            5.5
          ],
          "texture": "#2"
        },
        "down": {
          "uv": [
            9.0,
            5.75,
            6.25,
            6.0
          ],
          "texture": "#2"
        }
      }
    },
    {
      "from": [
        7.0,
        6.0,
        1.25
      ],
      "to": [
        9.0,
        9.0,
        3.25
      ],
      "rotation": {
        "origin": [
          8.0,
          7.5,
          2.75
        ],
        "axis": "x",
        "angle": 22.5
      },
      "faces": {
        "north": {
          "uv": [
            3.25,
            6.5,
            3.75,
            7.25
          ],
          "texture": "#2"
        },
        "east": {
          "uv": [
            3.75,
            6.5,
            4.25,
            7.25
          ],
          "texture": "#2"
        },
        "south": {
          "uv": [
            4.25,
            6.5,
            4.75,
            7.25
          ],
          "texture": "#2"
        },
        "west": {
          "uv": [
            4.75,
            6.5,
            5.25,
            7.25
          ],
          "texture": "#2"
        },
        "up": {
          "uv": [
            7.75,
            4.5,
            7.25,
            4.0
          ],
          "texture": "#2"
        },
        "down": {
          "uv": [
            7.75,
            4.5,
            7.25,
            5.0
          ],
          "texture": "#2"
        }
      }
    },
    {
      "from": [
        2.5,
        5.0,
        3.0
      ],
      "to": [
        3.5,
        6.0,
        5.0
      ],
      "rotation": {
        "origin": [
          1.5,
          5.0,
          2.0
        ],
        "axis": "y",
        "angle": 0.0
      },
      "faces": {
        "north": {
          "uv": [
            8.0,
            2.75,
            8.25,
            3.0
          ],
          "texture": "#2"
        },
        "east": {
          "uv": [
            2.0,
            7.5,
            2.5,
            7.75
          ],
          "texture": "#2"
        },
        "south": {
          "uv": [
            3.0,
            8.0,
            3.25,
            8.25
          ],
          "texture": "#2"
        },
        "west": {
          "uv": [
            2.0,
            7.75,
            2.5,
            8.0
          ],
          "texture": "#2"
        },
        "up": {
          "uv": [
            8.0,
            2.5,
            7.75,
            2.0
          ],
          "texture": "#2"
        },
        "down": {
          "uv": [
            8.0,
            2.5,
            7.75,
            3.0
          ],
          "texture": "#2"
        }
      }
    },
    {
      "from": [
        12.5,
        5.0,
        3.0
      ],
      "to": [
        13.5,
        6.0,
        5.0
      ],
      "rotation": {
        "origin": [
          11.5,
          5.0,
          2.0
        ],
        "axis": "y",
        "angle": 0.0
      },
      "faces": {
        "north": {
          "uv": [
            3.25,
            8.0,
            3.5,
            8.25
          ],
          "texture": "#2"
        },
        "east": {
          "uv": [
            7.75,
            3.0,
            8.25,
            3.25
          ],
          "texture": "#2"
        },
        "south": {
          "uv": [
            3.5,
            8.0,
            3.75,
            8.25
          ],
          "texture": "#2"
        },
        "west": {
          "uv": [
            3.25,
            7.75,
            3.75,
            8.0
          ],
          "texture": "#2"
        },
        "up": {
          "uv": [
            4.0,
            8.25,
            3.75,
            7.75
          ],
          "texture": "#2"
        },
        "down": {
          "uv": [
            4.25,
            7.75,
            4.0,
            8.25
          ],
          "texture": "#2"
        }
      }
    },
    {
      "from": [
        1.87868,
        8.62132,
        1.75
      ],
      "to": [
        3.87868,
        14.62132,
        2.75
      ],
      "rotation": {
        "origin": [
          1.87868,
          8.62132,
          2.25
        ],
        "axis": "y",
        "angle": 0.0
      },
      "faces": {
        "north": {
          "uv": [
            5.75,
            4.5,
            6.25,
            6.0
          ],
          "texture": "#2"
        },
        "east": {
          "uv": [
            5.25,
            6.5,
            5.5,
            8.0
          ],
          "texture": "#2"
        },
        "south": {
          "uv": [
            0.0,
            6.0,
            0.5,
            7.5
          ],
          "texture": "#2"
        },
        "west": {
          "uv": [
            5.5,
            6.5,
            5.75,
            8.0
          ],
          "texture": "#2"
        },
        "up": {
          "uv": [
            8.25,
            3.5,
            7.75,
            3.25
          ],
          "texture": "#2"
        },
        "down": {
          "uv": [
            8.25,
            4.0,
            7.75,
            4.25
          ],
          "texture": "#2"
        }
      }
    },
    {
      "from": [
        3.87868,
        10.62132,
        1.775
      ],
      "to": [
        5.87868,
        12.62132,
        2.725
      ],
      "rotation": {
        "origin": [
          3.87868,
          10.62132,
          2.25
        ],
        "axis": "z",
        "angle": 22.5
      },
      "faces": {
        "north": {
          "uv": [
            7.25,
            6.0,
            7.75,
            6.5
          ],
          "texture": "#2"
        },
        "east": {
          "uv": [
            4.25,
            7.75,
            4.5,
            8.25
          ],
          "texture": "#2"
        },
        "south": {
          "uv": [
            7.25,
            6.5,
            7.75,
            7.0
          ],
          "texture": "#2"
        },
        "west": {
          "uv": [
            7.75,
            4.25,
            8.0,
            4.75
          ],
          "texture": "#2"
        },
        "up": {
          "uv": [
            8.25,
            5.0,
            7.75,
            4.75
          ],
          "texture": "#2"
        },
        "down": {
          "uv": [
            6.25,
            7.75,
            5.75,
            8.0
          ],
          "texture": "#2"
        }
      }
    },
    {
      "from": [
        -1.12132,
        8.62132,
        1.775
      ],
      "to": [
        1.87868,
        10.62132,
        2.725
      ],
      "rotation": {
        "origin": [
          1.87868,
          8.62132,
          2.25
        ],
        "axis": "z",
        "angle": -22.5
      },
      "faces": {
        "north": {
          "uv": [
            6.5,
            6.0,
            7.25,
            6.5
          ],
          "texture": "#2"
        },
        "east": {
          "uv": [
            4.5,
            7.75,
            4.75,
            8.25
          ],
          "texture": "#2"
        },
        "south": {
          "uv": [
            6.5,
            6.5,
            7.25,
            7.0
          ],
          "texture": "#2"
        },
        "west": {
          "uv": [
            7.75,
            6.0,
            8.0,
            6.5
          ],
          "texture": "#2"
        },
        "up": {
          "uv": [
            2.0,
            7.75,
            1.25,
            7.5
          ],
          "texture": "#2"
        },
        "down": {
          "uv": [
            8.25,
            1.25,
            7.5,
            1.5
          ],
          "texture": "#2"
        }
      }
    },
    {
      "from": [
        1.0,
        6.5,
        1.775
      ],
      "to": [
        4.0,
        8.5,
        2.725
      ],
      "rotation": {
        "origin": [
          4.0,
          6.5,
          2.25
        ],
        "axis": "z",
        "angle": -45.0
      },
      "faces": {
        "north": {
          "uv": [
            0.5,
            7.0,
            1.25,
            7.5
          ],
          "texture": "#2"
        },
        "east": {
          "uv": [
            6.25,
            7.75,
            6.5,
            8.25
          ],
          "texture": "#2"
        },
        "south": {
          "uv": [
            1.25,
            7.0,
            2.0,
            7.5
          ],
          "texture": "#2"
        },
        "west": {
          "uv": [
            7.75,
            6.5,
            8.0,
            7.0
          ],
          "texture": "#2"
        },
        "up": {
          "uv": [
            6.5,
            7.75,
            5.75,
            7.5
          ],
          "texture": "#2"
        },
        "down": {
          "uv": [
            7.75,
            7.5,
            7.0,
            7.75
          ],
          "texture": "#2"
        }
      }
    },
    {
      "from": [
        4.0,
        6.5,
        1.75
      ],
      "to": [
        7.0,
        8.5,
        2.75
      ],
      "rotation": {
        "origin": [
          5.0,
          6.5,
          1.75
        ],
        "axis": "y",
        "angle": 0.0
      },
      "faces": {
        "north": {
          "uv": [
            7.0,
            1.5,
            7.75,
            2.0
          ],
          "texture": "#2"
        },
        "east": {
          "uv": [
            7.0,
            7.75,
            7.25,
            8.25
          ],
          "texture": "#2"
        },
        "south": {
          "uv": [
            7.0,
            2.0,
            7.75,
            2.5
          ],
          "texture": "#2"
        },
        "west": {
          "uv": [
            7.75,
            7.0,
            8.0,
            7.5
          ],
          "texture": "#2"
        },
        "up": {
          "uv": [
            8.5,
            0.25,
            7.75,
            0.0
          ],
          "texture": "#2"
        },
        "down": {
          "uv": [
            8.5,
            0.25,
            7.75,
            0.5
          ],
          "texture": "#2"
        }
      }
    },
    {
      "from": [
        0.53806,
        13.05866,
        2.0
      ],
      "to": [
        3.53806,
        17.05866,
        2.0
      ],
      "rotation": {
        "origin": [
          2.03806,
          15.05866,
          2.0
        ],
        "axis": "z",
        "angle": 22.5
      },
      "faces": {
        "north": {
          "uv": [
            0.5,
            6.0,
            1.25,
            7.0
          ],
          "texture": "#2"
        },
        "east": {
          "uv": [
            0.0,
            0.0,
            0.0,
            1.0
          ],
          "texture": "#2"
        },
        "south": {
          "uv": [
            1.25,
            6.0,
            2.0,
            7.0
          ],
          "texture": "#2"
        },
        "west": {
          "uv": [
            0.0,
            0.0,
            0.0,
            1.0
          ],
          "texture": "#2"
        },
        "up": {
          "uv": [
            0.75,
            0.0,
            0.0,
            0.0
          ],
          "texture": "#2"
        },
        "down": {
          "uv": [
            0.75,
            0.0,
            0.0,
            0.0
          ],
          "texture": "#2"
        }
      }
    },
    {
      "from": [
        -3.21194,
        8.80866,
        2.0
      ],
      "to": [
        0.78806,
        11.80866,
        2.0
      ],
      "rotation": {
        "origin": [
          -1.21194,
          10.30866,
          2.0
        ],
        "axis": "y",
        "angle": 0.0
      },
      "faces": {
        "north": {
          "uv": [
            0.5,
            6.0,
            1.25,
            7.0
          ],
          "texture": "#2",
          "rotation": 90
        },
        "east": {
          "uv": [
            0.75,
            0.0,
            0.0,
            0.0
          ],
          "texture": "#2",
          "rotation": 270
        },
        "south": {
          "uv": [
            1.25,
            6.0,
            2.0,
            7.0
          ],
          "texture": "#2",
          "rotation": 270
        },
        "west": {
          "uv": [
            0.75,
            0.0,
            0.0,
            0.0
          ],
          "texture": "#2",
          "rotation": 270
        },
        "up": {
          "uv": [
            0.0,
            0.0,
            0.0,
            1.0
          ],
          "texture": "#2",
          "rotation": 270
        },
        "down": {
          "uv": [
            0.0,
            0.0,
            0.0,
            1.0
          ],
          "texture": "#2",
          "rotation": 270
        }
      }
    },
    {
      "from": [
        15.21194,
        8.80866,
        2.0
      ],
      "to": [
        19.21194,
        11.80866,
        2.0
      ],
      "rotation": {
        "origin": [
          17.21194,
          10.30866,
          2.0
        ],
        "axis": "y",
        "angle": 0.0
      },
      "faces": {
        "north": {
          "uv": [
            0.5,
            7.0,
            1.25,
            6.0
          ],
          "texture": "#2",
          "rotation": 90
        },
        "east": {
          "uv": [
            0.75,
            0.0,
            0.0,
            0.0
          ],
          "texture": "#2",
          "rotation": 270
        },
        "south": {
          "uv": [
            1.25,
            7.0,
            2.0,
            6.0
          ],
          "texture": "#2",
          "rotation": 270
        },
        "west": {
          "uv": [
            0.75,
            0.0,
            0.0,
            0.0
          ],
          "texture": "#2",
          "rotation": 270
        },
        "up": {
          "uv": [
            0.0,
            1.0,
            0.0,
            0.0
          ],
          "texture": "#2",
          "rotation": 270
        },
        "down": {
          "uv": [
            0.0,
            1.0,
            0.0,
            0.0
          ],
          "texture": "#2",
          "rotation": 270
        }
      }
    },
    {
      "from": [
        12.12132,
        8.62132,
        1.75
      ],
      "to": [
        14.12132,
        14.62132,
        2.75
      ],
      "rotation": {
        "origin": [
          14.12132,
          8.62132,
          2.25
        ],
        "axis": "y",
        "angle": 0.0
      },
      "faces": {
        "north": {
          "uv": [
            2.0,
            6.0,
            2.5,
            7.5
          ],
          "texture": "#2"
        },
        "east": {
          "uv": [
            6.5,
            7.0,
            6.75,
            8.5
          ],
          "texture": "#2"
        },
        "south": {
          "uv": [
            5.75,
            6.0,
            6.25,
            7.5
          ],
          "texture": "#2"
        },
        "west": {
          "uv": [
            6.75,
            7.0,
            7.0,
            8.5
          ],
          "texture": "#2"
        },
        "up": {
          "uv": [
            7.75,
            8.0,
            7.25,
            7.75
          ],
          "texture": "#2"
        },
        "down": {
          "uv": [
            8.25,
            7.5,
            7.75,
            7.75
          ],
          "texture": "#2"
        }
      }
    },
    {
      "from": [
        10.12132,
        10.62132,
        1.775
      ],
      "to": [
        12.12132,
        12.62132,
        2.725
      ],
      "rotation": {
        "origin": [
          12.12132,
          10.62132,
          2.25
        ],
        "axis": "z",
        "angle": -22.5
      },
      "faces": {
        "north": {
          "uv": [
            0.25,
            7.5,
            0.75,
            8.0
          ],
          "texture": "#2"
        },
        "east": {
          "uv": [
            7.75,
            7.75,
            8.0,
            8.25
          ],
          "texture": "#2"
        },
        "south": {
          "uv": [
            0.75,
            7.5,
            1.25,
            8.0
          ],
          "texture": "#2"
        },
        "west": {
          "uv": [
            0.25,
            8.0,
            0.5,
            8.5
          ],
          "texture": "#2"
        },
        "up": {
          "uv": [
            1.0,
            8.25,
            0.5,
            8.0
          ],
          "texture": "#2"
        },
        "down": {
          "uv": [
            1.5,
            8.0,
            1.0,
            8.25
          ],
          "texture": "#2"
        }
      }
    },
    {
      "from": [
        14.12132,
        8.62132,
        1.775
      ],
      "to": [
        17.12132,
        10.62132,
        2.725
      ],
      "rotation": {
        "origin": [
          14.12132,
          8.62132,
          2.25
        ],
        "axis": "z",
        "angle": 22.5
      },
      "faces": {
        "north": {
          "uv": [
            7.0,
            2.5,
            7.75,
            3.0
          ],
          "texture": "#2"
        },
        "east": {
          "uv": [
            1.5,
            8.0,
            1.75,
            8.5
          ],
          "texture": "#2"
        },
        "south": {
          "uv": [
            7.0,
            3.0,
            7.75,
            3.5
          ],
          "texture": "#2"
        },
        "west": {
          "uv": [
            1.75,
            8.0,
            2.0,
            8.5
          ],
          "texture": "#2"
        },
        "up": {
          "uv": [
            8.5,
            0.75,
            7.75,
            0.5
          ],
          "texture": "#2"
        },
        "down": {
          "uv": [
            8.5,
            0.75,
            7.75,
            1.0
          ],
          "texture": "#2"
        }
      }
    },
    {
      "from": [
        12.0,
        6.5,
        1.775
      ],
      "to": [
        15.0,
        8.5,
        2.725
      ],
      "rotation": {
        "origin": [
          12.0,
          6.5,
          2.25
        ],
        "axis": "z",
        "angle": 45.0
      },
      "faces": {
        "north": {
          "uv": [
            7.0,
            7.0,
            7.75,
            7.5
          ],
          "texture": "#2"
        },
        "east": {
          "uv": [
            2.0,
            8.0,
            2.25,
            8.5
          ],
          "texture": "#2"
        },
        "south": {
          "uv": [
            3.25,
            7.25,
            4.0,
            7.75
          ],
          "texture": "#2"
        },
        "west": {
          "uv": [
            8.0,
            2.0,
            8.25,
            2.5
          ],
          "texture": "#2"
        },
        "up": {
          "uv": [
            8.5,
            1.25,
            7.75,
            1.0
          ],
          "texture": "#2"
        },
        "down": {
          "uv": [
            2.0,
            7.75,
            1.25,
            8.0
          ],
          "texture": "#2"
        }
      }
    },
    {
      "from": [
        9.0,
        6.5,
        1.75
      ],
      "to": [
        12.0,
        8.5,
        2.75
      ],
      "rotation": {
        "origin": [
          11.0,
          6.5,
          1.75
        ],
        "axis": "y",
        "angle": 0.0
      },
      "faces": {
        "north": {
          "uv": [
            7.25,
            3.5,
            8.0,
            4.0
          ],
          "texture": "#2"
        },
        "east": {
          "uv": [
            2.25,
            8.0,
            2.5,
            8.5
          ],
          "texture": "#2"
        },
        "south": {
          "uv": [
            4.0,
            7.25,
            4.75,
            7.75
          ],
          "texture": "#2"
        },
        "west": {
          "uv": [
            2.5,
            8.0,
            2.75,
            8.5
          ],
          "texture": "#2"
        },
        "up": {
          "uv": [
            8.5,
            1.75,
            7.75,
            1.5
          ],
          "texture": "#2"
        },
        "down": {
          "uv": [
            8.5,
            1.75,
            7.75,
            2.0
          ],
          "texture": "#2"
        }
      }
    },
    {
      "from": [
        12.46194,
        13.05866,
        2.0
      ],
      "to": [
        15.46194,
        17.05866,
        2.0
      ],
      "rotation": {
        "origin": [
          13.96194,
          15.05866,
          2.0
        ],
        "axis": "z",
        "angle": -22.5
      },
      "faces": {
        "north": {
          "uv": [
            6.25,
            1.5,
            7.0,
            2.5
          ],
          "texture": "#2"
        },
        "east": {
          "uv": [
            0.0,
            0.0,
            0.0,
            1.0
          ],
          "texture": "#2"
        },
        "south": {
          "uv": [
            6.25,
            2.5,
            7.0,
            3.5
          ],
          "texture": "#2"
        },
        "west": {
          "uv": [
            0.0,
            0.0,
            0.0,
            1.0
          ],
          "texture": "#2"
        },
        "up": {
          "uv": [
            0.75,
            0.0,
            0.0,
            0.0
          ],
          "texture": "#2"
        },
        "down": {
          "uv": [
            0.75,
            0.0,
            0.0,
            0.0
          ],
          "texture": "#2"
        }
      }
    }
  ],
  "textures": {
    "2": "nexo:6e735f51-98ba-4697-b48d-ce90b3016e3d"
  },
  "gui_light": "front"
}