{
  "display": {
    "thirdperson_righthand": {
      "rotation": [
        49.0,
        0.0,
        0.0
      ],
      "translation": [
        0.25,
        0.0,
        -0.5
      ],
      "scale": [
        0.27,
        0.27,
        0.27
      ]
    },
    "thirdperson_lefthand": {
      "rotation": [
        49.0,
        0.0,
        0.0
      ],
      "translation": [
        0.25,
        0.0,
        -0.5
      ],
      "scale": [
        0.27,
        0.27,
        0.27
      ]
    },
    "firstperson_righthand": {
      "translation": [
        0.25,
        3.75,
        1.5
      ],
      "scale": [
        0.39,
        0.39,
        0.39
      ]
    },
    "firstperson_lefthand": {
      "translation": [
        0.25,
        3.75,
        1.5
      ],
      "scale": [
        0.39,
        0.39,
        0.39
      ]
    },
    "ground": {
      "translation": [
        0.0,
        2.25,
        0.0
      ],
      "scale": [
        0.4,
        0.4,
        0.4
      ]
    },
    "gui": {
      "rotation": [
        11.75,
        145.0,
        0.0
      ],
      "translation": [
        0.0,
        -0.25,
        0.0
      ],
      "scale": [
        0.67,
        0.67,
        0.67
      ]
    },
    "head": {
      "translation": [
        0.0,
        -30.25,
        0.0
      ],
      "scale": [
        1.6,
        1.6,
        1.6
      ]
    },
    "fixed": {
      "rotation": [
        -90.0,
        0.0,
        0.0
      ],
      "translation": [
        0.0,
        0.0,
        -16.0
      ],
      "scale": [
        2.0,
        2.0,
        2.0
      ]
    }
  },
  "elements": [
    {
      "from": [
        13.0,
        0.0,
        1.0
      ],
      "to": [
        15.0,
        14.0,
        3.0
      ],
      "rotation": {
        "origin": [
          13.0,
          0.0,
          1.0
        ],
        "axis": "y",
        "angle": 0.0
      },
      "faces": {
        "north": {
          "uv": [
            7.0,
            1.0,
            7.5,
            4.5
          ],
          "texture": "#0"
        },
        "east": {
          "uv": [
            4.0,
            7.0,
            4.5,
            10.5
          ],
          "texture": "#0"
        },
        "south": {
          "uv": [
            4.5,
            7.0,
            5.0,
            10.5
          ],
          "texture": "#0"
        },
        "west": {
          "uv": [
            5.0,
            7.0,
            5.5,
            10.5
          ],
          "texture": "#0"
        },
        "up": {
          "uv": [
            3.0,
            8.5,
            2.5,
            8.0
          ],
          "texture": "#0"
        },
        "down": {
          "uv": [
            3.5,
            8.0,
            3.0,
            8.5
          ],
          "texture": "#0"
        }
      }
    },
    {
      "from": [
        0.0,
        14.0,
        0.0
      ],
      "to": [
        16.0,
        16.0,
        16.0
      ],
      "rotation": {
        "origin": [
          0.0,
          14.0,
          0.0
        ],
        "axis": "y",
        "angle": 0.0
      },
      "faces": {
        "north": {
          "uv": [
            4.0,
            6.0,
            8.0,
            6.5
          ],
          "texture": "#0"
        },
        "east": {
          "uv": [
            4.0,
            6.5,
            8.0,
            7.0
          ],
          "texture": "#0"
        },
        "south": {
          "uv": [
            7.0,
            0.0,
            11.0,
            0.5
          ],
          "texture": "#0"
        },
        "west": {
          "uv": [
            7.0,
            0.5,
            11.0,
            1.0
          ],
          "texture": "#0"
        },
        "up": {
          "uv": [
            4.0,
            4.0,
            0.0,
            0.0
          ],
          "texture": "#0"
        },
        "down": {
          "uv": [
            4.0,
            4.0,
            0.0,
            8.0
          ],
          "texture": "#0"
        }
      }
    },
    {
      "from": [
        2.0,
        6.0,
        2.0
      ],
      "to": [
        14.0,
        8.0,
        14.0
      ],
      "rotation": {
        "origin": [
          0.0,
          6.0,
          0.0
        ],
        "axis": "y",
        "angle": 0.0
      },
      "faces": {
        "north": {
          "uv": [
            7.0,
            4.5,
            10.0,
            5.0
          ],
          "texture": "#0"
        },
        "east": {
          "uv": [
            7.0,
            5.0,
            10.0,
            5.5
          ],
          "texture": "#0"
        },
        "south": {
          "uv": [
            7.0,
            5.5,
            10.0,
            6.0
          ],
          "texture": "#0"
        },
        "west": {
          "uv": [
            8.0,
            6.0,
            11.0,
            6.5
          ],
          "texture": "#0"
        },
        "up": {
          "uv": [
            7.0,
            3.0,
            4.0,
            0.0
          ],
          "texture": "#0"
        },
        "down": {
          "uv": [
            7.0,
            3.0,
            4.0,
            6.0
          ],
          "texture": "#0"
        }
      }
    },
    {
      "from": [
        1.0,
        0.0,
        1.0
      ],
      "to": [
        3.0,
        14.0,
        3.0
      ],
      "rotation": {
        "origin": [
          3.0,
          0.0,
          1.0
        ],
        "axis": "y",
        "angle": 0.0
      },
      "faces": {
        "north": {
          "uv": [
            7.5,
            1.0,
            7.0,
            4.5
          ],
          "texture": "#0"
        },
        "east": {
          "uv": [
            5.5,
            7.0,
            5.0,
            10.5
          ],
          "texture": "#0"
        },
        "south": {
          "uv": [
            5.0,
            7.0,
            4.5,
            10.5
          ],
          "texture": "#0"
        },
        "west": {
          "uv": [
            4.5,
            7.0,
            4.0,
            10.5
          ],
          "texture": "#0"
        },
        "up": {
          "uv": [
            2.5,
            8.5,
            3.0,
            8.0
          ],
          "texture": "#0"
        },
        "down": {
          "uv": [
            3.0,
            8.0,
            3.5,
            8.5
          ],
          "texture": "#0"
        }
      }
    },
    {
      "from": [
        13.0,
        0.0,
        13.0
      ],
      "to": [
        15.0,
        14.0,
        15.0
      ],
      "rotation": {
        "origin": [
          13.0,
          0.0,
          13.0
        ],
        "axis": "y",
        "angle": 0.0
      },
      "faces": {
        "north": {
          "uv": [
            7.0,
            1.0,
            7.5,
            4.5
          ],
          "texture": "#0"
        },
        "east": {
          "uv": [
            4.0,
            7.0,
            4.5,
            10.5
          ],
          "texture": "#0"
        },
        "south": {
          "uv": [
            4.5,
            7.0,
            5.0,
            10.5
          ],
          "texture": "#0"
        },
        "west": {
          "uv": [
            5.0,
            7.0,
            5.5,
            10.5
          ],
          "texture": "#0"
        },
        "up": {
          "uv": [
            3.0,
            8.5,
            2.5,
            8.0
          ],
          "texture": "#0"
        },
        "down": {
          "uv": [
            3.5,
            8.0,
            3.0,
            8.5
          ],
          "texture": "#0"
        }
      }
    },
    {
      "from": [
        1.0,
        0.0,
        13.0
      ],
      "to": [
        3.0,
        14.0,
        15.0
      ],
      "rotation": {
        "origin": [
          3.0,
          0.0,
          13.0
        ],
        "axis": "y",
        "angle": 0.0
      },
      "faces": {
        "north": {
          "uv": [
            7.5,
            1.0,
            7.0,
            4.5
          ],
          "texture": "#0"
        },
        "east": {
          "uv": [
            5.5,
            7.0,
            5.0,
            10.5
          ],
          "texture": "#0"
        },
        "south": {
          "uv": [
            5.0,
            7.0,
            4.5,
            10.5
          ],
          "texture": "#0"
        },
        "west": {
          "uv": [
            4.5,
            7.0,
            4.0,
            10.5
          ],
          "texture": "#0"
        },
        "up": {
          "uv": [
            2.5,
            8.5,
            3.0,
            8.0
          ],
          "texture": "#0"
        },
        "down": {
          "uv": [
            3.0,
            8.0,
            3.5,
            8.5
          ],
          "texture": "#0"
        }
      }
    }
  ],
  "textures": {
    "particle": "nexo:399e1b0d-39a4-4b64-9fc0-7ee77e9600e9",
    "0": "nexo:399e1b0d-39a4-4b64-9fc0-7ee77e9600e9"
  },
  "gui_light": "front"
}