{
  "display": {
    "thirdperson_righthand": {
      "rotation": [
        49.0,
        0.0,
        0.0
      ],
      "translation": [
        -0.5,
        1.0,
        -0.5
      ],
      "scale": [
        0.21,
        0.21,
        0.21
      ]
    },
    "thirdperson_lefthand": {
      "rotation": [
        49.0,
        0.0,
        0.0
      ],
      "translation": [
        -0.5,
        1.0,
        -0.5
      ],
      "scale": [
        0.21,
        0.21,
        0.21
      ]
    },
    "firstperson_righthand": {
      "rotation": [
        0.0,
        124.0,
        0.0
      ],
      "translation": [
        -0.5,
        4.75,
        4.0
      ],
      "scale": [
        0.27,
        0.27,
        0.27
      ]
    },
    "firstperson_lefthand": {
      "rotation": [
        0.0,
        124.0,
        0.0
      ],
      "translation": [
        -0.5,
        4.75,
        4.0
      ],
      "scale": [
        0.27,
        0.27,
        0.27
      ]
    },
    "ground": {
      "translation": [
        0.0,
        2.25,
        0.0
      ],
      "scale": [
        0.4,
        0.4,
        0.4
      ]
    },
    "gui": {
      "rotation": [
        30.0,
        130.0,
        0.0
      ],
      "translation": [
        0.0,
        -0.25,
        0.0
      ],
      "scale": [
        0.35,
        0.35,
        0.35
      ]
    },
    "head": {
      "translation": [
        0.0,
        -30.0,
        0.0
      ],
      "scale": [
        1.6,
        1.6,
        1.6
      ]
    },
    "fixed": {
      "rotation": [
        -90.0,
        0.0,
        0.0
      ],
      "translation": [
        0.0,
        0.0,
        -16.0
      ],
      "scale": [
        2.0,
        2.0,
        2.0
      ]
    }
  },
  "elements": [
    {
      "from": [
        -16.0,
        4.0,
        0.0
      ],
      "to": [
        32.0,
        6.0,
        16.0
      ],
      "rotation": {
        "origin": [
          0.0,
          4.0,
          0.0
        ],
        "axis": "y",
        "angle": 0.0
      },
      "faces": {
        "north": {
          "uv": [
            0.0,
            7.625,
            6.0,
            7.875
          ],
          "texture": "#3"
        },
        "east": {
          "uv": [
            4.25,
            9.125,
            6.25,
            9.375
          ],
          "texture": "#3"
        },
        "south": {
          "uv": [
            6.0,
            7.625,
            12.0,
            7.875
          ],
          "texture": "#3"
        },
        "west": {
          "uv": [
            6.25,
            9.125,
            8.25,
            9.375
          ],
          "texture": "#3"
        },
        "up": {
          "uv": [
            6.0,
            2.0,
            0.0,
            0.0
          ],
          "texture": "#3"
        },
        "down": {
          "uv": [
            6.0,
            2.0,
            0.0,
            4.0
          ],
          "texture": "#3"
        }
      }
    },
    {
      "from": [
        -15.0,
        0.0,
        1.0
      ],
      "to": [
        -13.0,
        4.0,
        3.0
      ],
      "rotation": {
        "origin": [
          -15.0,
          0.0,
          1.0
        ],
        "axis": "y",
        "angle": 0.0
      },
      "faces": {
        "north": {
          "uv": [
            6.5,
            9.625,
            6.75,
            10.125
          ],
          "texture": "#3"
        },
        "east": {
          "uv": [
            6.75,
            9.625,
            7.0,
            10.125
          ],
          "texture": "#3"
        },
        "south": {
          "uv": [
            7.0,
            9.625,
            7.25,
            10.125
          ],
          "texture": "#3"
        },
        "west": {
          "uv": [
            7.25,
            9.625,
            7.5,
            10.125
          ],
          "texture": "#3"
        },
        "up": {
          "uv": [
            10.0,
            10.125,
            9.75,
            9.875
          ],
          "texture": "#3"
        },
        "down": {
          "uv": [
            10.25,
            8.75,
            10.0,
            9.0
          ],
          "texture": "#3"
        }
      }
    },
    {
      "from": [
        -13.0,
        1.0,
        1.5
      ],
      "to": [
        29.0,
        4.0,
        2.5
      ],
      "rotation": {
        "origin": [
          27.0,
          0.0,
          1.5
        ],
        "axis": "y",
        "angle": 0.0
      },
      "faces": {
        "north": {
          "uv": [
            6.0,
            3.25,
            11.25,
            3.625
          ],
          "texture": "#3"
        },
        "east": {
          "uv": [
            3.75,
            10.125,
            3.875,
            10.5
          ],
          "texture": "#3"
        },
        "south": {
          "uv": [
            6.0,
            3.625,
            11.25,
            4.0
          ],
          "texture": "#3"
        },
        "west": {
          "uv": [
            5.125,
            10.125,
            5.25,
            10.5
          ],
          "texture": "#3"
        },
        "up": {
          "uv": [
            6.75,
            8.625,
            1.5,
            8.5
          ],
          "texture": "#3"
        },
        "down": {
          "uv": [
            12.0,
            8.5,
            6.75,
            8.625
          ],
          "texture": "#3"
        }
      }
    },
    {
      "from": [
        -13.0,
        1.0,
        14.5
      ],
      "to": [
        29.0,
        4.0,
        15.5
      ],
      "rotation": {
        "origin": [
          27.0,
          0.0,
          14.5
        ],
        "axis": "y",
        "angle": 0.0
      },
      "faces": {
        "north": {
          "uv": [
            0.0,
            7.25,
            5.25,
            7.625
          ],
          "texture": "#3"
        },
        "east": {
          "uv": [
            7.5,
            10.125,
            7.625,
            10.5
          ],
          "texture": "#3"
        },
        "south": {
          "uv": [
            5.25,
            7.25,
            10.5,
            7.625
          ],
          "texture": "#3"
        },
        "west": {
          "uv": [
            7.625,
            10.125,
            7.75,
            10.5
          ],
          "texture": "#3"
        },
        "up": {
          "uv": [
            6.75,
            8.75,
            1.5,
            8.625
          ],
          "texture": "#3"
        },
        "down": {
          "uv": [
            12.0,
            8.625,
            6.75,
            8.75
          ],
          "texture": "#3"
        }
      }
    },
    {
      "from": [
        -15.0,
        0.0,
        14.0
      ],
      "to": [
        -13.0,
        4.0,
        16.0
      ],
      "rotation": {
        "origin": [
          -15.0,
          0.0,
          14.0
        ],
        "axis": "y",
        "angle": 0.0
      },
      "faces": {
        "north": {
          "uv": [
            7.5,
            9.625,
            7.75,
            10.125
          ],
          "texture": "#3"
        },
        "east": {
          "uv": [
            7.75,
            9.625,
            8.0,
            10.125
          ],
          "texture": "#3"
        },
        "south": {
          "uv": [
            8.0,
            9.625,
            8.25,
            10.125
          ],
          "texture": "#3"
        },
        "west": {
          "uv": [
            8.25,
            9.625,
            8.5,
            10.125
          ],
          "texture": "#3"
        },
        "up": {
          "uv": [
            10.25,
            10.125,
            10.0,
            9.875
          ],
          "texture": "#3"
        },
        "down": {
          "uv": [
            3.0,
            10.125,
            2.75,
            10.375
          ],
          "texture": "#3"
        }
      }
    },
    {
      "from": [
        -14.5,
        1.0,
        3.0
      ],
      "to": [
        -13.5,
        4.0,
        14.0
      ],
      "rotation": {
        "origin": [
          -15.5,
          0.0,
          11.0
        ],
        "axis": "y",
        "angle": 0.0
      },
      "faces": {
        "north": {
          "uv": [
            7.75,
            10.125,
            7.875,
            10.5
          ],
          "texture": "#3"
        },
        "east": {
          "uv": [
            1.5,
            8.75,
            2.875,
            9.125
          ],
          "texture": "#3"
        },
        "south": {
          "uv": [
            7.875,
            10.125,
            8.0,
            10.5
          ],
          "texture": "#3"
        },
        "west": {
          "uv": [
            2.875,
            8.75,
            4.25,
            9.125
          ],
          "texture": "#3"
        },
        "up": {
          "uv": [
            5.625,
            11.0,
            5.5,
            9.625
          ],
          "texture": "#3"
        },
        "down": {
          "uv": [
            5.75,
            9.625,
            5.625,
            11.0
          ],
          "texture": "#3"
        }
      }
    },
    {
      "from": [
        -15.0,
        6.0,
        14.0
      ],
      "to": [
        31.0,
        19.0,
        16.0
      ],
      "rotation": {
        "origin": [
          29.0,
          5.0,
          14.0
        ],
        "axis": "y",
        "angle": 0.0
      },
      "faces": {
        "north": {
          "uv": [
            0.0,
            4.0,
            5.75,
            5.625
          ],
          "texture": "#3"
        },
        "east": {
          "uv": [
            1.5,
            9.5,
            1.75,
            11.125
          ],
          "texture": "#3"
        },
        "south": {
          "uv": [
            0.0,
            5.625,
            5.75,
            7.25
          ],
          "texture": "#3"
        },
        "west": {
          "uv": [
            1.75,
            9.5,
            2.0,
            11.125
          ],
          "texture": "#3"
        },
        "up": {
          "uv": [
            5.75,
            8.125,
            0.0,
            7.875
          ],
          "texture": "#3"
        },
        "down": {
          "uv": [
            11.5,
            7.875,
            5.75,
            8.125
          ],
          "texture": "#3"
        }
      }
    },
    {
      "from": [
        -15.0,
        6.0,
        1.0
      ],
      "to": [
        -13.0,
        9.0,
        3.0
      ],
      "rotation": {
        "origin": [
          -13.0,
          6.0,
          1.0
        ],
        "axis": "y",
        "angle": 0.0
      },
      "faces": {
        "north": {
          "uv": [
            2.75,
            9.75,
            3.0,
            10.125
          ],
          "texture": "#3"
        },
        "east": {
          "uv": [
            3.0,
            9.75,
            3.25,
            10.125
          ],
          "texture": "#3"
        },
        "south": {
          "uv": [
            3.25,
            9.75,
            3.5,
            10.125
          ],
          "texture": "#3"
        },
        "west": {
          "uv": [
            9.75,
            8.75,
            10.0,
            9.125
          ],
          "texture": "#3"
        },
        "up": {
          "uv": [
            3.25,
            10.375,
            3.0,
            10.125
          ],
          "texture": "#3"
        },
        "down": {
          "uv": [
            3.5,
            10.125,
            3.25,
            10.375
          ],
          "texture": "#3"
        }
      }
    },
    {
      "from": [
        -16.0,
        9.0,
        0.0
      ],
      "to": [
        -13.0,
        11.0,
        15.0
      ],
      "rotation": {
        "origin": [
          -13.0,
          10.0,
          1.0
        ],
        "axis": "y",
        "angle": 0.0
      },
      "faces": {
        "north": {
          "uv": [
            9.75,
            9.625,
            10.125,
            9.875
          ],
          "texture": "#3"
        },
        "east": {
          "uv": [
            8.25,
            9.125,
            10.125,
            9.375
          ],
          "texture": "#3"
        },
        "south": {
          "uv": [
            3.5,
            9.875,
            3.875,
            10.125
          ],
          "texture": "#3"
        },
        "west": {
          "uv": [
            4.25,
            9.375,
            6.125,
            9.625
          ],
          "texture": "#3"
        },
        "up": {
          "uv": [
            0.375,
            10.25,
            0.0,
            8.375
          ],
          "texture": "#3"
        },
        "down": {
          "uv": [
            0.75,
            8.375,
            0.375,
            10.25
          ],
          "texture": "#3"
        }
      }
    },
    {
      "from": [
        -14.5,
        6.0,
        3.0
      ],
      "to": [
        -13.5,
        9.0,
        14.0
      ],
      "rotation": {
        "origin": [
          -13.5,
          6.0,
          3.0
        ],
        "axis": "y",
        "angle": 0.0
      },
      "faces": {
        "north": {
          "uv": [
            8.0,
            10.125,
            8.125,
            10.5
          ],
          "texture": "#3"
        },
        "east": {
          "uv": [
            4.25,
            8.75,
            5.625,
            9.125
          ],
          "texture": "#3"
        },
        "south": {
          "uv": [
            8.125,
            10.125,
            8.25,
            10.5
          ],
          "texture": "#3"
        },
        "west": {
          "uv": [
            5.625,
            8.75,
            7.0,
            9.125
          ],
          "texture": "#3"
        },
        "up": {
          "uv": [
            5.875,
            11.0,
            5.75,
            9.625
          ],
          "texture": "#3"
        },
        "down": {
          "uv": [
            6.0,
            9.625,
            5.875,
            11.0
          ],
          "texture": "#3"
        }
      }
    },
    {
      "from": [
        -14.0,
        6.0,
        1.5
      ],
      "to": [
        30.0,
        8.0,
        14.5
      ],
      "rotation": {
        "origin": [
          0.0,
          6.0,
          1.5
        ],
        "axis": "y",
        "angle": 0.0
      },
      "faces": {
        "north": {
          "uv": [
            0.0,
            8.125,
            5.5,
            8.375
          ],
          "texture": "#3"
        },
        "east": {
          "uv": [
            2.0,
            9.5,
            3.625,
            9.75
          ],
          "texture": "#3"
        },
        "south": {
          "uv": [
            5.5,
            8.125,
            11.0,
            8.375
          ],
          "texture": "#3"
        },
        "west": {
          "uv": [
            3.625,
            9.625,
            5.25,
            9.875
          ],
          "texture": "#3"
        },
        "up": {
          "uv": [
            11.25,
            5.625,
            5.75,
            4.0
          ],
          "texture": "#3"
        },
        "down": {
          "uv": [
            11.25,
            5.625,
            5.75,
            7.25
          ],
          "texture": "#3"
        }
      }
    },
    {
      "from": [
        -14.0,
        5.0,
        13.25
      ],
      "to": [
        30.0,
        18.0,
        14.25
      ],
      "rotation": {
        "origin": [
          29.0,
          5.0,
          13.25
        ],
        "axis": "y",
        "angle": 0.0
      },
      "faces": {
        "north": {
          "uv": [
            6.0,
            0.0,
            11.5,
            1.625
          ],
          "texture": "#3"
        },
        "east": {
          "uv": [
            5.25,
            9.625,
            5.375,
            11.25
          ],
          "texture": "#3"
        },
        "south": {
          "uv": [
            6.0,
            1.625,
            11.5,
            3.25
          ],
          "texture": "#3"
        },
        "west": {
          "uv": [
            5.375,
            9.625,
            5.5,
            11.25
          ],
          "texture": "#3"
        },
        "up": {
          "uv": [
            7.0,
            8.5,
            1.5,
            8.375
          ],
          "texture": "#3"
        },
        "down": {
          "uv": [
            12.5,
            8.375,
            7.0,
            8.5
          ],
          "texture": "#3"
        }
      }
    },
    {
      "from": [
        29.0,
        0.0,
        14.0
      ],
      "to": [
        31.0,
        4.0,
        16.0
      ],
      "rotation": {
        "origin": [
          31.0,
          0.0,
          14.0
        ],
        "axis": "y",
        "angle": 0.0
      },
      "faces": {
        "north": {
          "uv": [
            8.5,
            9.625,
            8.75,
            10.125
          ],
          "texture": "#3"
        },
        "east": {
          "uv": [
            8.75,
            9.625,
            9.0,
            10.125
          ],
          "texture": "#3"
        },
        "south": {
          "uv": [
            9.0,
            9.625,
            9.25,
            10.125
          ],
          "texture": "#3"
        },
        "west": {
          "uv": [
            9.25,
            9.625,
            9.5,
            10.125
          ],
          "texture": "#3"
        },
        "up": {
          "uv": [
            3.75,
            10.375,
            3.5,
            10.125
          ],
          "texture": "#3"
        },
        "down": {
          "uv": [
            5.125,
            10.125,
            4.875,
            10.375
          ],
          "texture": "#3"
        }
      }
    },
    {
      "from": [
        29.0,
        0.0,
        1.0
      ],
      "to": [
        31.0,
        4.0,
        3.0
      ],
      "rotation": {
        "origin": [
          31.0,
          0.0,
          1.0
        ],
        "axis": "y",
        "angle": 0.0
      },
      "faces": {
        "north": {
          "uv": [
            9.5,
            9.625,
            9.75,
            10.125
          ],
          "texture": "#3"
        },
        "east": {
          "uv": [
            2.0,
            9.75,
            2.25,
            10.25
          ],
          "texture": "#3"
        },
        "south": {
          "uv": [
            2.25,
            9.75,
            2.5,
            10.25
          ],
          "texture": "#3"
        },
        "west": {
          "uv": [
            2.5,
            9.75,
            2.75,
            10.25
          ],
          "texture": "#3"
        },
        "up": {
          "uv": [
            6.75,
            10.375,
            6.5,
            10.125
          ],
          "texture": "#3"
        },
        "down": {
          "uv": [
            7.0,
            10.125,
            6.75,
            10.375
          ],
          "texture": "#3"
        }
      }
    },
    {
      "from": [
        29.5,
        1.0,
        3.0
      ],
      "to": [
        30.5,
        4.0,
        14.0
      ],
      "rotation": {
        "origin": [
          31.5,
          0.0,
          11.0
        ],
        "axis": "y",
        "angle": 0.0
      },
      "faces": {
        "north": {
          "uv": [
            8.25,
            10.125,
            8.375,
            10.5
          ],
          "texture": "#3"
        },
        "east": {
          "uv": [
            7.0,
            8.75,
            8.375,
            9.125
          ],
          "texture": "#3"
        },
        "south": {
          "uv": [
            8.375,
            10.125,
            8.5,
            10.5
          ],
          "texture": "#3"
        },
        "west": {
          "uv": [
            8.375,
            8.75,
            9.75,
            9.125
          ],
          "texture": "#3"
        },
        "up": {
          "uv": [
            6.125,
            11.0,
            6.0,
            9.625
          ],
          "texture": "#3"
        },
        "down": {
          "uv": [
            6.25,
            9.625,
            6.125,
            11.0
          ],
          "texture": "#3"
        }
      }
    },
    {
      "from": [
        29.5,
        6.0,
        3.0
      ],
      "to": [
        30.5,
        9.0,
        14.0
      ],
      "rotation": {
        "origin": [
          29.5,
          6.0,
          3.0
        ],
        "axis": "y",
        "angle": 0.0
      },
      "faces": {
        "north": {
          "uv": [
            8.5,
            10.125,
            8.625,
            10.5
          ],
          "texture": "#3"
        },
        "east": {
          "uv": [
            1.5,
            9.125,
            2.875,
            9.5
          ],
          "texture": "#3"
        },
        "south": {
          "uv": [
            8.625,
            10.125,
            8.75,
            10.5
          ],
          "texture": "#3"
        },
        "west": {
          "uv": [
            2.875,
            9.125,
            4.25,
            9.5
          ],
          "texture": "#3"
        },
        "up": {
          "uv": [
            6.375,
            11.0,
            6.25,
            9.625
          ],
          "texture": "#3"
        },
        "down": {
          "uv": [
            6.5,
            9.625,
            6.375,
            11.0
          ],
          "texture": "#3"
        }
      }
    },
    {
      "from": [
        29.0,
        6.0,
        1.0
      ],
      "to": [
        31.0,
        9.0,
        3.0
      ],
      "rotation": {
        "origin": [
          29.0,
          6.0,
          1.0
        ],
        "axis": "y",
        "angle": 0.0
      },
      "faces": {
        "north": {
          "uv": [
            3.875,
            9.875,
            4.125,
            10.25
          ],
          "texture": "#3"
        },
        "east": {
          "uv": [
            4.125,
            9.875,
            4.375,
            10.25
          ],
          "texture": "#3"
        },
        "south": {
          "uv": [
            4.375,
            9.875,
            4.625,
            10.25
          ],
          "texture": "#3"
        },
        "west": {
          "uv": [
            4.625,
            9.875,
            4.875,
            10.25
          ],
          "texture": "#3"
        },
        "up": {
          "uv": [
            7.25,
            10.375,
            7.0,
            10.125
          ],
          "texture": "#3"
        },
        "down": {
          "uv": [
            7.5,
            10.125,
            7.25,
            10.375
          ],
          "texture": "#3"
        }
      }
    },
    {
      "from": [
        29.0,
        9.0,
        0.0
      ],
      "to": [
        32.0,
        11.0,
        15.0
      ],
      "rotation": {
        "origin": [
          29.0,
          10.0,
          1.0
        ],
        "axis": "y",
        "angle": 0.0
      },
      "faces": {
        "north": {
          "uv": [
            4.875,
            9.875,
            5.25,
            10.125
          ],
          "texture": "#3"
        },
        "east": {
          "uv": [
            6.125,
            9.375,
            8.0,
            9.625
          ],
          "texture": "#3"
        },
        "south": {
          "uv": [
            9.875,
            9.375,
            10.25,
            9.625
          ],
          "texture": "#3"
        },
        "west": {
          "uv": [
            8.0,
            9.375,
            9.875,
            9.625
          ],
          "texture": "#3"
        },
        "up": {
          "uv": [
            1.125,
            10.25,
            0.75,
            8.375
          ],
          "texture": "#3"
        },
        "down": {
          "uv": [
            1.5,
            8.375,
            1.125,
            10.25
          ],
          "texture": "#3"
        }
      }
    }
  ],
  "textures": {
    "3": "nexo:1b190644-e3db-41e4-bf4f-02a2c93b6a6f"
  },
  "gui_light": "front"
}