{
  "display": {
    "thirdperson_righthand": {
      "rotation": [
        0.0,
        160.0,
        0.0
      ],
      "translation": [
        0.0,
        1.25,
        0.0
      ]
    },
    "thirdperson_lefthand": {
      "rotation": [
        0.0,
        160.0,
        0.0
      ],
      "translation": [
        0.0,
        1.25,
        0.0
      ]
    },
    "firstperson_righthand": {
      "rotation": [
        0.0,
        110.0,
        0.0
      ],
      "translation": [
        2.5,
        3.0,
        0.0
      ]
    },
    "firstperson_lefthand": {
      "rotation": [
        0.0,
        110.0,
        0.0
      ],
      "translation": [
        2.5,
        3.0,
        0.0
      ]
    },
    "ground": {
      "rotation": [
        45.0,
        0.0,
        0.0
      ],
      "translation": [
        0.0,
        2.75,
        0.0
      ],
      "scale": [
        0.7,
        0.7,
        0.7
      ]
    },
    "gui": {
      "rotation": [
        0.0,
        180.0,
        45.0
      ],
      "translation": [
        -1.0,
        -1.0,
        0.0
      ],
      "scale": [
        1.03,
        1.03,
        1.03
      ]
    },
    "head": {
      "scale": [
        0.0,
        0.0,
        0.0
      ]
    },
    "fixed": {
      "rotation": [
        0.0,
        0.0,
        45.0
      ],
      "translation": [
        1.25,
        -1.75,
        -0.25
      ],
      "scale": [
        1.29,
        1.29,
        1.29
      ]
    }
  },
  "elements": [
    {
      "from": [
        5.5,
        12.0,
        7.5
      ],
      "to": [
        10.5,
        17.0,
        8.5
      ],
      "rotation": {
        "origin": [
          7.5,
          12.0,
          7.5
        ],
        "axis": "y",
        "angle": 0.0
      },
      "faces": {
        "north": {
          "uv": [
            0.0,
            0.0,
            2.5,
            2.5
          ],
          "texture": "#2"
        },
        "east": {
          "uv": [
            2.5,
            6.5,
            3.0,
            9.0
          ],
          "texture": "#2"
        },
        "south": {
          "uv": [
            2.5,
            2.5,
            0.0,
            5.0
          ],
          "texture": "#2"
        },
        "west": {
          "uv": [
            3.0,
            6.5,
            3.5,
            9.0
          ],
          "texture": "#2"
        },
        "up": {
          "uv": [
            9.0,
            1.5,
            6.5,
            1.0
          ],
          "texture": "#2"
        },
        "down": {
          "uv": [
            9.0,
            1.5,
            6.5,
            2.0
          ],
          "texture": "#2"
        }
      }
    },
    {
      "from": [
        6.0,
        17.0,
        7.5
      ],
      "to": [
        10.0,
        18.0,
        8.5
      ],
      "rotation": {
        "origin": [
          7.0,
          12.0,
          7.5
        ],
        "axis": "y",
        "angle": 0.0
      },
      "faces": {
        "north": {
          "uv": [
            7.0,
            3.0,
            9.0,
            3.5
          ],
          "texture": "#2"
        },
        "east": {
          "uv": [
            5.5,
            8.0,
            6.0,
            8.5
          ],
          "texture": "#2"
        },
        "south": {
          "uv": [
            7.0,
            3.5,
            9.0,
            4.0
          ],
          "texture": "#2"
        },
        "west": {
          "uv": [
            8.0,
            5.5,
            8.5,
            6.0
          ],
          "texture": "#2"
        },
        "up": {
          "uv": [
            9.0,
            4.5,
            7.0,
            4.0
          ],
          "texture": "#2"
        },
        "down": {
          "uv": [
            9.0,
            4.5,
            7.0,
            5.0
          ],
          "texture": "#2"
        }
      }
    },
    {
      "from": [
        7.0,
        0.0,
        7.5
      ],
      "to": [
        9.0,
        11.0,
        8.5
      ],
      "rotation": {
        "origin": [
          7.0,
          0.0,
          7.5
        ],
        "axis": "y",
        "angle": 0.0
      },
      "faces": {
        "north": {
          "uv": [
            2.5,
            0.0,
            3.5,
            5.5
          ],
          "texture": "#2"
        },
        "east": {
          "uv": [
            4.5,
            3.0,
            5.0,
            8.5
          ],
          "texture": "#2"
        },
        "south": {
          "uv": [
            3.5,
            0.0,
            4.5,
            5.5
          ],
          "texture": "#2"
        },
        "west": {
          "uv": [
            0.0,
            5.0,
            0.5,
            10.5
          ],
          "texture": "#2"
        },
        "up": {
          "uv": [
            8.0,
            6.0,
            7.0,
            5.5
          ],
          "texture": "#2"
        },
        "down": {
          "uv": [
            7.5,
            7.0,
            6.5,
            7.5
          ],
          "texture": "#2"
        }
      }
    },
    {
      "from": [
        6.5,
        7.0,
        7.0
      ],
      "to": [
        9.5,
        8.0,
        9.0
      ],
      "rotation": {
        "origin": [
          6.5,
          2.0,
          6.0
        ],
        "axis": "y",
        "angle": 0.0
      },
      "faces": {
        "north": {
          "uv": [
            5.0,
            7.0,
            6.5,
            7.5
          ],
          "texture": "#2"
        },
        "east": {
          "uv": [
            0.5,
            7.5,
            1.5,
            8.0
          ],
          "texture": "#2"
        },
        "south": {
          "uv": [
            7.0,
            5.0,
            8.5,
            5.5
          ],
          "texture": "#2"
        },
        "west": {
          "uv": [
            1.5,
            7.5,
            2.5,
            8.0
          ],
          "texture": "#2"
        },
        "up": {
          "uv": [
            6.5,
            7.0,
            5.0,
            6.0
          ],
          "texture": "#2"
        },
        "down": {
          "uv": [
            8.0,
            0.0,
            6.5,
            1.0
          ],
          "texture": "#2"
        }
      }
    },
    {
      "from": [
        6.85,
        1.5,
        7.35
      ],
      "to": [
        9.15,
        6.5,
        8.65
      ],
      "rotation": {
        "origin": [
          7.0,
          1.5,
          7.5
        ],
        "axis": "y",
        "angle": 0.0
      },
      "faces": {
        "north": {
          "uv": [
            0.5,
            5.0,
            1.5,
            7.5
          ],
          "texture": "#2"
        },
        "east": {
          "uv": [
            3.5,
            6.5,
            4.0,
            9.0
          ],
          "texture": "#2"
        },
        "south": {
          "uv": [
            1.5,
            5.0,
            2.5,
            7.5
          ],
          "texture": "#2"
        },
        "west": {
          "uv": [
            4.0,
            6.5,
            4.5,
            9.0
          ],
          "texture": "#2"
        },
        "up": {
          "uv": [
            8.5,
            2.5,
            7.5,
            2.0
          ],
          "texture": "#2"
        },
        "down": {
          "uv": [
            8.5,
            2.5,
            7.5,
            3.0
          ],
          "texture": "#2"
        }
      }
    },
    {
      "from": [
        9.03806,
        11.30866,
        8.0
      ],
      "to": [
        13.03806,
        14.30866,
        8.0
      ],
      "rotation": {
        "origin": [
          11.03806,
          12.80866,
          8.0
        ],
        "axis": "z",
        "angle": 22.5
      },
      "faces": {
        "north": {
          "uv": [
            4.5,
            0.0,
            6.5,
            1.5
          ],
          "texture": "#2"
        },
        "east": {
          "uv": [
            0.0,
            0.0,
            0.0,
            1.5
          ],
          "texture": "#2"
        },
        "south": {
          "uv": [
            4.5,
            1.5,
            6.5,
            3.0
          ],
          "texture": "#2"
        },
        "west": {
          "uv": [
            0.0,
            0.0,
            0.0,
            1.5
          ],
          "texture": "#2"
        },
        "up": {
          "uv": [
            2.0,
            0.0,
            0.0,
            0.0
          ],
          "texture": "#2"
        },
        "down": {
          "uv": [
            2.0,
            0.0,
            0.0,
            0.0
          ],
          "texture": "#2"
        }
      }
    },
    {
      "from": [
        6.0,
        11.0,
        7.0
      ],
      "to": [
        10.0,
        13.0,
        9.0
      ],
      "rotation": {
        "origin": [
          8.5,
          12.5,
          8.0
        ],
        "axis": "y",
        "angle": 0.0
      },
      "faces": {
        "north": {
          "uv": [
            5.0,
            3.0,
            7.0,
            4.0
          ],
          "texture": "#2"
        },
        "east": {
          "uv": [
            6.5,
            2.0,
            7.5,
            3.0
          ],
          "texture": "#2"
        },
        "south": {
          "uv": [
            5.0,
            4.0,
            7.0,
            5.0
          ],
          "texture": "#2"
        },
        "west": {
          "uv": [
            6.5,
            6.0,
            7.5,
            7.0
          ],
          "texture": "#2"
        },
        "up": {
          "uv": [
            7.0,
            6.0,
            5.0,
            5.0
          ],
          "texture": "#2"
        },
        "down": {
          "uv": [
            4.5,
            5.5,
            2.5,
            6.5
          ],
          "texture": "#2"
        }
      }
    },
    {
      "from": [
        5.0,
        11.0,
        7.0
      ],
      "to": [
        6.0,
        12.0,
        9.0
      ],
      "rotation": {
        "origin": [
          4.5,
          12.5,
          8.0
        ],
        "axis": "y",
        "angle": 0.0
      },
      "faces": {
        "north": {
          "uv": [
            1.0,
            8.0,
            1.5,
            8.5
          ],
          "texture": "#2"
        },
        "east": {
          "uv": [
            5.0,
            7.5,
            6.0,
            8.0
          ],
          "texture": "#2"
        },
        "south": {
          "uv": [
            1.5,
            8.0,
            2.0,
            8.5
          ],
          "texture": "#2"
        },
        "west": {
          "uv": [
            6.0,
            7.5,
            7.0,
            8.0
          ],
          "texture": "#2"
        },
        "up": {
          "uv": [
            8.0,
            7.0,
            7.5,
            6.0
          ],
          "texture": "#2"
        },
        "down": {
          "uv": [
            7.5,
            7.5,
            7.0,
            8.5
          ],
          "texture": "#2"
        }
      }
    },
    {
      "from": [
        10.0,
        11.0,
        7.0
      ],
      "to": [
        11.0,
        12.0,
        9.0
      ],
      "rotation": {
        "origin": [
          10.5,
          12.5,
          8.0
        ],
        "axis": "y",
        "angle": 0.0
      },
      "faces": {
        "north": {
          "uv": [
            2.0,
            8.0,
            2.5,
            8.5
          ],
          "texture": "#2"
        },
        "east": {
          "uv": [
            7.5,
            7.0,
            8.5,
            7.5
          ],
          "texture": "#2"
        },
        "south": {
          "uv": [
            5.0,
            8.0,
            5.5,
            8.5
          ],
          "texture": "#2"
        },
        "west": {
          "uv": [
            7.5,
            7.5,
            8.5,
            8.0
          ],
          "texture": "#2"
        },
        "up": {
          "uv": [
            8.5,
            1.0,
            8.0,
            0.0
          ],
          "texture": "#2"
        },
        "down": {
          "uv": [
            1.0,
            8.0,
            0.5,
            9.0
          ],
          "texture": "#2"
        }
      }
    },
    {
      "from": [
        9.15,
        6.5,
        8.65
      ],
      "to": [
        6.85,
        1.5,
        7.35
      ],
      "rotation": {
        "origin": [
          7.0,
          1.5,
          7.5
        ],
        "axis": "y",
        "angle": 0.0
      },
      "faces": {
        "north": {
          "uv": [
            1.5,
            7.5,
            2.5,
            5.0
          ],
          "texture": "#2"
        },
        "east": {
          "uv": [
            4.0,
            9.0,
            4.5,
            6.5
          ],
          "texture": "#2"
        },
        "south": {
          "uv": [
            0.5,
            7.5,
            1.5,
            5.0
          ],
          "texture": "#2"
        },
        "west": {
          "uv": [
            3.5,
            9.0,
            4.0,
            6.5
          ],
          "texture": "#2"
        },
        "up": {
          "uv": [
            7.5,
            2.5,
            8.5,
            3.0
          ],
          "texture": "#2"
        },
        "down": {
          "uv": [
            7.5,
            2.5,
            8.5,
            2.0
          ],
          "texture": "#2"
        }
      }
    }
  ],
  "textures": {
    "2": "nexo:186c2ab1-6365-4f0e-a2a3-e6c373370d59"
  },
  "gui_light": "front"
}