{
  "display": {
    "thirdperson_righthand": {
      "rotation": [
        49.0,
        0.0,
        0.0
      ],
      "translation": [
        0.0,
        0.0,
        -0.5
      ],
      "scale": [
        0.27,
        0.27,
        0.27
      ]
    },
    "thirdperson_lefthand": {
      "rotation": [
        49.0,
        0.0,
        0.0
      ],
      "translation": [
        0.0,
        0.0,
        -0.5
      ],
      "scale": [
        0.27,
        0.27,
        0.27
      ]
    },
    "firstperson_righthand": {
      "translation": [
        1.0,
        4.75,
        2.0
      ],
      "scale": [
        0.39,
        0.39,
        0.39
      ]
    },
    "firstperson_lefthand": {
      "translation": [
        1.0,
        4.75,
        2.0
      ],
      "scale": [
        0.39,
        0.39,
        0.39
      ]
    },
    "ground": {
      "translation": [
        0.0,
        2.25,
        0.0
      ],
      "scale": [
        0.4,
        0.4,
        0.4
      ]
    },
    "gui": {
      "rotation": [
        11.75,
        145.0,
        0.0
      ],
      "translation": [
        0.0,
        -0.25,
        0.0
      ],
      "scale": [
        0.77,
        0.77,
        0.77
      ]
    },
    "head": {
      "translation": [
        0.0,
        -30.0,
        0.0
      ],
      "scale": [
        1.6,
        1.6,
        1.6
      ]
    },
    "fixed": {
      "rotation": [
        -90.0,
        0.0,
        0.0
      ],
      "translation": [
        0.0,
        0.0,
        -16.0
      ],
      "scale": [
        2.0,
        2.0,
        2.0
      ]
    }
  },
  "elements": [
    {
      "from": [
        5.0,
        0.0,
        5.0
      ],
      "to": [
        11.0,
        1.0,
        11.0
      ],
      "rotation": {
        "origin": [
          5.0,
          0.0,
          5.0
        ],
        "axis": "y",
        "angle": 0.0
      },
      "faces": {
        "north": {
          "uv": [
            8.5,
            5.25,
            10.0,
            5.5
          ],
          "texture": "#1"
        },
        "east": {
          "uv": [
            8.5,
            5.5,
            10.0,
            5.75
          ],
          "texture": "#1"
        },
        "south": {
          "uv": [
            8.5,
            5.75,
            10.0,
            6.0
          ],
          "texture": "#1"
        },
        "west": {
          "uv": [
            8.5,
            6.0,
            10.0,
            6.25
          ],
          "texture": "#1"
        },
        "up": {
          "uv": [
            7.5,
            6.75,
            6.0,
            5.25
          ],
          "texture": "#1"
        },
        "down": {
          "uv": [
            7.5,
            6.75,
            6.0,
            8.25
          ],
          "texture": "#1"
        }
      }
    },
    {
      "from": [
        7.0,
        1.0,
        7.0
      ],
      "to": [
        9.0,
        11.0,
        9.0
      ],
      "rotation": {
        "origin": [
          7.0,
          1.0,
          7.0
        ],
        "axis": "y",
        "angle": 0.0
      },
      "faces": {
        "north": {
          "uv": [
            7.5,
            5.25,
            8.0,
            7.75
          ],
          "texture": "#1"
        },
        "east": {
          "uv": [
            7.5,
            7.75,
            8.0,
            10.25
          ],
          "texture": "#1"
        },
        "south": {
          "uv": [
            8.0,
            5.25,
            8.5,
            7.75
          ],
          "texture": "#1"
        },
        "west": {
          "uv": [
            8.0,
            7.75,
            8.5,
            10.25
          ],
          "texture": "#1"
        },
        "up": {
          "uv": [
            9.0,
            6.75,
            8.5,
            6.25
          ],
          "texture": "#1"
        },
        "down": {
          "uv": [
            9.0,
            6.75,
            8.5,
            7.25
          ],
          "texture": "#1"
        }
      }
    },
    {
      "from": [
        6.5,
        11.0,
        6.5
      ],
      "to": [
        9.5,
        15.0,
        9.5
      ],
      "rotation": {
        "origin": [
          7.5,
          11.0,
          6.5
        ],
        "axis": "y",
        "angle": 0.0
      },
      "faces": {
        "north": {
          "uv": [
            3.0,
            8.25,
            3.75,
            9.25
          ],
          "texture": "#1"
        },
        "east": {
          "uv": [
            3.75,
            8.25,
            4.5,
            9.25
          ],
          "texture": "#1"
        },
        "south": {
          "uv": [
            4.5,
            8.25,
            5.25,
            9.25
          ],
          "texture": "#1"
        },
        "west": {
          "uv": [
            5.25,
            8.25,
            6.0,
            9.25
          ],
          "texture": "#1"
        },
        "up": {
          "uv": [
            6.75,
            9.0,
            6.0,
            8.25
          ],
          "texture": "#1"
        },
        "down": {
          "uv": [
            7.5,
            8.25,
            6.75,
            9.0
          ],
          "texture": "#1"
        }
      }
    },
    {
      "from": [
        2.0,
        7.0,
        2.0
      ],
      "to": [
        14.0,
        16.0,
        14.0
      ],
      "rotation": {
        "origin": [
          7.0,
          10.0,
          7.0
        ],
        "axis": "y",
        "angle": 0.0
      },
      "faces": {
        "north": {
          "uv": [
            3.0,
            6.0,
            6.0,
            8.25
          ],
          "texture": "#1",
          "tintindex": 0
        },
        "east": {
          "uv": [
            3.0,
            6.0,
            6.0,
            8.25
          ],
          "texture": "#1",
          "tintindex": 0
        },
        "south": {
          "uv": [
            3.0,
            6.0,
            6.0,
            8.25
          ],
          "texture": "#1",
          "tintindex": 0
        },
        "west": {
          "uv": [
            3.0,
            6.0,
            6.0,
            8.25
          ],
          "texture": "#1",
          "tintindex": 0
        },
        "up": {
          "uv": [
            3.0,
            3.0,
            0.0,
            0.0
          ],
          "texture": "#1",
          "tintindex": 0
        },
        "down": {
          "uv": [
            3.0,
            3.0,
            0.0,
            6.0
          ],
          "texture": "#1",
          "tintindex": 0
        }
      }
    },
    {
      "from": [
        14.0,
        16.0,
        14.0
      ],
      "to": [
        2.0,
        7.0,
        2.0
      ],
      "rotation": {
        "origin": [
          7.0,
          10.0,
          7.0
        ],
        "axis": "y",
        "angle": 0.0
      },
      "faces": {
        "north": {
          "uv": [
            6.0,
            3.0,
            9.0,
            5.25
          ],
          "texture": "#1",
          "tintindex": 0
        },
        "east": {
          "uv": [
            6.0,
            3.0,
            9.0,
            5.25
          ],
          "texture": "#1",
          "tintindex": 0
        },
        "south": {
          "uv": [
            6.0,
            3.0,
            9.0,
            5.25
          ],
          "texture": "#1",
          "tintindex": 0
        },
        "west": {
          "uv": [
            6.0,
            3.0,
            9.0,
            5.25
          ],
          "texture": "#1",
          "tintindex": 0
        },
        "up": {
          "uv": [
            6.0,
            3.0,
            3.0,
            0.0
          ],
          "texture": "#1",
          "tintindex": 0
        },
        "down": {
          "uv": [
            6.0,
            3.0,
            3.0,
            6.0
          ],
          "texture": "#1",
          "tintindex": 0
        }
      }
    },
    {
      "from": [
        2.0,
        14.25,
        2.0
      ],
      "to": [
        14.0,
        14.25,
        14.0
      ],
      "rotation": {
        "origin": [
          7.0,
          8.25,
          7.0
        ],
        "axis": "y",
        "angle": 0.0
      },
      "faces": {
        "north": {
          "uv": [
            0.0,
            0.0,
            3.0,
            0.0
          ],
          "texture": "#1"
        },
        "east": {
          "uv": [
            0.0,
            0.0,
            3.0,
            0.0
          ],
          "texture": "#1"
        },
        "south": {
          "uv": [
            0.0,
            0.0,
            3.0,
            0.0
          ],
          "texture": "#1"
        },
        "west": {
          "uv": [
            0.0,
            0.0,
            3.0,
            0.0
          ],
          "texture": "#1"
        },
        "up": {
          "uv": [
            3.0,
            9.0,
            0.0,
            6.0
          ],
          "texture": "#1"
        },
        "down": {
          "uv": [
            9.0,
            0.0,
            6.0,
            3.0
          ],
          "texture": "#1"
        }
      }
    }
  ],
  "textures": {
    "particle": "nexo:efc94107-a3ad-4b9e-b64e-801b1f24b0f6",
    "1": "nexo:efc94107-a3ad-4b9e-b64e-801b1f24b0f6"
  },
  "gui_light": "front"
}