{
  "display": {
    "head": {
      "translation": [
        0.0,
        8.0,
        0.0
      ],
      "scale": [
        1.9,
        1.9,
        1.9
      ]
    }
  },
  "elements": [
    {
      "from": [
        4.0,
        6.0,
        4.0
      ],
      "to": [
        12.0,
        8.0,
        12.0
      ],
      "rotation": {
        "origin": [
          4.0,
          0.0,
          4.0
        ],
        "axis": "y",
        "angle": 0.0
      },
      "faces": {
        "north": {
          "uv": [
            9.5,
            2.5,
            13.5,
            3.5
          ],
          "texture": "#3"
        },
        "east": {
          "uv": [
            9.5,
            2.5,
            13.5,
            3.5
          ],
          "texture": "#3"
        },
        "south": {
          "uv": [
            9.5,
            2.5,
            13.5,
            3.5
          ],
          "texture": "#3"
        },
        "west": {
          "uv": [
            9.5,
            2.5,
            13.5,
            3.5
          ],
          "texture": "#3"
        },
        "up": {
          "uv": [
            9.5,
            4.0,
            5.5,
            0.0
          ],
          "texture": "#3"
        },
        "down": {
          "uv": [
            9.5,
            7.0,
            5.5,
            11.0
          ],
          "texture": "#3"
        }
      }
    },
    {
      "from": [
        2.5,
        5.0,
        2.5
      ],
      "to": [
        13.5,
        6.0,
        13.5
      ],
      "rotation": {
        "origin": [
          4.0,
          -2.0,
          3.0
        ],
        "axis": "y",
        "angle": 0.0
      },
      "faces": {
        "north": {
          "uv": [
            9.5,
            3.5,
            15.0,
            4.0
          ],
          "texture": "#3"
        },
        "east": {
          "uv": [
            9.5,
            3.5,
            15.0,
            4.0
          ],
          "texture": "#3"
        },
        "south": {
          "uv": [
            9.5,
            3.5,
            15.0,
            4.0
          ],
          "texture": "#3"
        },
        "west": {
          "uv": [
            9.5,
            3.5,
            15.0,
            4.0
          ],
          "texture": "#3"
        },
        "up": {
          "uv": [
            5.5,
            5.5,
            0.0,
            0.0
          ],
          "texture": "#3"
        },
        "down": {
          "uv": [
            5.5,
            5.5,
            0.0,
            11.0
          ],
          "texture": "#3"
        }
      }
    },
    {
      "from": [
        4.0,
        0.0,
        6.0
      ],
      "to": [
        12.0,
        5.0,
        7.0
      ],
      "faces": {
        "north": {
          "uv": [
            0.0,
            11.0,
            4.0,
            13.5
          ],
          "texture": "#3"
        },
        "east": {
          "uv": [
            5.5,
            4.5,
            6.0,
            7.0
          ],
          "texture": "#3"
        },
        "south": {
          "uv": [
            0.0,
            11.0,
            4.0,
            13.5
          ],
          "texture": "#3"
        },
        "west": {
          "uv": [
            5.5,
            4.5,
            6.0,
            7.0
          ],
          "texture": "#3"
        },
        "up": {
          "uv": [
            4.0,
            11.5,
            0.0,
            11.0
          ],
          "texture": "#3"
        },
        "down": {
          "uv": [
            9.5,
            4.0,
            5.5,
            4.5
          ],
          "texture": "#3"
        }
      }
    }
  ],
  "textures": {
    "3": "void_fishing_hat_tier_3"
  }
}