{
  "parent": "block/mangrove_button_inventory",
  "overrides": [
    {
      "predicate": {
        "custom_model_data": 1
      },
      "model": "common_ring"
    },
    {
      "predicate": {
        "custom_model_data": 2
      },
      "model": "uncommon_ring"
    },
    {
      "predicate": {
        "custom_model_data": 3
      },
      "model": "rare_ring"
    },
    {
      "predicate": {
        "custom_model_data": 4
      },
      "model": "epic_ring"
    },
    {
      "predicate": {
        "custom_model_data": 5
      },
      "model": "legendary_ring"
    },
    {
      "predicate": {
        "custom_model_data": 6
      },
      "model": "mythic_ring"
    }
  ]
}