{
  "parent": "item/generated",
  "textures": {
    "layer0": "block/sunflower_front"
  },
  "overrides": [
    {
      "predicate": {
        "custom_model_data": 1
      },
      "model": "common_clover"
    },
    {
      "predicate": {
        "custom_model_data": 2
      },
      "model": "uncommon_clover"
    },
    {
      "predicate": {
        "custom_model_data": 3
      },
      "model": "rare_clover"
    },
    {
      "predicate": {
        "custom_model_data": 4
      },
      "model": "epic_clover"
    },
    {
      "predicate": {
        "custom_model_data": 5
      },
      "model": "legendary_clover"
    },
    {
      "predicate": {
        "custom_model_data": 6
      },
      "model": "mythic_clover"
    },
    {
      "predicate": {
        "custom_model_data": 7
      },
      "model": "void_clover"
    },
    {
      "predicate": {
        "custom_model_data": 8
      },
      "model": "common_expcharm"
    },
    {
      "predicate": {
        "custom_model_data": 9
      },
      "model": "uncommon_expcharm"
    },
    {
      "predicate": {
        "custom_model_data": 10
      },
      "model": "rare_expcharm"
    },
    {
      "predicate": {
        "custom_model_data": 11
      },
      "model": "epic_expcharm"
    },
    {
      "predicate": {
        "custom_model_data": 12
      },
      "model": "legendary_expcharm"
    },
    {
      "predicate": {
        "custom_model_data": 13
      },
      "model": "mythic_expcharm"
    },
    {
      "predicate": {
        "custom_model_data": 14
      },
      "model": "void_expcharm"
    }
  ]
}