{
  "parent": "item/generated",
  "textures": {
    "layer0": "item/tipped_arrow_head",
    "layer1": "item/tipped_arrow_base"
  },
  "overrides": [
    {
      "predicate": {
        "custom_model_data": 1000
      },
      "model": "nexo:item/nexo_furniture/arm_chair_dyeable"
    },
    {
      "predicate": {
        "custom_model_data": 1001
      },
      "model": "nexo:item/nexo_furniture/coffee_table_dyeable"
    },
    {
      "predicate": {
        "custom_model_data": 1002
      },
      "model": "nexo:item/nexo_furniture/sofa_dyeable"
    },
    {
      "predicate": {
        "custom_model_data": 1003
      },
      "model": "nexo:item/nexo_furniture/table_lamp_dyeable"
    }
  ]
}