{
  "display": {
    "thirdperson_righthand": {
      "rotation": [
        -5.0,
        0.0,
        0.0
      ],
      "translation": [
        0.0,
        0.75,
        0.0
      ],
      "scale": [
        0.5,
        0.5,
        0.5
      ]
    },
    "thirdperson_lefthand": {
      "rotation": [
        -5.0,
        0.0,
        0.0
      ],
      "translation": [
        0.0,
        1.0,
        0.0
      ],
      "scale": [
        0.5,
        0.5,
        0.5
      ]
    },
    "firstperson_righthand": {
      "rotation": [
        0.0,
        -90.0,
        25.0
      ],
      "translation": [
        1.13,
        3.2,
        1.13
      ],
      "scale": [
        0.68,
        0.68,
        0.68
      ]
    },
    "firstperson_lefthand": {
      "rotation": [
        0.0,
        -90.0,
        25.0
      ],
      "translation": [
        1.13,
        3.2,
        1.13
      ],
      "scale": [
        0.68,
        0.68,
        0.68
      ]
    },
    "ground": {
      "translation": [
        0.0,
        2.0,
        0.0
      ],
      "scale": [
        0.5,
        0.5,
        0.5
      ]
    },
    "gui": {
      "rotation": [
        30.0,
        225.0,
        0.0
      ],
      "translation": [
        0.0,
        1.25,
        0.0
      ],
      "scale": [
        0.625,
        0.625,
        0.625
      ]
    },
    "head": {
      "translation": [
        0.0,
        -1.0,
        0.25
      ],
      "scale": [
        1.5,
        1.5,
        1.5
      ]
    },
    "fixed": {
      "rotation": [
        90.0,
        -45.0,
        90.0
      ],
      "translation": [
        3.0,
        -3.0,
        -0.5
      ]
    }
  },
  "elements": [
    {
      "from": [
        1.75,
        0.0,
        2.0
      ],
      "to": [
        13.75,
        0.0,
        14.0
      ],
      "faces": {
        "north": {
          "uv": [
            0.0,
            0.0,
            0.0,
            0.0
          ],
          "texture": "#0"
        },
        "east": {
          "uv": [
            0.0,
            0.0,
            0.0,
            0.0
          ],
          "texture": "#0"
        },
        "south": {
          "uv": [
            0.0,
            0.0,
            0.0,
            0.0
          ],
          "texture": "#0"
        },
        "west": {
          "uv": [
            0.0,
            0.0,
            0.0,
            0.0
          ],
          "texture": "#0"
        },
        "up": {
          "uv": [
            6.0,
            0.0,
            9.0,
            6.0
          ],
          "texture": "#0"
        },
        "down": {
          "uv": [
            6.0,
            0.0,
            9.0,
            6.0
          ],
          "texture": "#0"
        }
      }
    },
    {
      "from": [
        4.25,
        0.0,
        4.5
      ],
      "to": [
        11.25,
        0.0,
        11.5
      ],
      "faces": {
        "north": {
          "uv": [
            0.0,
            0.0,
            0.0,
            0.0
          ],
          "texture": "#0"
        },
        "east": {
          "uv": [
            0.0,
            0.0,
            0.0,
            0.0
          ],
          "texture": "#0"
        },
        "south": {
          "uv": [
            0.0,
            0.0,
            0.0,
            0.0
          ],
          "texture": "#0"
        },
        "west": {
          "uv": [
            0.0,
            0.0,
            0.0,
            0.0
          ],
          "texture": "#0"
        },
        "up": {
          "uv": [
            6.0,
            0.0,
            9.0,
            6.0
          ],
          "texture": "#0"
        },
        "down": {
          "uv": [
            6.0,
            0.0,
            9.0,
            6.0
          ],
          "texture": "#0"
        }
      }
    },
    {
      "from": [
        13.75,
        0.0,
        2.0
      ],
      "to": [
        13.75,
        6.0,
        14.0
      ],
      "faces": {
        "north": {
          "uv": [
            0.0,
            0.0,
            0.0,
            0.0
          ],
          "texture": "#0"
        },
        "east": {
          "uv": [
            0.0,
            8.75,
            3.0,
            14.0
          ],
          "texture": "#0"
        },
        "south": {
          "uv": [
            0.0,
            0.0,
            0.0,
            0.0
          ],
          "texture": "#0"
        },
        "west": {
          "uv": [
            0.0,
            8.75,
            3.0,
            14.0
          ],
          "texture": "#0"
        },
        "up": {
          "uv": [
            0.0,
            0.0,
            0.0,
            0.0
          ],
          "texture": "#0"
        },
        "down": {
          "uv": [
            0.0,
            0.0,
            0.0,
            0.0
          ],
          "texture": "#0"
        }
      }
    },
    {
      "from": [
        1.75,
        0.0,
        2.0
      ],
      "to": [
        1.75,
        6.0,
        14.0
      ],
      "faces": {
        "north": {
          "uv": [
            0.0,
            0.0,
            0.0,
            0.0
          ],
          "texture": "#0"
        },
        "east": {
          "uv": [
            0.0,
            8.75,
            3.0,
            14.0
          ],
          "texture": "#0"
        },
        "south": {
          "uv": [
            0.0,
            0.0,
            0.0,
            0.0
          ],
          "texture": "#0"
        },
        "west": {
          "uv": [
            0.0,
            8.75,
            3.0,
            14.0
          ],
          "texture": "#0"
        },
        "up": {
          "uv": [
            0.0,
            0.0,
            0.0,
            0.0
          ],
          "texture": "#0"
        },
        "down": {
          "uv": [
            0.0,
            0.0,
            0.0,
            0.0
          ],
          "texture": "#0"
        }
      }
    },
    {
      "from": [
        1.75,
        0.0,
        2.0
      ],
      "to": [
        13.75,
        6.0,
        2.0
      ],
      "faces": {
        "north": {
          "uv": [
            0.0,
            8.75,
            3.0,
            14.0
          ],
          "texture": "#0"
        },
        "east": {
          "uv": [
            0.0,
            0.0,
            0.0,
            0.0
          ],
          "texture": "#0"
        },
        "south": {
          "uv": [
            0.0,
            8.75,
            3.0,
            14.0
          ],
          "texture": "#0"
        },
        "west": {
          "uv": [
            0.0,
            0.0,
            0.0,
            0.0
          ],
          "texture": "#0"
        },
        "up": {
          "uv": [
            0.0,
            0.0,
            0.0,
            0.0
          ],
          "texture": "#0"
        },
        "down": {
          "uv": [
            0.0,
            0.0,
            0.0,
            0.0
          ],
          "texture": "#0"
        }
      }
    },
    {
      "from": [
        1.75,
        0.0,
        14.0
      ],
      "to": [
        13.75,
        6.0,
        14.0
      ],
      "faces": {
        "north": {
          "uv": [
            0.0,
            8.75,
            3.0,
            14.0
          ],
          "texture": "#0"
        },
        "east": {
          "uv": [
            0.0,
            0.0,
            0.0,
            0.0
          ],
          "texture": "#0"
        },
        "south": {
          "uv": [
            0.0,
            8.75,
            3.0,
            14.0
          ],
          "texture": "#0"
        },
        "west": {
          "uv": [
            0.0,
            0.0,
            0.0,
            0.0
          ],
          "texture": "#0"
        },
        "up": {
          "uv": [
            0.0,
            0.0,
            0.0,
            0.0
          ],
          "texture": "#0"
        },
        "down": {
          "uv": [
            0.0,
            0.0,
            0.0,
            0.0
          ],
          "texture": "#0"
        }
      }
    },
    {
      "from": [
        4.25,
        0.0,
        4.5
      ],
      "to": [
        4.25,
        17.0,
        11.5
      ],
      "faces": {
        "north": {
          "uv": [
            0.0,
            0.0,
            0.0,
            14.0
          ],
          "texture": "#0"
        },
        "east": {
          "uv": [
            3.0,
            6.75,
            6.0,
            14.0
          ],
          "texture": "#0"
        },
        "south": {
          "uv": [
            0.0,
            0.0,
            0.0,
            14.0
          ],
          "texture": "#0"
        },
        "west": {
          "uv": [
            3.0,
            6.75,
            6.0,
            14.0
          ],
          "texture": "#0"
        },
        "up": {
          "uv": [
            0.0,
            0.0,
            0.0,
            6.125
          ],
          "texture": "#0"
        },
        "down": {
          "uv": [
            0.0,
            0.0,
            0.0,
            6.125
          ],
          "texture": "#0"
        }
      }
    },
    {
      "from": [
        4.25,
        0.0,
        11.5
      ],
      "to": [
        11.25,
        17.0,
        11.5
      ],
      "faces": {
        "north": {
          "uv": [
            3.0,
            6.75,
            6.0,
            14.0
          ],
          "texture": "#0"
        },
        "east": {
          "uv": [
            0.0,
            0.0,
            0.0,
            14.0
          ],
          "texture": "#0"
        },
        "south": {
          "uv": [
            3.0,
            6.75,
            6.0,
            14.0
          ],
          "texture": "#0"
        },
        "west": {
          "uv": [
            0.0,
            0.0,
            0.0,
            14.0
          ],
          "texture": "#0"
        },
        "up": {
          "uv": [
            0.0,
            0.0,
            6.125,
            0.0
          ],
          "texture": "#0"
        },
        "down": {
          "uv": [
            0.0,
            0.0,
            6.125,
            0.0
          ],
          "texture": "#0"
        }
      }
    },
    {
      "from": [
        11.25,
        0.0,
        4.5
      ],
      "to": [
        11.25,
        17.0,
        11.5
      ],
      "faces": {
        "north": {
          "uv": [
            0.0,
            0.0,
            0.0,
            14.0
          ],
          "texture": "#0"
        },
        "east": {
          "uv": [
            3.0,
            6.75,
            6.0,
            14.0
          ],
          "texture": "#0"
        },
        "south": {
          "uv": [
            0.0,
            0.0,
            0.0,
            14.0
          ],
          "texture": "#0"
        },
        "west": {
          "uv": [
            3.0,
            6.75,
            6.0,
            14.0
          ],
          "texture": "#0"
        },
        "up": {
          "uv": [
            0.0,
            0.0,
            0.0,
            6.125
          ],
          "texture": "#0"
        },
        "down": {
          "uv": [
            0.0,
            0.0,
            0.0,
            6.125
          ],
          "texture": "#0"
        }
      }
    },
    {
      "from": [
        4.25,
        0.0,
        4.5
      ],
      "to": [
        11.25,
        17.0,
        4.5
      ],
      "faces": {
        "north": {
          "uv": [
            3.0,
            6.75,
            6.0,
            14.0
          ],
          "texture": "#0"
        },
        "east": {
          "uv": [
            0.0,
            0.0,
            0.0,
            14.0
          ],
          "texture": "#0"
        },
        "south": {
          "uv": [
            3.0,
            6.75,
            6.0,
            14.0
          ],
          "texture": "#0"
        },
        "west": {
          "uv": [
            0.0,
            0.0,
            0.0,
            14.0
          ],
          "texture": "#0"
        },
        "up": {
          "uv": [
            0.0,
            0.0,
            6.125,
            0.0
          ],
          "texture": "#0"
        },
        "down": {
          "uv": [
            0.0,
            0.0,
            6.125,
            0.0
          ],
          "texture": "#0"
        }
      }
    }
  ],
  "textures": {
    "particle": "customfishing:item/util/animated_splash_lava",
    "0": "customfishing:item/util/animated_splash_lava"
  }
}