{
  "providers": [
    {
      "type": "bitmap",
      "file": "customfishing:9092a6fc-5322-40ef-89ad-154a6fcd1e07.png",
      "height": 15,
      "ascent": 11,
      "chars": [
        "뀁"
      ]
    },
    {
      "type": "bitmap",
      "file": "customfishing:a9654642-78e3-4780-9d58-4f51a691fdaf.png",
      "ascent": 8,
      "chars": [
        "뀂"
      ]
    },
    {
      "type": "bitmap",
      "file": "customfishing:c6b22a4d-edb7-40a7-b729-dd0648e9bdf5.png",
      "ascent": 8,
      "chars": [
        "뀃"
      ]
    },
    {
      "type": "bitmap",
      "file": "customfishing:f2d87c77-9c98-4841-9eab-8f5099e64cfd.png",
      "ascent": 8,
      "chars": [
        "뀄"
      ]
    },
    {
      "type": "bitmap",
      "file": "customfishing:805a89a5-48cb-4043-8ebe-9bb8bfcfd3f9.png",
      "ascent": 8,
      "chars": [
        "뀅"
      ]
    },
    {
      "type": "bitmap",
      "file": "customfishing:b888176f-122c-4325-88d0-416c1718871f.png",
      "ascent": 8,
      "chars": [
        "뀆"
      ]
    },
    {
      "type": "bitmap",
      "file": "customfishing:813011f9-915b-4293-bc1a-c8ec1904afec.png",
      "ascent": 8,
      "chars": [
        "뀇"
      ]
    },
    {
      "type": "bitmap",
      "file": "customfishing:d5cc6c97-0021-4d51-9a20-e5d39fab4167.png",
      "ascent": 8,
      "chars": [
        "뀈"
      ]
    },
    {
      "type": "bitmap",
      "file": "customfishing:e240f05c-3c97-4815-8b80-184cb1e71837.png",
      "ascent": 8,
      "chars": [
        "뀉"
      ]
    },
    {
      "type": "bitmap",
      "file": "customfishing:8dd31a47-fe6c-4c14-a7b2-a4e0948c9dab.png",
      "ascent": 8,
      "chars": [
        "뀊"
      ]
    },
    {
      "type": "bitmap",
      "file": "customfishing:13f4451b-7587-405a-ac04-607aef2bc662.png",
      "ascent": 8,
      "chars": [
        "뀋"
      ]
    },
    {
      "type": "bitmap",
      "file": "customfishing:46730c17-07d3-4af9-8d8a-a52a91a195c9.png",
      "ascent": 7,
      "chars": [
        "뀌"
      ]
    },
    {
      "type": "bitmap",
      "file": "customfishing:cdb7b784-27f5-430f-abc8-e9a7f4ed239f.png",
      "height": 5,
      "ascent": 4,
      "chars": [
        "뀍"
      ]
    },
    {
      "type": "bitmap",
      "file": "customfishing:f2ef047d-7d21-46da-a2f8-d9f0bdab9d5b.png",
      "height": 5,
      "ascent": 5,
      "chars": [
        "뀎"
      ]
    },
    {
      "type": "bitmap",
      "file": "customfishing:f2ef047d-7d21-46da-a2f8-d9f0bdab9d5b.png",
      "height": 5,
      "ascent": 4,
      "chars": [
        "뀏"
      ]
    },
    {
      "type": "bitmap",
      "file": "customfishing:f2ef047d-7d21-46da-a2f8-d9f0bdab9d5b.png",
      "height": 5,
      "ascent": 3,
      "chars": [
        "뀐"
      ]
    },
    {
      "type": "bitmap",
      "file": "customfishing:c37b5c70-dc22-4390-8efe-b71b532ab782.png",
      "height": 20,
      "ascent": 12,
      "chars": [
        "뀑"
      ]
    },
    {
      "type": "bitmap",
      "file": "customfishing:ef10fe2f-3168-42d9-9c3e-60e55a3496d3.png",
      "height": 6,
      "ascent": 6,
      "chars": [
        "뀒"
      ]
    },
    {
      "type": "bitmap",
      "file": "customfishing:8562284d-c908-419d-9d7d-7549e5e52cac.png",
      "height": 6,
      "ascent": 6,
      "chars": [
        "뀓"
      ]
    },
    {
      "type": "bitmap",
      "file": "customfishing:9a4aa51c-e65a-4c4c-8ecd-53112f39994b.png",
      "height": 6,
      "ascent": 6,
      "chars": [
        "뀔"
      ]
    },
    {
      "type": "space",
      "advances": {
        "": -1,
        "": -2,
        "": -4,
        "": -8,
        "": -16,
        "": -32,
        "": -64,
        "": -128,
        "": -256,
        "": -512,
        "": 1,
        "": 2,
        "": 4,
        "": 8,
        "": 16,
        "": 32,
        "": 64,
        "": 128,
        "": 256,
        "": 512
      }
    }
  ]
}