{"providers":[{"type":"bitmap","file":"customfishing:1a1c8479-7d79-49cc-a6a0-e5b85a003220.png","height":15,"ascent":11,"chars":["뀁"]},{"type":"bitmap","file":"customfishing:ec599948-0dcd-4bcf-b6a2-f6603542a8af.png","ascent":8,"chars":["뀂"]},{"type":"bitmap","file":"customfishing:8ab89f83-c480-41d1-9aa5-466617201300.png","ascent":8,"chars":["뀃"]},{"type":"bitmap","file":"customfishing:6e6cd433-204e-40cd-b2f2-33e3cf02f0ae.png","ascent":8,"chars":["뀄"]},{"type":"bitmap","file":"customfishing:40276a6e-23d6-4351-9ab6-d4981ef944a7.png","ascent":8,"chars":["뀅"]},{"type":"bitmap","file":"customfishing:ac7fe971-1cf1-4631-8458-7993a1ee44ae.png","ascent":8,"chars":["뀆"]},{"type":"bitmap","file":"customfishing:fe1fd20b-eb90-49a5-9d63-98e37e27fb9b.png","ascent":8,"chars":["뀇"]},{"type":"bitmap","file":"customfishing:20996b9b-bfb2-404a-9b03-7aa3ac2d1bff.png","ascent":8,"chars":["뀈"]},{"type":"bitmap","file":"customfishing:ceb4604c-c8ab-4d88-a5c9-fa98459eb2f0.png","ascent":8,"chars":["뀉"]},{"type":"bitmap","file":"customfishing:7d41a7b4-ba22-48b8-9e47-6bfd5c73a303.png","ascent":8,"chars":["뀊"]},{"type":"bitmap","file":"customfishing:76ac2ecd-7059-4c82-9357-21b2e50b6d6c.png","ascent":8,"chars":["뀋"]},{"type":"bitmap","file":"customfishing:7d31287a-38b9-48ed-86f7-8a4f0607041b.png","ascent":7,"chars":["뀌"]},{"type":"bitmap","file":"customfishing:4e3bd7d5-c9b2-492b-bd0d-38bdf5d6f1de.png","height":5,"ascent":4,"chars":["뀍"]},{"type":"bitmap","file":"customfishing:1e4e6b4b-7558-4045-a7fe-68dadc99b021.png","height":5,"ascent":5,"chars":["뀎"]},{"type":"bitmap","file":"customfishing:1e4e6b4b-7558-4045-a7fe-68dadc99b021.png","height":5,"ascent":4,"chars":["뀏"]},{"type":"bitmap","file":"customfishing:1e4e6b4b-7558-4045-a7fe-68dadc99b021.png","height":5,"ascent":3,"chars":["뀐"]},{"type":"bitmap","file":"customfishing:9804f73a-1466-4e81-a16d-a895730ad356.png","height":20,"ascent":12,"chars":["뀑"]},{"type":"bitmap","file":"customfishing:8c6068e5-c781-4d32-b2e5-f8945b03b1b9.png","height":6,"ascent":6,"chars":["뀒"]},{"type":"bitmap","file":"customfishing:2e000811-1235-4ee2-8ba0-4455cdc43f3c.png","height":6,"ascent":6,"chars":["뀓"]},{"type":"bitmap","file":"customfishing:fdfb3fd0-45f0-4007-803e-f5598f049ad4.png","height":6,"ascent":6,"chars":["뀔"]},{"type":"reference","id":"nexo:shift"}]}