{"providers":[{"type":"bitmap","file":"customfishing:6ffac2e9-3d3c-4986-9e9b-06b51da9a3b6.png","height":15,"ascent":11,"chars":["뀁"]},{"type":"bitmap","file":"customfishing:d48a9118-5130-4b69-a709-a685ed9877fd.png","ascent":8,"chars":["뀂"]},{"type":"bitmap","file":"customfishing:b5709143-a515-45c7-8d29-fa22002dc0f5.png","ascent":8,"chars":["뀃"]},{"type":"bitmap","file":"customfishing:e3efc8b0-c1e3-49b3-a115-c2ee9fb80f99.png","ascent":8,"chars":["뀄"]},{"type":"bitmap","file":"customfishing:a3d8a28b-6527-4266-9912-87188d464cf8.png","ascent":8,"chars":["뀅"]},{"type":"bitmap","file":"customfishing:1e7757dd-fa52-4d5c-abd5-e13073533714.png","ascent":8,"chars":["뀆"]},{"type":"bitmap","file":"customfishing:1f48e0d9-6e8a-48a0-95a6-7233b0e9839f.png","ascent":8,"chars":["뀇"]},{"type":"bitmap","file":"customfishing:54125109-6481-4d07-b72a-380e7f07796a.png","ascent":8,"chars":["뀈"]},{"type":"bitmap","file":"customfishing:520ac53c-3bc6-413a-93a6-016866521ca9.png","ascent":8,"chars":["뀉"]},{"type":"bitmap","file":"customfishing:d8c6b631-06f9-4472-a64b-df8fdc407df9.png","ascent":8,"chars":["뀊"]},{"type":"bitmap","file":"customfishing:934de637-5a7f-44d5-b2de-61f98efebdf8.png","ascent":8,"chars":["뀋"]},{"type":"bitmap","file":"customfishing:4921bc14-54fd-4af5-8796-a92ec114dcb6.png","ascent":7,"chars":["뀌"]},{"type":"bitmap","file":"customfishing:48d3669f-3484-4c62-9686-960140d3dff6.png","height":5,"ascent":4,"chars":["뀍"]},{"type":"bitmap","file":"customfishing:c18f97f5-aa83-41bc-84f9-fec9f55a2ad0.png","height":5,"ascent":5,"chars":["뀎"]},{"type":"bitmap","file":"customfishing:c18f97f5-aa83-41bc-84f9-fec9f55a2ad0.png","height":5,"ascent":4,"chars":["뀏"]},{"type":"bitmap","file":"customfishing:c18f97f5-aa83-41bc-84f9-fec9f55a2ad0.png","height":5,"ascent":3,"chars":["뀐"]},{"type":"bitmap","file":"customfishing:25f610fc-fa24-466b-8a81-f206cdf1f8b4.png","height":20,"ascent":12,"chars":["뀑"]},{"type":"bitmap","file":"customfishing:3204072e-63e0-4fd9-8cd0-4b072d9f8821.png","height":6,"ascent":6,"chars":["뀒"]},{"type":"bitmap","file":"customfishing:92022ec3-619f-4d88-822f-7172a03b3fd9.png","height":6,"ascent":6,"chars":["뀓"]},{"type":"bitmap","file":"customfishing:18929ab5-dc93-4bfa-a16b-8803d62dcef5.png","height":6,"ascent":6,"chars":["뀔"]},{"type":"reference","id":"nexo:shift"}]}