{
  "providers": [
    {
      "type": "bitmap",
      "file": "customfishing:6f1dde8a-dae8-490f-ad58-9a6401dc401c.png",
      "height": 15,
      "ascent": 11,
      "chars": [
        "뀁"
      ]
    },
    {
      "type": "bitmap",
      "file": "customfishing:254d9c48-9b87-4008-b00f-f646026fe765.png",
      "ascent": 8,
      "chars": [
        "뀂"
      ]
    },
    {
      "type": "bitmap",
      "file": "customfishing:b7bb6d95-1539-4c6e-bd8a-c508710be938.png",
      "ascent": 8,
      "chars": [
        "뀃"
      ]
    },
    {
      "type": "bitmap",
      "file": "customfishing:097aac78-b8ed-4be2-be56-92d743bb7f98.png",
      "ascent": 8,
      "chars": [
        "뀄"
      ]
    },
    {
      "type": "bitmap",
      "file": "customfishing:fbe1cef4-17ba-4b07-8d25-fb30d43400c5.png",
      "ascent": 8,
      "chars": [
        "뀅"
      ]
    },
    {
      "type": "bitmap",
      "file": "customfishing:5114512c-3e21-4e43-b074-8f1d362c3992.png",
      "ascent": 8,
      "chars": [
        "뀆"
      ]
    },
    {
      "type": "bitmap",
      "file": "customfishing:7b56ff25-e232-4b17-b112-eba66b64a77e.png",
      "ascent": 8,
      "chars": [
        "뀇"
      ]
    },
    {
      "type": "bitmap",
      "file": "customfishing:54c3bdd1-b775-4902-b5a4-1f272c5446cc.png",
      "ascent": 8,
      "chars": [
        "뀈"
      ]
    },
    {
      "type": "bitmap",
      "file": "customfishing:08a0ae51-3e96-4396-897b-f563e22111fb.png",
      "ascent": 8,
      "chars": [
        "뀉"
      ]
    },
    {
      "type": "bitmap",
      "file": "customfishing:60216df4-a7d7-4e4d-8c81-74912d0f5e56.png",
      "ascent": 8,
      "chars": [
        "뀊"
      ]
    },
    {
      "type": "bitmap",
      "file": "customfishing:ae1fe559-157d-4135-9119-3b92a7a43c82.png",
      "ascent": 8,
      "chars": [
        "뀋"
      ]
    },
    {
      "type": "bitmap",
      "file": "customfishing:0b84e69f-bf4e-4db7-8b92-f1e98134ff2e.png",
      "ascent": 7,
      "chars": [
        "뀌"
      ]
    },
    {
      "type": "bitmap",
      "file": "customfishing:9e8aa2d6-abb3-498a-adde-fbcdd6c4ed90.png",
      "height": 5,
      "ascent": 4,
      "chars": [
        "뀍"
      ]
    },
    {
      "type": "bitmap",
      "file": "customfishing:6ad041e2-8a49-4dd8-a9e0-e04600c12c09.png",
      "height": 5,
      "ascent": 5,
      "chars": [
        "뀎"
      ]
    },
    {
      "type": "bitmap",
      "file": "customfishing:6ad041e2-8a49-4dd8-a9e0-e04600c12c09.png",
      "height": 5,
      "ascent": 4,
      "chars": [
        "뀏"
      ]
    },
    {
      "type": "bitmap",
      "file": "customfishing:6ad041e2-8a49-4dd8-a9e0-e04600c12c09.png",
      "height": 5,
      "ascent": 3,
      "chars": [
        "뀐"
      ]
    },
    {
      "type": "bitmap",
      "file": "customfishing:bdf3a087-642e-4132-9bbc-b39458aeb445.png",
      "height": 20,
      "ascent": 12,
      "chars": [
        "뀑"
      ]
    },
    {
      "type": "bitmap",
      "file": "customfishing:836a339e-29ca-48fa-8719-1ec3b7b49349.png",
      "height": 6,
      "ascent": 6,
      "chars": [
        "뀒"
      ]
    },
    {
      "type": "bitmap",
      "file": "customfishing:a44f8d25-a6dd-4546-b115-f51e41d02a2d.png",
      "height": 6,
      "ascent": 6,
      "chars": [
        "뀓"
      ]
    },
    {
      "type": "bitmap",
      "file": "customfishing:a0425b8b-67fe-44c3-aafa-2f1d24605bc0.png",
      "height": 6,
      "ascent": 6,
      "chars": [
        "뀔"
      ]
    },
    {
      "type": "space",
      "advances": {
        "": -1,
        "": -2,
        "": -4,
        "": -8,
        "": -16,
        "": -32,
        "": -64,
        "": -128,
        "": -256,
        "": -512,
        "": 1,
        "": 2,
        "": 4,
        "": 8,
        "": 16,
        "": 32,
        "": 64,
        "": 128,
        "": 256,
        "": 512
      }
    }
  ]
}