{
  "providers": [
    {
      "type": "bitmap",
      "file": "customfishing:2ec36faf-c84c-4ef3-964c-0512114cbc5c.png",
      "height": 15,
      "ascent": 11,
      "chars": [
        "뀁"
      ]
    },
    {
      "type": "bitmap",
      "file": "customfishing:e45d3cc0-f9d4-4951-8393-b1ea8648ac46.png",
      "ascent": 8,
      "chars": [
        "뀂"
      ]
    },
    {
      "type": "bitmap",
      "file": "customfishing:a1d68f9a-d6f3-45a8-9021-12ec63c69224.png",
      "ascent": 8,
      "chars": [
        "뀃"
      ]
    },
    {
      "type": "bitmap",
      "file": "customfishing:a4bd335c-c2f4-4640-b7b7-7806948ba35e.png",
      "ascent": 8,
      "chars": [
        "뀄"
      ]
    },
    {
      "type": "bitmap",
      "file": "customfishing:5e0c1c29-a220-4b9f-9a50-185c3b4c38d4.png",
      "ascent": 8,
      "chars": [
        "뀅"
      ]
    },
    {
      "type": "bitmap",
      "file": "customfishing:cfa6a93c-1aac-4acc-ba91-ba8aca63cb45.png",
      "ascent": 8,
      "chars": [
        "뀆"
      ]
    },
    {
      "type": "bitmap",
      "file": "customfishing:b51084f7-284e-4ce4-ad3c-bec192e127ce.png",
      "ascent": 8,
      "chars": [
        "뀇"
      ]
    },
    {
      "type": "bitmap",
      "file": "customfishing:57ccfe9e-089d-4a74-ab70-9a8b8c665d18.png",
      "ascent": 8,
      "chars": [
        "뀈"
      ]
    },
    {
      "type": "bitmap",
      "file": "customfishing:a1128711-57e5-4761-a395-c2b2de0bf94d.png",
      "ascent": 8,
      "chars": [
        "뀉"
      ]
    },
    {
      "type": "bitmap",
      "file": "customfishing:84a718e2-a7df-4e95-8d92-9cd536a0f1c0.png",
      "ascent": 8,
      "chars": [
        "뀊"
      ]
    },
    {
      "type": "bitmap",
      "file": "customfishing:d811aa48-4bb8-4e4c-98ae-530f92f30b97.png",
      "ascent": 8,
      "chars": [
        "뀋"
      ]
    },
    {
      "type": "bitmap",
      "file": "customfishing:4defdb63-b63f-4397-8680-e850c88c6f06.png",
      "ascent": 7,
      "chars": [
        "뀌"
      ]
    },
    {
      "type": "bitmap",
      "file": "customfishing:45a93b74-c28a-40b5-a908-2a4d0559b7ea.png",
      "height": 5,
      "ascent": 4,
      "chars": [
        "뀍"
      ]
    },
    {
      "type": "bitmap",
      "file": "customfishing:10dbad69-eaae-49a9-9c52-85d9498f7bae.png",
      "height": 5,
      "ascent": 5,
      "chars": [
        "뀎"
      ]
    },
    {
      "type": "bitmap",
      "file": "customfishing:10dbad69-eaae-49a9-9c52-85d9498f7bae.png",
      "height": 5,
      "ascent": 4,
      "chars": [
        "뀏"
      ]
    },
    {
      "type": "bitmap",
      "file": "customfishing:10dbad69-eaae-49a9-9c52-85d9498f7bae.png",
      "height": 5,
      "ascent": 3,
      "chars": [
        "뀐"
      ]
    },
    {
      "type": "bitmap",
      "file": "customfishing:69f5047e-cb76-49ed-89a5-f24c285ffebf.png",
      "height": 20,
      "ascent": 12,
      "chars": [
        "뀑"
      ]
    },
    {
      "type": "bitmap",
      "file": "customfishing:3a137e07-5bf2-4dd8-95ff-b407bc9c7eff.png",
      "height": 6,
      "ascent": 6,
      "chars": [
        "뀒"
      ]
    },
    {
      "type": "bitmap",
      "file": "customfishing:07c24770-76f0-4b67-8e40-db87a7bd908b.png",
      "height": 6,
      "ascent": 6,
      "chars": [
        "뀓"
      ]
    },
    {
      "type": "bitmap",
      "file": "customfishing:0eafbd8c-d542-40c6-870b-af540945b6e7.png",
      "height": 6,
      "ascent": 6,
      "chars": [
        "뀔"
      ]
    },
    {
      "type": "space",
      "advances": {
        "": -1,
        "": -2,
        "": -4,
        "": -8,
        "": -16,
        "": -32,
        "": -64,
        "": -128,
        "": -256,
        "": -512,
        "": 1,
        "": 2,
        "": 4,
        "": 8,
        "": 16,
        "": 32,
        "": 64,
        "": 128,
        "": 256,
        "": 512
      }
    }
  ]
}