{
  "providers": [
    {
      "type": "bitmap",
      "file": "customfishing:font/bars/pointer.png",
      "height": 15,
      "ascent": 11,
      "chars": [
        "뀁"
      ]
    },
    {
      "type": "bitmap",
      "file": "customfishing:font/bars/bar1.png",
      "ascent": 8,
      "chars": [
        "뀂"
      ]
    },
    {
      "type": "bitmap",
      "file": "customfishing:font/bars/bar2.png",
      "ascent": 8,
      "chars": [
        "뀃"
      ]
    },
    {
      "type": "bitmap",
      "file": "customfishing:font/bars/bar3.png",
      "ascent": 8,
      "chars": [
        "뀄"
      ]
    },
    {
      "type": "bitmap",
      "file": "customfishing:font/bars/bar4.png",
      "ascent": 8,
      "chars": [
        "뀅"
      ]
    },
    {
      "type": "bitmap",
      "file": "customfishing:font/bars/bar5.png",
      "ascent": 8,
      "chars": [
        "뀆"
      ]
    },
    {
      "type": "bitmap",
      "file": "customfishing:font/bars/bar6.png",
      "ascent": 8,
      "chars": [
        "뀇"
      ]
    },
    {
      "type": "bitmap",
      "file": "customfishing:font/bars/bar7.png",
      "ascent": 8,
      "chars": [
        "뀈"
      ]
    },
    {
      "type": "bitmap",
      "file": "customfishing:font/bars/bar8.png",
      "ascent": 8,
      "chars": [
        "뀉"
      ]
    },
    {
      "type": "bitmap",
      "file": "customfishing:font/bars/bar9.png",
      "ascent": 8,
      "chars": [
        "뀊"
      ]
    },
    {
      "type": "bitmap",
      "file": "customfishing:font/bars/bar_rainbow.png",
      "ascent": 8,
      "chars": [
        "뀋"
      ]
    },
    {
      "type": "bitmap",
      "file": "customfishing:font/bars/bar10.png",
      "ascent": 7,
      "chars": [
        "뀌"
      ]
    },
    {
      "type": "bitmap",
      "file": "customfishing:font/bars/fish_icon.png",
      "height": 5,
      "ascent": 4,
      "chars": [
        "뀍"
      ]
    },
    {
      "type": "bitmap",
      "file": "customfishing:font/bars/struggling_fish_icon.png",
      "height": 5,
      "ascent": 5,
      "chars": [
        "뀎"
      ]
    },
    {
      "type": "bitmap",
      "file": "customfishing:font/bars/struggling_fish_icon.png",
      "height": 5,
      "ascent": 4,
      "chars": [
        "뀏"
      ]
    },
    {
      "type": "bitmap",
      "file": "customfishing:font/bars/struggling_fish_icon.png",
      "height": 5,
      "ascent": 3,
      "chars": [
        "뀐"
      ]
    },
    {
      "type": "bitmap",
      "file": "customfishing:font/bars/bar11.png",
      "height": 20,
      "ascent": 12,
      "chars": [
        "뀑"
      ]
    },
    {
      "type": "bitmap",
      "file": "customfishing:font/bars/judgment_area_easy.png",
      "height": 6,
      "ascent": 6,
      "chars": [
        "뀒"
      ]
    },
    {
      "type": "bitmap",
      "file": "customfishing:font/bars/judgment_area_normal.png",
      "height": 6,
      "ascent": 6,
      "chars": [
        "뀓"
      ]
    },
    {
      "type": "bitmap",
      "file": "customfishing:font/bars/judgment_area_hard.png",
      "height": 6,
      "ascent": 6,
      "chars": [
        "뀔"
      ]
    },
    {
      "type": "space",
      "advances": {
        "": -1,
        "": -2,
        "": -4,
        "": -8,
        "": -16,
        "": -32,
        "": -64,
        "": -128,
        "": -256,
        "": -512,
        "": 1,
        "": 2,
        "": 4,
        "": 8,
        "": 16,
        "": 32,
        "": 64,
        "": 128,
        "": 256,
        "": 512
      }
    }
  ]
}