{"providers":[{"type":"bitmap","file":"customfishing:083ce87c-78c4-4fc6-a657-0be44a287b1d.png","height":15,"ascent":11,"chars":["뀁"]},{"type":"bitmap","file":"customfishing:2934854c-fe0a-4939-a086-ad361a74edb8.png","ascent":8,"chars":["뀂"]},{"type":"bitmap","file":"customfishing:54aee51d-5848-486f-9650-7b6db8ddf7e2.png","ascent":8,"chars":["뀃"]},{"type":"bitmap","file":"customfishing:5176fc48-d7ca-40f5-85cc-98abf0b386e7.png","ascent":8,"chars":["뀄"]},{"type":"bitmap","file":"customfishing:53ba841f-325d-4cf5-8964-545d5d81a64c.png","ascent":8,"chars":["뀅"]},{"type":"bitmap","file":"customfishing:df9d8a24-ae39-4ca0-b5ec-638312135737.png","ascent":8,"chars":["뀆"]},{"type":"bitmap","file":"customfishing:8d38e1c2-235a-4e5a-88f6-89b6d5c97f1c.png","ascent":8,"chars":["뀇"]},{"type":"bitmap","file":"customfishing:3fe77901-79b0-4a54-bb5f-fd0e4156a364.png","ascent":8,"chars":["뀈"]},{"type":"bitmap","file":"customfishing:8eba73b8-861f-429d-9fcd-6a9623539557.png","ascent":8,"chars":["뀉"]},{"type":"bitmap","file":"customfishing:f7244c2d-c738-433d-b7fd-0f9d31677abd.png","ascent":8,"chars":["뀊"]},{"type":"bitmap","file":"customfishing:7d959a3a-3540-4e57-aec1-635b7d654467.png","ascent":8,"chars":["뀋"]},{"type":"bitmap","file":"customfishing:da6cd7e6-7482-48e0-8290-d915f9f9d4a5.png","ascent":7,"chars":["뀌"]},{"type":"bitmap","file":"customfishing:2ebac4e7-ce78-4e46-8b54-3f105775000f.png","height":5,"ascent":4,"chars":["뀍"]},{"type":"bitmap","file":"customfishing:518836dd-862c-4ec5-8942-58aaa3a757ee.png","height":5,"ascent":5,"chars":["뀎"]},{"type":"bitmap","file":"customfishing:518836dd-862c-4ec5-8942-58aaa3a757ee.png","height":5,"ascent":4,"chars":["뀏"]},{"type":"bitmap","file":"customfishing:518836dd-862c-4ec5-8942-58aaa3a757ee.png","height":5,"ascent":3,"chars":["뀐"]},{"type":"bitmap","file":"customfishing:a10cbc8f-e1d6-43d6-a929-6ff76002acd7.png","height":20,"ascent":12,"chars":["뀑"]},{"type":"bitmap","file":"customfishing:291cad2a-fd89-4333-a07a-c3ffcf4a52b4.png","height":6,"ascent":6,"chars":["뀒"]},{"type":"bitmap","file":"customfishing:44de087e-bbd3-4fb7-bbbe-e13d1570a788.png","height":6,"ascent":6,"chars":["뀓"]},{"type":"bitmap","file":"customfishing:dbefd9e1-072f-4e6d-81ab-1b17698a0c6b.png","height":6,"ascent":6,"chars":["뀔"]},{"type":"reference","id":"nexo:shift"}]}