{
  "providers": [
    {
      "type": "bitmap",
      "file": "customfishing:2139bb25-2044-4891-b459-7739738ef864.png",
      "height": 13,
      "ascent": 13,
      "chars": [
        "뀁"
      ]
    },
    {
      "type": "bitmap",
      "file": "customfishing:4b37382a-1470-48db-8cc9-9c66a17907a8.png",
      "height": 13,
      "ascent": 13,
      "chars": [
        "뀂"
      ]
    },
    {
      "type": "bitmap",
      "file": "customfishing:a8e6005f-c707-4668-8fe7-d472e3402c35.png",
      "height": 13,
      "ascent": 13,
      "chars": [
        "뀃"
      ]
    },
    {
      "type": "bitmap",
      "file": "customfishing:297c4c4c-76ed-4846-88f3-3ab5fdd9d9e6.png",
      "height": 13,
      "ascent": 13,
      "chars": [
        "뀄"
      ]
    },
    {
      "type": "bitmap",
      "file": "customfishing:ac733b21-3311-4cdc-9268-aa35280aa7d4.png",
      "height": 13,
      "ascent": 13,
      "chars": [
        "뀅"
      ]
    },
    {
      "type": "bitmap",
      "file": "customfishing:787a26c5-54d7-48af-8282-40fe3443af15.png",
      "height": 13,
      "ascent": 13,
      "chars": [
        "뀆"
      ]
    },
    {
      "type": "bitmap",
      "file": "customfishing:d0ad109d-7b8c-4147-85a9-9941b7587d59.png",
      "height": 13,
      "ascent": 13,
      "chars": [
        "뀇"
      ]
    },
    {
      "type": "bitmap",
      "file": "customfishing:244b923e-321b-44f6-9544-60a0c30995fb.png",
      "height": 13,
      "ascent": 13,
      "chars": [
        "뀈"
      ]
    },
    {
      "type": "bitmap",
      "file": "customfishing:41dd0842-820d-4e0d-86ae-34c6faa0261d.png",
      "height": 13,
      "ascent": 13,
      "chars": [
        "뀉"
      ]
    },
    {
      "type": "bitmap",
      "file": "customfishing:a50e0abb-8e27-4251-adf8-cc553e9fbb0f.png",
      "height": 13,
      "ascent": 13,
      "chars": [
        "뀑"
      ]
    },
    {
      "type": "bitmap",
      "file": "customfishing:b8c2cbdd-2c62-492c-a1c0-c4c18f2a7512.png",
      "height": 13,
      "ascent": 13,
      "chars": [
        "뀒"
      ]
    },
    {
      "type": "bitmap",
      "file": "customfishing:d65bc4d0-56db-4750-8700-8b53e85b1510.png",
      "height": 13,
      "ascent": 13,
      "chars": [
        "뀓"
      ]
    },
    {
      "type": "bitmap",
      "file": "customfishing:1f3dc2c8-2bb5-466a-a91b-7409d24fe540.png",
      "height": 13,
      "ascent": 13,
      "chars": [
        "뀔"
      ]
    },
    {
      "type": "bitmap",
      "file": "customfishing:c6d24ebe-9553-498c-86df-5f48c133a238.png",
      "height": 13,
      "ascent": 13,
      "chars": [
        "뀕"
      ]
    },
    {
      "type": "bitmap",
      "file": "customfishing:c7bb846b-7cd7-42bb-9f8e-b70b9bac9d3c.png",
      "height": 13,
      "ascent": 13,
      "chars": [
        "뀖"
      ]
    },
    {
      "type": "bitmap",
      "file": "customfishing:96333b83-6de5-41a0-94f8-5da4eb4a2917.png",
      "height": 13,
      "ascent": 13,
      "chars": [
        "뀗"
      ]
    },
    {
      "type": "bitmap",
      "file": "customfishing:2581659e-9abf-48bd-bedb-443b28675809.png",
      "height": 13,
      "ascent": 13,
      "chars": [
        "뀘"
      ]
    },
    {
      "type": "bitmap",
      "file": "customfishing:e08ec1fa-9ecb-4b2f-8c95-81310b8727a3.png",
      "height": 13,
      "ascent": 13,
      "chars": [
        "뀙"
      ]
    },
    {
      "type": "space",
      "advances": {
        "": -1,
        "": -2,
        "": -4,
        "": -8,
        "": -16,
        "": -32,
        "": -64,
        "": -128,
        "": -256,
        "": -512,
        "": 1,
        "": 2,
        "": 4,
        "": 8,
        "": 16,
        "": 32,
        "": 64,
        "": 128,
        "": 256,
        "": 512
      }
    }
  ]
}