{
  "providers": [
    {
      "type": "bitmap",
      "file": "customfishing:font/icons/progress_1.png",
      "height": 13,
      "ascent": 13,
      "chars": [
        "뀁"
      ]
    },
    {
      "type": "bitmap",
      "file": "customfishing:font/icons/progress_2.png",
      "height": 13,
      "ascent": 13,
      "chars": [
        "뀂"
      ]
    },
    {
      "type": "bitmap",
      "file": "customfishing:font/icons/progress_3.png",
      "height": 13,
      "ascent": 13,
      "chars": [
        "뀃"
      ]
    },
    {
      "type": "bitmap",
      "file": "customfishing:font/icons/progress_4.png",
      "height": 13,
      "ascent": 13,
      "chars": [
        "뀄"
      ]
    },
    {
      "type": "bitmap",
      "file": "customfishing:font/icons/progress_5.png",
      "height": 13,
      "ascent": 13,
      "chars": [
        "뀅"
      ]
    },
    {
      "type": "bitmap",
      "file": "customfishing:font/icons/progress_6.png",
      "height": 13,
      "ascent": 13,
      "chars": [
        "뀆"
      ]
    },
    {
      "type": "bitmap",
      "file": "customfishing:font/icons/progress_7.png",
      "height": 13,
      "ascent": 13,
      "chars": [
        "뀇"
      ]
    },
    {
      "type": "bitmap",
      "file": "customfishing:font/icons/progress_8.png",
      "height": 13,
      "ascent": 13,
      "chars": [
        "뀈"
      ]
    },
    {
      "type": "bitmap",
      "file": "customfishing:font/icons/progress_9.png",
      "height": 13,
      "ascent": 13,
      "chars": [
        "뀉"
      ]
    },
    {
      "type": "bitmap",
      "file": "customfishing:font/icons/strain_1.png",
      "height": 13,
      "ascent": 13,
      "chars": [
        "뀑"
      ]
    },
    {
      "type": "bitmap",
      "file": "customfishing:font/icons/strain_2.png",
      "height": 13,
      "ascent": 13,
      "chars": [
        "뀒"
      ]
    },
    {
      "type": "bitmap",
      "file": "customfishing:font/icons/strain_3.png",
      "height": 13,
      "ascent": 13,
      "chars": [
        "뀓"
      ]
    },
    {
      "type": "bitmap",
      "file": "customfishing:font/icons/strain_4.png",
      "height": 13,
      "ascent": 13,
      "chars": [
        "뀔"
      ]
    },
    {
      "type": "bitmap",
      "file": "customfishing:font/icons/strain_5.png",
      "height": 13,
      "ascent": 13,
      "chars": [
        "뀕"
      ]
    },
    {
      "type": "bitmap",
      "file": "customfishing:font/icons/strain_6.png",
      "height": 13,
      "ascent": 13,
      "chars": [
        "뀖"
      ]
    },
    {
      "type": "bitmap",
      "file": "customfishing:font/icons/strain_7.png",
      "height": 13,
      "ascent": 13,
      "chars": [
        "뀗"
      ]
    },
    {
      "type": "bitmap",
      "file": "customfishing:font/icons/strain_8.png",
      "height": 13,
      "ascent": 13,
      "chars": [
        "뀘"
      ]
    },
    {
      "type": "bitmap",
      "file": "customfishing:font/icons/strain_9.png",
      "height": 13,
      "ascent": 13,
      "chars": [
        "뀙"
      ]
    },
    {
      "type": "space",
      "advances": {
        "": -1,
        "": -2,
        "": -4,
        "": -8,
        "": -16,
        "": -32,
        "": -64,
        "": -128,
        "": -256,
        "": -512,
        "": 1,
        "": 2,
        "": 4,
        "": 8,
        "": 16,
        "": 32,
        "": 64,
        "": 128,
        "": 256,
        "": 512
      }
    }
  ]
}