{"providers":[{"type":"bitmap","file":"customfishing:f12c67cf-413d-4751-9050-7ca96aeb6507.png","height":13,"ascent":13,"chars":["뀁"]},{"type":"bitmap","file":"customfishing:34604776-37c5-402d-b249-89360596a908.png","height":13,"ascent":13,"chars":["뀂"]},{"type":"bitmap","file":"customfishing:54e131c0-2487-4d77-9bcd-02f190c522bc.png","height":13,"ascent":13,"chars":["뀃"]},{"type":"bitmap","file":"customfishing:28d80e52-6d48-4b29-8a5e-cda4214b6bb2.png","height":13,"ascent":13,"chars":["뀄"]},{"type":"bitmap","file":"customfishing:c046c5f0-9e5e-4351-80f0-8fa86585670f.png","height":13,"ascent":13,"chars":["뀅"]},{"type":"bitmap","file":"customfishing:937462ed-1ef6-4bd5-80ef-642bfe696724.png","height":13,"ascent":13,"chars":["뀆"]},{"type":"bitmap","file":"customfishing:f5be97d2-e788-4fef-93d1-5b2acf890e43.png","height":13,"ascent":13,"chars":["뀇"]},{"type":"bitmap","file":"customfishing:5edeadb5-99b0-43bb-a44c-d06e555b592e.png","height":13,"ascent":13,"chars":["뀈"]},{"type":"bitmap","file":"customfishing:4c8f63ce-4b7c-433c-9f36-b4ab8d0cca26.png","height":13,"ascent":13,"chars":["뀉"]},{"type":"bitmap","file":"customfishing:9cd114cc-a14f-417c-8d29-fff333bb269a.png","height":13,"ascent":13,"chars":["뀑"]},{"type":"bitmap","file":"customfishing:ec03fc6f-4397-4632-a90f-8bf515d6e13e.png","height":13,"ascent":13,"chars":["뀒"]},{"type":"bitmap","file":"customfishing:14fa8f06-d3bb-46a3-9dee-9a178c355531.png","height":13,"ascent":13,"chars":["뀓"]},{"type":"bitmap","file":"customfishing:0130c512-9143-49a1-99bf-bc70a6a7f728.png","height":13,"ascent":13,"chars":["뀔"]},{"type":"bitmap","file":"customfishing:e20a1017-74a7-4378-9d14-1660c00813c1.png","height":13,"ascent":13,"chars":["뀕"]},{"type":"bitmap","file":"customfishing:7209e1c5-4863-4ebf-b686-689da0e24641.png","height":13,"ascent":13,"chars":["뀖"]},{"type":"bitmap","file":"customfishing:c47fbbf0-0917-4a41-90ca-ab18f3872134.png","height":13,"ascent":13,"chars":["뀗"]},{"type":"bitmap","file":"customfishing:6ad5fdb5-de2c-456b-8639-7a4449f4c749.png","height":13,"ascent":13,"chars":["뀘"]},{"type":"bitmap","file":"customfishing:cc79aa40-d5e7-44b0-88ff-ce93d72744f6.png","height":13,"ascent":13,"chars":["뀙"]},{"type":"reference","id":"nexo:shift"}]}