{
  "providers": [
    {
      "type": "bitmap",
      "file": "customfishing:b0fc36f4-2e43-4648-bf92-a302580d6618.png",
      "height": 13,
      "ascent": 13,
      "chars": [
        "뀁"
      ]
    },
    {
      "type": "bitmap",
      "file": "customfishing:0e356319-64d4-407d-aad6-03387873a2dd.png",
      "height": 13,
      "ascent": 13,
      "chars": [
        "뀂"
      ]
    },
    {
      "type": "bitmap",
      "file": "customfishing:18efebba-298b-4dd2-84be-9a5ea3d682c1.png",
      "height": 13,
      "ascent": 13,
      "chars": [
        "뀃"
      ]
    },
    {
      "type": "bitmap",
      "file": "customfishing:f6f17ada-3c66-4ab6-933b-0a54f7f8f96a.png",
      "height": 13,
      "ascent": 13,
      "chars": [
        "뀄"
      ]
    },
    {
      "type": "bitmap",
      "file": "customfishing:b706fbf1-9310-4ecd-8c34-93ae3a4d827a.png",
      "height": 13,
      "ascent": 13,
      "chars": [
        "뀅"
      ]
    },
    {
      "type": "bitmap",
      "file": "customfishing:6b40f853-d5dd-44fc-92ae-36d7dae106e2.png",
      "height": 13,
      "ascent": 13,
      "chars": [
        "뀆"
      ]
    },
    {
      "type": "bitmap",
      "file": "customfishing:4d69e05c-e142-48d5-80aa-ef54089df168.png",
      "height": 13,
      "ascent": 13,
      "chars": [
        "뀇"
      ]
    },
    {
      "type": "bitmap",
      "file": "customfishing:361061f1-8561-46bc-84d6-bb8fe73eadf8.png",
      "height": 13,
      "ascent": 13,
      "chars": [
        "뀈"
      ]
    },
    {
      "type": "bitmap",
      "file": "customfishing:3f0a4748-3454-453d-bd78-94e6e5f7c0b4.png",
      "height": 13,
      "ascent": 13,
      "chars": [
        "뀉"
      ]
    },
    {
      "type": "bitmap",
      "file": "customfishing:5799ffd0-8a43-4e4e-81fc-b45282e4ecae.png",
      "height": 13,
      "ascent": 13,
      "chars": [
        "뀑"
      ]
    },
    {
      "type": "bitmap",
      "file": "customfishing:6a5d0124-5083-4966-878e-664c2183c66d.png",
      "height": 13,
      "ascent": 13,
      "chars": [
        "뀒"
      ]
    },
    {
      "type": "bitmap",
      "file": "customfishing:53222977-32a4-46bd-8992-fbc242714b63.png",
      "height": 13,
      "ascent": 13,
      "chars": [
        "뀓"
      ]
    },
    {
      "type": "bitmap",
      "file": "customfishing:15230341-c30c-47b0-ac5f-217c19f44023.png",
      "height": 13,
      "ascent": 13,
      "chars": [
        "뀔"
      ]
    },
    {
      "type": "bitmap",
      "file": "customfishing:fe62fca1-220c-4341-ad14-ac1304c00169.png",
      "height": 13,
      "ascent": 13,
      "chars": [
        "뀕"
      ]
    },
    {
      "type": "bitmap",
      "file": "customfishing:77568232-40fc-4ab0-8b65-4f6a72d403b3.png",
      "height": 13,
      "ascent": 13,
      "chars": [
        "뀖"
      ]
    },
    {
      "type": "bitmap",
      "file": "customfishing:3862a851-c1d8-4a55-9977-e044ca59b174.png",
      "height": 13,
      "ascent": 13,
      "chars": [
        "뀗"
      ]
    },
    {
      "type": "bitmap",
      "file": "customfishing:1bc914d3-a04e-493f-a11c-d5127b2d21bc.png",
      "height": 13,
      "ascent": 13,
      "chars": [
        "뀘"
      ]
    },
    {
      "type": "bitmap",
      "file": "customfishing:39ba646a-1f6b-4b0c-b2f4-06753f0cf4d0.png",
      "height": 13,
      "ascent": 13,
      "chars": [
        "뀙"
      ]
    },
    {
      "type": "space",
      "advances": {
        "": -1,
        "": -2,
        "": -4,
        "": -8,
        "": -16,
        "": -32,
        "": -64,
        "": -128,
        "": -256,
        "": -512,
        "": 1,
        "": 2,
        "": 4,
        "": 8,
        "": 16,
        "": 32,
        "": 64,
        "": 128,
        "": 256,
        "": 512
      }
    }
  ]
}