{
  "providers": [
    {
      "type": "bitmap",
      "file": "customfishing:0ddb3845-a8b4-4410-9ddf-638399f2474a.png",
      "height": 13,
      "ascent": 13,
      "chars": [
        "뀁"
      ]
    },
    {
      "type": "bitmap",
      "file": "customfishing:16e8c6be-f001-44ce-9acf-04997df7fe8d.png",
      "height": 13,
      "ascent": 13,
      "chars": [
        "뀂"
      ]
    },
    {
      "type": "bitmap",
      "file": "customfishing:68b252e1-e1d9-4957-9ec4-821688131124.png",
      "height": 13,
      "ascent": 13,
      "chars": [
        "뀃"
      ]
    },
    {
      "type": "bitmap",
      "file": "customfishing:0dc196ff-7750-4762-ad76-9ea9db754558.png",
      "height": 13,
      "ascent": 13,
      "chars": [
        "뀄"
      ]
    },
    {
      "type": "bitmap",
      "file": "customfishing:042c60fb-eb61-406b-93ff-0f506f2a4809.png",
      "height": 13,
      "ascent": 13,
      "chars": [
        "뀅"
      ]
    },
    {
      "type": "bitmap",
      "file": "customfishing:b6268969-a43d-4178-9bba-0a3784303da4.png",
      "height": 13,
      "ascent": 13,
      "chars": [
        "뀆"
      ]
    },
    {
      "type": "bitmap",
      "file": "customfishing:b50a1ae9-9bca-419d-b7f0-eeadd86a8167.png",
      "height": 13,
      "ascent": 13,
      "chars": [
        "뀇"
      ]
    },
    {
      "type": "bitmap",
      "file": "customfishing:05a1dbe3-8b24-4a03-945d-5a9478a09bd1.png",
      "height": 13,
      "ascent": 13,
      "chars": [
        "뀈"
      ]
    },
    {
      "type": "bitmap",
      "file": "customfishing:cbbfac6f-bf7d-4fe1-b95d-5d7538071e20.png",
      "height": 13,
      "ascent": 13,
      "chars": [
        "뀉"
      ]
    },
    {
      "type": "bitmap",
      "file": "customfishing:d35a798b-dad3-4af9-8fe0-70781d31f850.png",
      "height": 13,
      "ascent": 13,
      "chars": [
        "뀑"
      ]
    },
    {
      "type": "bitmap",
      "file": "customfishing:5a173f85-a055-41ff-95fb-e059712df308.png",
      "height": 13,
      "ascent": 13,
      "chars": [
        "뀒"
      ]
    },
    {
      "type": "bitmap",
      "file": "customfishing:77933a94-c2ac-42d6-8224-58779cec91cb.png",
      "height": 13,
      "ascent": 13,
      "chars": [
        "뀓"
      ]
    },
    {
      "type": "bitmap",
      "file": "customfishing:101b4727-1e59-4e6c-9576-9a513b60753f.png",
      "height": 13,
      "ascent": 13,
      "chars": [
        "뀔"
      ]
    },
    {
      "type": "bitmap",
      "file": "customfishing:24260586-caf9-477e-a272-b11322313b6b.png",
      "height": 13,
      "ascent": 13,
      "chars": [
        "뀕"
      ]
    },
    {
      "type": "bitmap",
      "file": "customfishing:bc677e15-0fae-472b-b103-c99ca7c87f35.png",
      "height": 13,
      "ascent": 13,
      "chars": [
        "뀖"
      ]
    },
    {
      "type": "bitmap",
      "file": "customfishing:95844530-1a01-4fc1-b0dc-630080122e0c.png",
      "height": 13,
      "ascent": 13,
      "chars": [
        "뀗"
      ]
    },
    {
      "type": "bitmap",
      "file": "customfishing:50768b09-6064-4f62-9937-ea31f28a7f7a.png",
      "height": 13,
      "ascent": 13,
      "chars": [
        "뀘"
      ]
    },
    {
      "type": "bitmap",
      "file": "customfishing:3c94ca55-4909-421f-8ac2-4d33f7d88cd8.png",
      "height": 13,
      "ascent": 13,
      "chars": [
        "뀙"
      ]
    },
    {
      "type": "space",
      "advances": {
        "": -1,
        "": -2,
        "": -4,
        "": -8,
        "": -16,
        "": -32,
        "": -64,
        "": -128,
        "": -256,
        "": -512,
        "": 1,
        "": 2,
        "": 4,
        "": 8,
        "": 16,
        "": 32,
        "": 64,
        "": 128,
        "": 256,
        "": 512
      }
    }
  ]
}