{"providers":[{"type":"bitmap","file":"customfishing:d0b2d15b-9d3d-4990-9c73-50f5b5def1e8.png","height":13,"ascent":13,"chars":["뀁"]},{"type":"bitmap","file":"customfishing:132b5205-9c7b-4958-981e-72b796788d3a.png","height":13,"ascent":13,"chars":["뀂"]},{"type":"bitmap","file":"customfishing:0211b0d5-7135-41f6-a022-d148581f5d48.png","height":13,"ascent":13,"chars":["뀃"]},{"type":"bitmap","file":"customfishing:f9b08484-43a6-40f8-ab38-4e1f919d8883.png","height":13,"ascent":13,"chars":["뀄"]},{"type":"bitmap","file":"customfishing:f4c94e44-5bab-4d89-8e9c-fa0b8342ffb5.png","height":13,"ascent":13,"chars":["뀅"]},{"type":"bitmap","file":"customfishing:4228a1f9-27ef-4ebb-b074-87de27ae684f.png","height":13,"ascent":13,"chars":["뀆"]},{"type":"bitmap","file":"customfishing:eb77c651-fa84-4ac5-9173-037e3821ee5a.png","height":13,"ascent":13,"chars":["뀇"]},{"type":"bitmap","file":"customfishing:cd7c6b3d-9658-43f2-8bac-cd0c1f37428a.png","height":13,"ascent":13,"chars":["뀈"]},{"type":"bitmap","file":"customfishing:dac9c07c-5910-4933-95fe-1662781047aa.png","height":13,"ascent":13,"chars":["뀉"]},{"type":"bitmap","file":"customfishing:7f992ea7-d58d-40cd-b692-52a32cc21f88.png","height":13,"ascent":13,"chars":["뀑"]},{"type":"bitmap","file":"customfishing:bec52988-ccbc-42ca-b515-46485a6dc6cf.png","height":13,"ascent":13,"chars":["뀒"]},{"type":"bitmap","file":"customfishing:2b83860d-80b4-49c3-a130-b874304da3bc.png","height":13,"ascent":13,"chars":["뀓"]},{"type":"bitmap","file":"customfishing:46c37a19-bd8d-4f4d-bb90-112cd0156cdb.png","height":13,"ascent":13,"chars":["뀔"]},{"type":"bitmap","file":"customfishing:f1013ad6-4f53-42cc-9c0d-c310a2a46256.png","height":13,"ascent":13,"chars":["뀕"]},{"type":"bitmap","file":"customfishing:1a0616a7-dee3-442f-b164-8c3a24501474.png","height":13,"ascent":13,"chars":["뀖"]},{"type":"bitmap","file":"customfishing:032e62e9-f72f-46b9-abfe-7de367b5d7db.png","height":13,"ascent":13,"chars":["뀗"]},{"type":"bitmap","file":"customfishing:d9bd61fa-61a8-4087-8c99-c0a65bc325e1.png","height":13,"ascent":13,"chars":["뀘"]},{"type":"bitmap","file":"customfishing:cce3a48c-f75c-4648-b551-9b95d7db78a7.png","height":13,"ascent":13,"chars":["뀙"]},{"type":"reference","id":"nexo:shift"}]}