{"providers":[{"type":"bitmap","file":"customfishing:1f64a4e4-e76a-4f45-9117-05b50a8cd459.png","height":13,"ascent":13,"chars":["뀁"]},{"type":"bitmap","file":"customfishing:f0fff23d-17e6-49da-914c-7128ce9b8a30.png","height":13,"ascent":13,"chars":["뀂"]},{"type":"bitmap","file":"customfishing:33a6c5a0-3e2a-465e-b3d5-1d45950a1fb2.png","height":13,"ascent":13,"chars":["뀃"]},{"type":"bitmap","file":"customfishing:5caab528-06a1-4042-91c5-ea347992b41e.png","height":13,"ascent":13,"chars":["뀄"]},{"type":"bitmap","file":"customfishing:ab76dcba-3708-416e-80bb-f08c435b9143.png","height":13,"ascent":13,"chars":["뀅"]},{"type":"bitmap","file":"customfishing:366c27d6-2b7f-4e8f-8c0c-f46261dccf19.png","height":13,"ascent":13,"chars":["뀆"]},{"type":"bitmap","file":"customfishing:bbecc00b-e29a-46ec-89db-3fadbbf898f6.png","height":13,"ascent":13,"chars":["뀇"]},{"type":"bitmap","file":"customfishing:7d05e1e0-f282-4d0c-9335-8d19d11f4456.png","height":13,"ascent":13,"chars":["뀈"]},{"type":"bitmap","file":"customfishing:984dc43c-5f26-4152-b93b-b9f830315289.png","height":13,"ascent":13,"chars":["뀉"]},{"type":"bitmap","file":"customfishing:eac41fa3-13dc-43c1-b5b5-c14575737287.png","height":13,"ascent":13,"chars":["뀑"]},{"type":"bitmap","file":"customfishing:0aaf652d-9819-4a59-acb0-89c2a0d7642f.png","height":13,"ascent":13,"chars":["뀒"]},{"type":"bitmap","file":"customfishing:98db13f0-111b-44c7-994b-dcbe8948a0e9.png","height":13,"ascent":13,"chars":["뀓"]},{"type":"bitmap","file":"customfishing:afe2817e-1b4e-44cb-8d2d-68d134efc5cc.png","height":13,"ascent":13,"chars":["뀔"]},{"type":"bitmap","file":"customfishing:27c6f8cb-c26f-4dae-8db3-6d39d0eb934d.png","height":13,"ascent":13,"chars":["뀕"]},{"type":"bitmap","file":"customfishing:fd0e67ae-ebb2-4e34-9f58-4223280c4a8f.png","height":13,"ascent":13,"chars":["뀖"]},{"type":"bitmap","file":"customfishing:a9fecaf2-3e53-413e-9bcb-0e9140bbd4f4.png","height":13,"ascent":13,"chars":["뀗"]},{"type":"bitmap","file":"customfishing:b55b92ff-7941-4c68-9fd0-a81922a6c63a.png","height":13,"ascent":13,"chars":["뀘"]},{"type":"bitmap","file":"customfishing:8fcf5759-9c0c-4f70-a6a9-cc6b34bdd93c.png","height":13,"ascent":13,"chars":["뀙"]},{"type":"reference","id":"nexo:shift"}]}