{"providers":[{"type":"bitmap","file":"customfishing:88056309-dbe1-478e-b9fe-07c09ad68a1b.png","height":-3,"ascent":-5000,"chars":[""]},{"type":"bitmap","file":"customfishing:88056309-dbe1-478e-b9fe-07c09ad68a1b.png","height":-4,"ascent":-5000,"chars":[""]},{"type":"bitmap","file":"customfishing:88056309-dbe1-478e-b9fe-07c09ad68a1b.png","height":-6,"ascent":-5000,"chars":[""]},{"type":"bitmap","file":"customfishing:88056309-dbe1-478e-b9fe-07c09ad68a1b.png","height":-10,"ascent":-5000,"chars":[""]},{"type":"bitmap","file":"customfishing:88056309-dbe1-478e-b9fe-07c09ad68a1b.png","height":-18,"ascent":-5000,"chars":[""]},{"type":"bitmap","file":"customfishing:88056309-dbe1-478e-b9fe-07c09ad68a1b.png","height":-34,"ascent":-5000,"chars":[""]},{"type":"bitmap","file":"customfishing:88056309-dbe1-478e-b9fe-07c09ad68a1b.png","height":-66,"ascent":-5000,"chars":[""]},{"type":"bitmap","file":"customfishing:88056309-dbe1-478e-b9fe-07c09ad68a1b.png","height":-130,"ascent":-5000,"chars":[""]},{"type":"bitmap","file":"customfishing:88056309-dbe1-478e-b9fe-07c09ad68a1b.png","height":-1,"ascent":-5000,"chars":[""]},{"type":"bitmap","file":"customfishing:88056309-dbe1-478e-b9fe-07c09ad68a1b.png","height":1,"ascent":-5000,"chars":[""]},{"type":"bitmap","file":"customfishing:88056309-dbe1-478e-b9fe-07c09ad68a1b.png","height":3,"ascent":-5000,"chars":[""]},{"type":"bitmap","file":"customfishing:88056309-dbe1-478e-b9fe-07c09ad68a1b.png","height":7,"ascent":-5000,"chars":[""]},{"type":"bitmap","file":"customfishing:88056309-dbe1-478e-b9fe-07c09ad68a1b.png","height":15,"ascent":-5000,"chars":[""]},{"type":"bitmap","file":"customfishing:88056309-dbe1-478e-b9fe-07c09ad68a1b.png","height":31,"ascent":-5000,"chars":[""]},{"type":"bitmap","file":"customfishing:88056309-dbe1-478e-b9fe-07c09ad68a1b.png","height":63,"ascent":-5000,"chars":[""]},{"type":"bitmap","file":"customfishing:88056309-dbe1-478e-b9fe-07c09ad68a1b.png","height":127,"ascent":-5000,"chars":[""]},{"type":"reference","id":"nexo:shift"}]}