{
  "providers": [
    {
      "type": "bitmap",
      "file": "customfishing:font/base/space_split.png",
      "height": -3,
      "ascent": -5000,
      "chars": [
        ""
      ]
    },
    {
      "type": "bitmap",
      "file": "customfishing:font/base/space_split.png",
      "height": -4,
      "ascent": -5000,
      "chars": [
        ""
      ]
    },
    {
      "type": "bitmap",
      "file": "customfishing:font/base/space_split.png",
      "height": -6,
      "ascent": -5000,
      "chars": [
        ""
      ]
    },
    {
      "type": "bitmap",
      "file": "customfishing:font/base/space_split.png",
      "height": -10,
      "ascent": -5000,
      "chars": [
        ""
      ]
    },
    {
      "type": "bitmap",
      "file": "customfishing:font/base/space_split.png",
      "height": -18,
      "ascent": -5000,
      "chars": [
        ""
      ]
    },
    {
      "type": "bitmap",
      "file": "customfishing:font/base/space_split.png",
      "height": -34,
      "ascent": -5000,
      "chars": [
        ""
      ]
    },
    {
      "type": "bitmap",
      "file": "customfishing:font/base/space_split.png",
      "height": -66,
      "ascent": -5000,
      "chars": [
        ""
      ]
    },
    {
      "type": "bitmap",
      "file": "customfishing:font/base/space_split.png",
      "height": -130,
      "ascent": -5000,
      "chars": [
        ""
      ]
    },
    {
      "type": "bitmap",
      "file": "customfishing:font/base/space_split.png",
      "height": -1,
      "ascent": -5000,
      "chars": [
        ""
      ]
    },
    {
      "type": "bitmap",
      "file": "customfishing:font/base/space_split.png",
      "height": 1,
      "ascent": -5000,
      "chars": [
        ""
      ]
    },
    {
      "type": "bitmap",
      "file": "customfishing:font/base/space_split.png",
      "height": 3,
      "ascent": -5000,
      "chars": [
        ""
      ]
    },
    {
      "type": "bitmap",
      "file": "customfishing:font/base/space_split.png",
      "height": 7,
      "ascent": -5000,
      "chars": [
        ""
      ]
    },
    {
      "type": "bitmap",
      "file": "customfishing:font/base/space_split.png",
      "height": 15,
      "ascent": -5000,
      "chars": [
        ""
      ]
    },
    {
      "type": "bitmap",
      "file": "customfishing:font/base/space_split.png",
      "height": 31,
      "ascent": -5000,
      "chars": [
        ""
      ]
    },
    {
      "type": "bitmap",
      "file": "customfishing:font/base/space_split.png",
      "height": 63,
      "ascent": -5000,
      "chars": [
        ""
      ]
    },
    {
      "type": "bitmap",
      "file": "customfishing:font/base/space_split.png",
      "height": 127,
      "ascent": -5000,
      "chars": [
        ""
      ]
    },
    {
      "type": "space",
      "advances": {
        "": -1,
        "": -2,
        "": -4,
        "": -8,
        "": -16,
        "": -32,
        "": -64,
        "": -128,
        "": -256,
        "": -512,
        "": 1,
        "": 2,
        "": 4,
        "": 8,
        "": 16,
        "": 32,
        "": 64,
        "": 128,
        "": 256,
        "": 512
      }
    }
  ]
}