{"providers":[{"type":"bitmap","file":"customfishing:4a44db9f-ba86-4d75-9dbb-bcdcc222be73.png","height":-3,"ascent":-5000,"chars":[""]},{"type":"bitmap","file":"customfishing:4a44db9f-ba86-4d75-9dbb-bcdcc222be73.png","height":-4,"ascent":-5000,"chars":[""]},{"type":"bitmap","file":"customfishing:4a44db9f-ba86-4d75-9dbb-bcdcc222be73.png","height":-6,"ascent":-5000,"chars":[""]},{"type":"bitmap","file":"customfishing:4a44db9f-ba86-4d75-9dbb-bcdcc222be73.png","height":-10,"ascent":-5000,"chars":[""]},{"type":"bitmap","file":"customfishing:4a44db9f-ba86-4d75-9dbb-bcdcc222be73.png","height":-18,"ascent":-5000,"chars":[""]},{"type":"bitmap","file":"customfishing:4a44db9f-ba86-4d75-9dbb-bcdcc222be73.png","height":-34,"ascent":-5000,"chars":[""]},{"type":"bitmap","file":"customfishing:4a44db9f-ba86-4d75-9dbb-bcdcc222be73.png","height":-66,"ascent":-5000,"chars":[""]},{"type":"bitmap","file":"customfishing:4a44db9f-ba86-4d75-9dbb-bcdcc222be73.png","height":-130,"ascent":-5000,"chars":[""]},{"type":"bitmap","file":"customfishing:4a44db9f-ba86-4d75-9dbb-bcdcc222be73.png","height":-1,"ascent":-5000,"chars":[""]},{"type":"bitmap","file":"customfishing:4a44db9f-ba86-4d75-9dbb-bcdcc222be73.png","height":1,"ascent":-5000,"chars":[""]},{"type":"bitmap","file":"customfishing:4a44db9f-ba86-4d75-9dbb-bcdcc222be73.png","height":3,"ascent":-5000,"chars":[""]},{"type":"bitmap","file":"customfishing:4a44db9f-ba86-4d75-9dbb-bcdcc222be73.png","height":7,"ascent":-5000,"chars":[""]},{"type":"bitmap","file":"customfishing:4a44db9f-ba86-4d75-9dbb-bcdcc222be73.png","height":15,"ascent":-5000,"chars":[""]},{"type":"bitmap","file":"customfishing:4a44db9f-ba86-4d75-9dbb-bcdcc222be73.png","height":31,"ascent":-5000,"chars":[""]},{"type":"bitmap","file":"customfishing:4a44db9f-ba86-4d75-9dbb-bcdcc222be73.png","height":63,"ascent":-5000,"chars":[""]},{"type":"bitmap","file":"customfishing:4a44db9f-ba86-4d75-9dbb-bcdcc222be73.png","height":127,"ascent":-5000,"chars":[""]},{"type":"reference","id":"nexo:shift"}]}