{
  "elements": [
    {
      "from": [
        0.8,
        0.0,
        8.0
      ],
      "to": [
        15.2,
        16.0,
        8.0
      ],
      "rotation": {
        "origin": [
          8.0,
          8.0,
          8.0
        ],
        "axis": "y",
        "angle": 45.0,
        "rescale": true
      },
      "shade": false,
      "faces": {
        "north": {
          "uv": [
            0.0,
            0.0,
            16.0,
            16.0
          ],
          "texture": "#bottom"
        },
        "south": {
          "uv": [
            0.0,
            0.0,
            16.0,
            16.0
          ],
          "texture": "#bottom"
        }
      }
    },
    {
      "from": [
        8.0,
        0.0,
        0.8
      ],
      "to": [
        8.0,
        16.0,
        15.2
      ],
      "rotation": {
        "origin": [
          8.0,
          8.0,
          8.0
        ],
        "axis": "y",
        "angle": 45.0,
        "rescale": true
      },
      "shade": false,
      "faces": {
        "west": {
          "uv": [
            0.0,
            0.0,
            16.0,
            16.0
          ],
          "texture": "#bottom"
        },
        "east": {
          "uv": [
            0.0,
            0.0,
            16.0,
            16.0
          ],
          "texture": "#bottom"
        }
      }
    },
    {
      "from": [
        0.8,
        16.0,
        8.0
      ],
      "to": [
        15.2,
        32.0,
        8.0
      ],
      "rotation": {
        "origin": [
          8.0,
          8.0,
          8.0
        ],
        "axis": "y",
        "angle": 45.0,
        "rescale": true
      },
      "shade": false,
      "faces": {
        "north": {
          "uv": [
            0.0,
            0.0,
            16.0,
            16.0
          ],
          "texture": "#top"
        },
        "south": {
          "uv": [
            0.0,
            0.0,
            16.0,
            16.0
          ],
          "texture": "#top"
        }
      }
    },
    {
      "from": [
        8.0,
        16.0,
        0.8
      ],
      "to": [
        8.0,
        32.0,
        15.2
      ],
      "rotation": {
        "origin": [
          8.0,
          8.0,
          8.0
        ],
        "axis": "y",
        "angle": 45.0,
        "rescale": true
      },
      "shade": false,
      "faces": {
        "west": {
          "uv": [
            0.0,
            0.0,
            16.0,
            16.0
          ],
          "texture": "#top"
        },
        "east": {
          "uv": [
            0.0,
            0.0,
            16.0,
            16.0
          ],
          "texture": "#top"
        }
      }
    }
  ],
  "ambientocclusion": false,
  "textures": {
    "particle": "#bottom"
  }
}