{
  "providers": [
    {
      "type": "bitmap",
      "file": "b2ac2c0a-6ce0-4508-b138-cca369aa6947.png",
      "height": 96,
      "ascent": 53,
      "chars": [
        "パ"
      ]
    },
    {
      "type": "bitmap",
      "file": "927d3cc3-ef66-4eac-96ae-3ce4ab72984d.png",
      "height": 14,
      "ascent": 7,
      "chars": [
        "௅"
      ]
    },
    {
      "type": "bitmap",
      "file": "06ffbfec-88fa-4c05-832a-97d938e96252.png",
      "height": 14,
      "ascent": 7,
      "chars": [
        "ெ"
      ]
    },
    {
      "type": "bitmap",
      "file": "04362add-171e-492d-b08a-adf3e0f72bbc.png",
      "height": 14,
      "ascent": 7,
      "chars": [
        "ே"
      ]
    },
    {
      "type": "bitmap",
      "file": "1e0a622f-9ac6-44ea-8dc9-7453d32dc01a.png",
      "height": 14,
      "ascent": 7,
      "chars": [
        "ை"
      ]
    },
    {
      "type": "bitmap",
      "file": "0d40634a-dbb9-4411-89e6-9855260db91e.png",
      "ascent": 8,
      "chars": [
        "∞"
      ]
    },
    {
      "type": "bitmap",
      "file": "f989b4fd-95af-4cb8-845b-65311388b092.png",
      "ascent": 8,
      "chars": [
        "⚡"
      ]
    },
    {
      "type": "bitmap",
      "file": "6448d940-7859-4f5f-b9b9-a47b7dacd8cc.png",
      "ascent": 8,
      "chars": [
        "≈"
      ]
    },
    {
      "type": "bitmap",
      "file": "cb0602c9-6b44-4a00-910f-8d43195d00d0.png",
      "ascent": 8,
      "chars": [
        "⊗"
      ]
    },
    {
      "type": "bitmap",
      "file": "06108b1d-61d4-4ce8-83f1-a7c31a1477be.png",
      "ascent": 8,
      "chars": [
        "⚔"
      ]
    },
    {
      "type": "bitmap",
      "file": "d4fed3ff-fc48-4913-90b4-f0fc1d1564f6.png",
      "ascent": 8,
      "chars": [
        "Ω"
      ]
    },
    {
      "type": "bitmap",
      "file": "6c6cb33f-5a56-42f7-9c1b-3725bf71a5d1.png",
      "ascent": 8,
      "chars": [
        "Δ"
      ]
    },
    {
      "type": "bitmap",
      "file": "8eaf8680-471d-4b84-88d5-d02928ee5d06.png",
      "ascent": 8,
      "chars": [
        "๏"
      ]
    },
    {
      "type": "bitmap",
      "file": "ed1d68bd-c7c8-4114-849d-d203548e5591.png",
      "ascent": 8,
      "chars": [
        "▬"
      ]
    },
    {
      "type": "bitmap",
      "file": "3673fdd1-ac7f-482c-90f3-c632b6e53253.png",
      "ascent": 8,
      "chars": [
        "➹"
      ]
    },
    {
      "type": "bitmap",
      "file": "e063a29f-ec1f-410c-a594-efae8f097e7d.png",
      "height": 256,
      "ascent": 37,
      "chars": [
        "ꐐ"
      ]
    },
    {
      "type": "bitmap",
      "file": "dd122069-c26c-4676-ac45-0c08ddcfb70d.png",
      "ascent": 8,
      "chars": [
        "ꐑ"
      ]
    },
    {
      "type": "space",
      "advances": {
        "": -1,
        "": -2,
        "": -4,
        "": -8,
        "": -16,
        "": -32,
        "": -64,
        "": -128,
        "": -256,
        "": -512,
        "": 1,
        "": 2,
        "": 4,
        "": 8,
        "": 16,
        "": 32,
        "": 64,
        "": 128,
        "": 256,
        "": 512
      }
    }
  ]
}