{
  "providers": [
    {
      "type": "bitmap",
      "file": "3190c48d-e78e-4c89-968b-e57692e1c28f.png",
      "height": 96,
      "ascent": 53,
      "chars": [
        "パ"
      ]
    },
    {
      "type": "bitmap",
      "file": "746c089f-84c0-45bb-83a2-a2f7c62a5354.png",
      "height": 14,
      "ascent": 7,
      "chars": [
        "௅"
      ]
    },
    {
      "type": "bitmap",
      "file": "51d380e5-5023-4cf0-b3f3-d41f3dad0c2b.png",
      "height": 14,
      "ascent": 7,
      "chars": [
        "ெ"
      ]
    },
    {
      "type": "bitmap",
      "file": "6e289419-42f0-4839-a67b-28fe4d1cde3e.png",
      "height": 14,
      "ascent": 7,
      "chars": [
        "ே"
      ]
    },
    {
      "type": "bitmap",
      "file": "ae2f25e4-655c-49e8-bec4-9383e33b1b9a.png",
      "height": 14,
      "ascent": 7,
      "chars": [
        "ை"
      ]
    },
    {
      "type": "bitmap",
      "file": "0dbe4c3d-0c04-4804-b6fb-9a83e6c07ca6.png",
      "ascent": 8,
      "chars": [
        "∞"
      ]
    },
    {
      "type": "bitmap",
      "file": "f8f6ba13-011c-453c-9787-c91e3bd758e9.png",
      "ascent": 8,
      "chars": [
        "⚡"
      ]
    },
    {
      "type": "bitmap",
      "file": "4c995613-8cf2-46c8-a614-edac6b70d174.png",
      "ascent": 8,
      "chars": [
        "≈"
      ]
    },
    {
      "type": "bitmap",
      "file": "9c7790f7-2839-41f7-8560-9fce4ceb4ca9.png",
      "ascent": 8,
      "chars": [
        "⊗"
      ]
    },
    {
      "type": "bitmap",
      "file": "61e04250-9686-46b5-bf9d-aa04f78cb638.png",
      "ascent": 8,
      "chars": [
        "⚔"
      ]
    },
    {
      "type": "bitmap",
      "file": "b9075252-e0dd-4c7b-8722-de4d72c6db8a.png",
      "ascent": 8,
      "chars": [
        "Ω"
      ]
    },
    {
      "type": "bitmap",
      "file": "5a8ec9cf-c840-4403-95b3-5c6b310fdf83.png",
      "ascent": 8,
      "chars": [
        "Δ"
      ]
    },
    {
      "type": "bitmap",
      "file": "97e618b1-9ba4-4cfd-99a7-cfcc3869e1cf.png",
      "ascent": 8,
      "chars": [
        "๏"
      ]
    },
    {
      "type": "bitmap",
      "file": "e1919c37-9ab8-4d40-ab57-9afd0bc6e91a.png",
      "ascent": 8,
      "chars": [
        "▬"
      ]
    },
    {
      "type": "bitmap",
      "file": "afab7d81-e97a-47af-b693-8c6e5a9cc785.png",
      "ascent": 8,
      "chars": [
        "➹"
      ]
    },
    {
      "type": "bitmap",
      "file": "0bab3847-bbeb-426d-be8d-30c24949e706.png",
      "height": 256,
      "ascent": 37,
      "chars": [
        "ꐐ"
      ]
    },
    {
      "type": "bitmap",
      "file": "1a2159dd-f70f-4972-8c4b-8fdd9ec9083b.png",
      "ascent": 8,
      "chars": [
        "ꐑ"
      ]
    },
    {
      "type": "space",
      "advances": {
        "": -1,
        "": -2,
        "": -4,
        "": -8,
        "": -16,
        "": -32,
        "": -64,
        "": -128,
        "": -256,
        "": -512,
        "": 1,
        "": 2,
        "": 4,
        "": 8,
        "": 16,
        "": 32,
        "": 64,
        "": 128,
        "": 256,
        "": 512
      }
    }
  ]
}