{"providers":[{"type":"bitmap","file":"dungeoncraft/labels/rank_chaos.png","ascent":8,"chars":["┹"]},{"type":"bitmap","file":"dungeoncraft/labels/rank_helper.png","height":14,"ascent":7,"chars":["௅"]},{"type":"bitmap","file":"dungeoncraft/logo.png","height":96,"ascent":53,"chars":["パ"]},{"type":"bitmap","file":"dungeoncraft/labels/badges/badge-heart.png","ascent":8,"chars":["⠁"]},{"type":"bitmap","file":"dungeoncraft/labels/rank_hemera.png","ascent":8,"chars":["➢"]},{"type":"bitmap","file":"dungeoncraft/labels/rank_media.png","ascent":8,"chars":["๏"]},{"type":"bitmap","file":"dungeoncraft/labels/rank_mod.png","height":14,"ascent":7,"chars":["ெ"]},{"type":"bitmap","file":"dungeoncraft/labels/rank_member.png","ascent":8,"chars":["∞"]},{"type":"bitmap","file":"dungeoncraft/labels/rank_aether.png","ascent":8,"chars":["५"]},{"type":"bitmap","file":"dungeoncraft/labels/rank_hades.png","ascent":8,"chars":["⊗"]},{"type":"bitmap","file":"dungeoncraft/labels/rank_nxy.png","ascent":8,"chars":["➹"]},{"type":"bitmap","file":"dungeoncraft/labels/rank_ares.png","ascent":8,"chars":["⚔"]},{"type":"bitmap","file":"dungeoncraft/labels/rank_poseidon.png","ascent":8,"chars":["≈"]},{"type":"bitmap","file":"dungeoncraft/labels/rank_owner.png","height":14,"ascent":7,"chars":["ை"]},{"type":"bitmap","file":"required/exit_icon.png","ascent":8,"chars":["ꐏ"]},{"type":"bitmap","file":"dungeoncraft/labels/badges/badge-heartbroken.png","ascent":8,"chars":["⠅"]},{"type":"bitmap","file":"dungeoncraft/labels/rank_zeus.png","ascent":8,"chars":["⚡"]},{"type":"bitmap","file":"dungeoncraft/labels/rank_dev.png","ascent":8,"chars":["▬"]},{"type":"bitmap","file":"dungeoncraft/labels/rank_cupid.png","ascent":8,"chars":["⡤"]},{"type":"bitmap","file":"dungeoncraft/labels/rank_admin.png","height":14,"ascent":7,"chars":["ே"]},{"type":"bitmap","file":"dungeoncraft/labels/rank_elite.png","ascent":8,"chars":["Δ"]},{"type":"bitmap","file":"dungeoncraft/labels/rank_athena.png","ascent":8,"chars":["Ω"]},{"type":"reference","id":"nexo:shift"}]}