{
  "providers": [
    {
      "type": "bitmap",
      "file": "b029bf6e-5291-47a0-a56d-8d2d7e1f8604.png",
      "height": 96,
      "ascent": 53,
      "chars": [
        "パ"
      ]
    },
    {
      "type": "bitmap",
      "file": "3ebd66fb-96b2-4ce9-98af-27ee577d9fc3.png",
      "height": 14,
      "ascent": 7,
      "chars": [
        "௅"
      ]
    },
    {
      "type": "bitmap",
      "file": "ce244034-6503-42aa-ad6a-1ee81931e916.png",
      "height": 14,
      "ascent": 7,
      "chars": [
        "ெ"
      ]
    },
    {
      "type": "bitmap",
      "file": "224a2cb7-dd78-468b-8b34-6b922c163810.png",
      "height": 14,
      "ascent": 7,
      "chars": [
        "ே"
      ]
    },
    {
      "type": "bitmap",
      "file": "58dc3dfd-4725-4223-a9c1-baeca2480a43.png",
      "height": 14,
      "ascent": 7,
      "chars": [
        "ை"
      ]
    },
    {
      "type": "bitmap",
      "file": "03318f78-2e10-4737-8378-5f42b2fb989e.png",
      "ascent": 8,
      "chars": [
        "∞"
      ]
    },
    {
      "type": "bitmap",
      "file": "b3a317e9-60ec-40f7-b007-6ca62bc2178b.png",
      "ascent": 8,
      "chars": [
        "⚡"
      ]
    },
    {
      "type": "bitmap",
      "file": "6407a33e-40d3-46df-8eac-999431ca10cb.png",
      "ascent": 8,
      "chars": [
        "≈"
      ]
    },
    {
      "type": "bitmap",
      "file": "0c060f9b-2c45-4958-ba54-fdb9fa65404c.png",
      "ascent": 8,
      "chars": [
        "⊗"
      ]
    },
    {
      "type": "bitmap",
      "file": "e3abb908-96d3-4792-a1f4-936421a19eb3.png",
      "ascent": 8,
      "chars": [
        "⚔"
      ]
    },
    {
      "type": "bitmap",
      "file": "2fda936d-35da-40fd-be50-d266904aa1b9.png",
      "ascent": 8,
      "chars": [
        "Ω"
      ]
    },
    {
      "type": "bitmap",
      "file": "5c3384fd-c6e2-4e30-bda5-db4bf1eb353c.png",
      "ascent": 8,
      "chars": [
        "Δ"
      ]
    },
    {
      "type": "bitmap",
      "file": "0dfffd0c-7435-4376-90d8-75fe38989188.png",
      "ascent": 8,
      "chars": [
        "๏"
      ]
    },
    {
      "type": "bitmap",
      "file": "9f65b50e-58a9-4253-b186-51b9f3201d59.png",
      "ascent": 8,
      "chars": [
        "▬"
      ]
    },
    {
      "type": "bitmap",
      "file": "4fb00ff4-3c1b-4a4b-8d5d-59765906d6c0.png",
      "ascent": 8,
      "chars": [
        "➹"
      ]
    },
    {
      "type": "bitmap",
      "file": "1cfcc13f-9da3-4c07-b3b7-0ff06174830f.png",
      "ascent": 8,
      "chars": [
        "➢"
      ]
    },
    {
      "type": "bitmap",
      "file": "eed368da-0b5b-482a-9110-085b5b9ef376.png",
      "ascent": 8,
      "chars": [
        "┹"
      ]
    },
    {
      "type": "bitmap",
      "file": "c6bf156a-5f49-4ca1-9463-687c11cb8452.png",
      "height": 256,
      "ascent": 37,
      "chars": [
        "ꐐ"
      ]
    },
    {
      "type": "bitmap",
      "file": "c6621588-a058-488c-822e-a761f664bad5.png",
      "ascent": 8,
      "chars": [
        "ꐑ"
      ]
    },
    {
      "type": "space",
      "advances": {
        "": -1,
        "": -2,
        "": -4,
        "": -8,
        "": -16,
        "": -32,
        "": -64,
        "": -128,
        "": -256,
        "": -512,
        "": 1,
        "": 2,
        "": 4,
        "": 8,
        "": 16,
        "": 32,
        "": 64,
        "": 128,
        "": 256,
        "": 512
      }
    }
  ]
}